4/1/2025 0:00,LowWaveDn_Avg,HighWaveDn_Avg,NDVI_Avg,Battery Charge
4/1/2025 0:30,Watts/m2,Watts/m2,,V
4/1/2025 1:00,Avg,Avg,Avg,Min
4/1/2025 1:30,,,,
4/1/2025 2:00,,,,
4/1/2025 2:30,,,,
4/1/2025 3:00,,,,
4/1/2025 3:30,,,,
4/1/2025 4:00,,,,
4/1/2025 4:30,,,,
4/1/2025 5:00,,,,
4/1/2025 5:30,,,,
4/1/2025 6:00,,,,
4/1/2025 6:30,,,,
4/1/2025 7:00,,,,
4/1/2025 7:30,,,,
4/1/2025 8:00,,,,
4/1/2025 8:30,,,,
4/1/2025 9:00,,,,
4/1/2025 9:30,,,,
4/1/2025 10:00,,,,
4/1/2025 10:30,,,,
4/1/2025 11:00,,,,
4/1/2025 11:30,,,,
4/1/2025 12:00,,,,
4/1/2025 12:30,,,,
4/1/2025 13:00,,,,
4/1/2025 13:30,,,,
4/1/2025 14:00,,,,
4/1/2025 14:30,,,,
4/1/2025 15:00,,,,
4/1/2025 15:30,,,,
4/1/2025 16:00,,,,
4/1/2025 16:30,,,,
4/1/2025 17:00,,,,
4/1/2025 17:30,,,,
4/1/2025 18:00,,,,
4/1/2025 18:30,,,,
4/1/2025 19:00,,,,
4/1/2025 19:30,,,,
4/1/2025 20:00,,,,
4/1/2025 20:30,,,,
4/1/2025 21:00,,,,
4/1/2025 21:30,,,,
4/1/2025 22:00,,,,
4/1/2025 22:30,,,,
4/1/2025 23:00,,,,
4/1/2025 23:30,,,,
4/2/2025 0:00,,,,
4/2/2025 0:30,,,,
4/2/2025 1:00,,,,
4/2/2025 1:30,,,,
4/2/2025 2:00,,,,
4/2/2025 2:30,,,,
4/2/2025 3:00,,,,
4/2/2025 3:30,,,,
4/2/2025 4:00,,,,
4/2/2025 4:30,,,,
4/2/2025 5:00,,,,
4/2/2025 5:30,,,,
4/2/2025 6:00,,,,
4/2/2025 6:30,,,,
4/2/2025 7:00,,,,
4/2/2025 7:30,,,,
4/2/2025 8:00,,,,
4/2/2025 8:30,,,,
4/2/2025 9:00,,,,
4/2/2025 9:30,,,,
4/2/2025 10:00,,,,
4/2/2025 10:30,,,,
4/2/2025 11:00,,,,
4/2/2025 11:30,,,,
4/2/2025 12:00,,,,
4/2/2025 12:30,,,,
4/2/2025 13:00,,,,
4/2/2025 13:30,,,,
4/2/2025 14:00,,,,
4/2/2025 14:30,,,,
4/2/2025 15:00,,,,
4/2/2025 15:30,,,,
4/2/2025 16:00,,,,
4/2/2025 16:30,,,,
4/2/2025 17:00,,,,
4/2/2025 17:30,,,,
4/2/2025 18:00,,,,
4/2/2025 18:30,,,,
4/2/2025 19:00,,,,
4/2/2025 19:30,,,,
4/2/2025 20:00,,,,
4/2/2025 20:30,,,,
4/2/2025 21:00,,,,
4/2/2025 21:30,,,,
4/2/2025 22:00,,,,
4/2/2025 22:30,,,,
4/2/2025 23:00,,,,
4/2/2025 23:30,,,,
4/3/2025 0:00,,,,
4/3/2025 0:30,,,,
4/3/2025 1:00,,,,
4/3/2025 1:30,,,,
4/3/2025 2:00,,,,
4/3/2025 2:30,,,,
4/3/2025 3:00,,,,
4/3/2025 3:30,,,,
4/3/2025 4:00,,,,
4/3/2025 4:30,,,,
4/3/2025 5:00,,,,
4/3/2025 5:30,,,,
4/3/2025 6:00,,,,
4/3/2025 6:30,,,,
4/3/2025 7:00,,,,
4/3/2025 7:30,,,,
4/3/2025 8:00,,,,
4/3/2025 8:30,,,,
4/3/2025 9:00,,,,
4/3/2025 9:30,,,,
4/3/2025 10:00,,,,
4/3/2025 10:30,,,,
4/3/2025 11:00,,,,
4/3/2025 11:30,,,,
4/3/2025 12:00,,,,
4/3/2025 12:30,,,,
4/3/2025 13:00,,,,
4/3/2025 13:30,,,,
4/3/2025 14:00,,,,
4/3/2025 14:30,,,,
4/3/2025 15:00,,,,
4/3/2025 15:30,,,,
4/3/2025 16:00,,,,
4/3/2025 16:30,,,,
4/3/2025 17:00,,,,
4/3/2025 17:30,,,,
4/3/2025 18:00,,,,
4/3/2025 18:30,,,,
4/3/2025 19:00,,,,
4/3/2025 19:30,,,,
4/3/2025 20:00,,,,
4/3/2025 20:30,,,,
4/3/2025 21:00,,,,
4/3/2025 21:30,,,,
4/3/2025 22:00,,,,
4/3/2025 22:30,,,,
4/3/2025 23:00,,,,
4/3/2025 23:30,,,,
4/4/2025 0:00,,,,
4/4/2025 0:30,,,,
4/4/2025 1:00,,,,
4/4/2025 1:30,,,,
4/4/2025 2:00,,,,
4/4/2025 2:30,,,,
4/4/2025 3:00,,,,
4/4/2025 3:30,,,,
4/4/2025 4:00,,,,
4/4/2025 4:30,,,,
4/4/2025 5:00,,,,
4/4/2025 5:30,,,,
4/4/2025 6:00,,,,
4/4/2025 6:30,,,,
4/4/2025 7:00,,,,
4/4/2025 7:30,,,,
4/4/2025 8:00,,,,
4/4/2025 8:30,,,,
4/4/2025 9:00,,,,
4/4/2025 9:30,,,,
4/4/2025 10:00,,,,
4/4/2025 10:30,,,,
4/4/2025 11:00,,,,
4/4/2025 11:30,,,,
4/4/2025 12:00,,,,
4/4/2025 12:30,,,,
4/4/2025 13:00,,,,
4/4/2025 13:30,,,,
4/4/2025 14:00,,,,
4/4/2025 14:30,,,,
4/4/2025 15:00,,,,
4/4/2025 15:30,,,,
4/4/2025 16:00,,,,
4/4/2025 16:30,,,,
4/4/2025 17:00,,,,
4/4/2025 17:30,,,,
4/4/2025 18:00,,,,
4/4/2025 18:30,,,,
4/4/2025 19:00,,,,
4/4/2025 19:30,,,,
4/4/2025 20:00,,,,
4/4/2025 20:30,,,,
4/4/2025 21:00,,,,
4/4/2025 21:30,,,,
4/4/2025 22:00,,,,
4/4/2025 22:30,,,,
4/4/2025 23:00,,,,
4/4/2025 23:30,,,,
4/5/2025 0:00,,,,
4/5/2025 0:30,,,,
4/5/2025 1:00,,,,
4/5/2025 1:30,,,,
4/5/2025 2:00,,,,
4/5/2025 2:30,,,,
4/5/2025 3:00,,,,
4/5/2025 3:30,,,,
4/5/2025 4:00,,,,
4/5/2025 4:30,,,,
4/5/2025 5:00,,,,
4/5/2025 5:30,,,,
4/5/2025 6:00,,,,
4/5/2025 6:30,,,,
4/5/2025 7:00,,,,
4/5/2025 7:30,,,,
4/5/2025 8:00,,,,
4/5/2025 8:30,,,,
4/5/2025 9:00,,,,
4/5/2025 9:30,,,,
4/5/2025 10:00,,,,
4/5/2025 10:30,,,,
4/5/2025 11:00,,,,
4/5/2025 11:30,,,,
4/5/2025 12:00,,,,
4/5/2025 12:30,,,,
4/5/2025 13:00,,,,
4/5/2025 13:30,,,,
4/5/2025 14:00,,,,
4/5/2025 14:30,,,,
4/5/2025 15:00,,,,
4/5/2025 15:30,,,,
4/5/2025 16:00,,,,
4/5/2025 16:30,,,,
4/5/2025 17:00,,,,
4/5/2025 17:30,,,,
4/5/2025 18:00,,,,
4/5/2025 18:30,,,,
4/5/2025 19:00,,,,
4/5/2025 19:30,,,,
4/5/2025 20:00,,,,
4/5/2025 20:30,,,,
4/5/2025 21:00,,,,
4/5/2025 21:30,,,,
4/5/2025 22:00,,,,
4/5/2025 22:30,,,,
4/5/2025 23:00,,,,
4/5/2025 23:30,,,,
4/6/2025 0:00,,,,
4/6/2025 0:30,,,,
4/6/2025 1:00,,,,
4/6/2025 1:30,,,,
4/6/2025 2:00,,,,
4/6/2025 2:30,,,,
4/6/2025 3:00,,,,
4/6/2025 3:30,,,,
4/6/2025 4:00,,,,
4/6/2025 4:30,,,,
4/6/2025 5:00,,,,
4/6/2025 5:30,,,,
4/6/2025 6:00,,,,
4/6/2025 6:30,,,,
4/6/2025 7:00,,,,
4/6/2025 7:30,,,,
4/6/2025 8:00,,,,
4/6/2025 8:30,,,,
4/6/2025 9:00,,,,
4/6/2025 9:30,,,,
4/6/2025 10:00,,,,
4/6/2025 10:30,,,,
4/6/2025 11:00,,,,
4/6/2025 11:30,,,,
4/6/2025 12:00,,,,
4/6/2025 12:30,,,,
4/6/2025 13:00,,,,
4/6/2025 13:30,,,,
4/6/2025 14:00,,,,
4/6/2025 14:30,,,,
4/6/2025 15:00,,,,
4/6/2025 15:30,,,,
4/6/2025 16:00,,,,
4/6/2025 16:30,,,,
4/6/2025 17:00,,,,
4/6/2025 17:30,,,,
4/6/2025 18:00,,,,
4/6/2025 18:30,,,,
4/6/2025 19:00,,,,
4/6/2025 19:30,,,,
4/6/2025 20:00,,,,
4/6/2025 20:30,,,,
4/6/2025 21:00,,,,
4/6/2025 21:30,,,,
4/6/2025 22:00,,,,
4/6/2025 22:30,,,,
4/6/2025 23:00,,,,
4/6/2025 23:30,,,,
4/7/2025 0:00,,,,
4/7/2025 0:30,,,,
4/7/2025 1:00,,,,
4/7/2025 1:30,,,,
4/7/2025 2:00,,,,
4/7/2025 2:30,,,,
4/7/2025 3:00,,,,
4/7/2025 3:30,,,,
4/7/2025 4:00,,,,
4/7/2025 4:30,,,,
4/7/2025 5:00,,,,
4/7/2025 5:30,,,,
4/7/2025 6:00,,,,
4/7/2025 6:30,,,,
4/7/2025 7:00,,,,
4/7/2025 7:30,,,,
4/7/2025 8:00,,,,
4/7/2025 8:30,,,,
4/7/2025 9:00,,,,
4/7/2025 9:30,,,,
4/7/2025 10:00,,,,
4/7/2025 10:30,,,,
4/7/2025 11:00,,,,
4/7/2025 11:30,,,,
4/7/2025 12:00,,,,
4/7/2025 12:30,,,,
4/7/2025 13:00,,,,
4/7/2025 13:30,,,,
4/7/2025 14:00,,,,
4/7/2025 14:30,,,,
4/7/2025 15:00,,,,
4/7/2025 15:30,,,,
4/7/2025 16:00,,,,
4/7/2025 16:30,,,,
4/7/2025 17:00,,,,
4/7/2025 17:30,,,,
4/7/2025 18:00,,,,
4/7/2025 18:30,,,,
4/7/2025 19:00,,,,
4/7/2025 19:30,,,,
4/7/2025 20:00,,,,
4/7/2025 20:30,,,,
4/7/2025 21:00,,,,
4/7/2025 21:30,,,,
4/7/2025 22:00,,,,
4/7/2025 22:30,,,,
4/7/2025 23:00,,,,
4/7/2025 23:30,,,,
4/8/2025 0:00,,,,
4/8/2025 0:30,,,,
4/8/2025 1:00,,,,
4/8/2025 1:30,,,,
4/8/2025 2:00,,,,
4/8/2025 2:30,,,,
4/8/2025 3:00,,,,
4/8/2025 3:30,,,,
4/8/2025 4:00,,,,
4/8/2025 4:30,,,,
4/8/2025 5:00,,,,
4/8/2025 5:30,,,,
4/8/2025 6:00,,,,
4/8/2025 6:30,,,,
4/8/2025 7:00,,,,
4/8/2025 7:30,,,,
4/8/2025 8:00,,,,
4/8/2025 8:30,,,,
4/8/2025 9:00,,,,
4/8/2025 9:30,,,,
4/8/2025 10:00,,,,
4/8/2025 10:30,,,,
4/8/2025 11:00,,,,
4/8/2025 11:30,,,,
4/8/2025 12:00,,,,
4/8/2025 12:30,,,,
4/8/2025 13:00,,,,
4/8/2025 13:30,,,,
4/8/2025 14:00,,,,
4/8/2025 14:30,,,,
4/8/2025 15:00,,,,
4/8/2025 15:30,,,,
4/8/2025 16:00,,,,
4/8/2025 16:30,,,,
4/8/2025 17:00,,,,
4/8/2025 17:30,,,,
4/8/2025 18:00,,,,
4/8/2025 18:30,,,,
4/8/2025 19:00,,,,
4/8/2025 19:30,,,,
4/8/2025 20:00,,,,
4/8/2025 20:30,,,,
4/8/2025 21:00,,,,
4/8/2025 21:30,,,,
4/8/2025 22:00,,,,
4/8/2025 22:30,,,,
4/8/2025 23:00,,,,
4/8/2025 23:30,,,,
4/9/2025 0:00,,,,
4/9/2025 0:30,,,,
4/9/2025 1:00,,,,
4/9/2025 1:30,,,,
4/9/2025 2:00,,,,
4/9/2025 2:30,,,,
4/9/2025 3:00,,,,
4/9/2025 3:30,,,,
4/9/2025 4:00,,,,
4/9/2025 4:30,,,,
4/9/2025 5:00,,,,
4/9/2025 5:30,,,,
4/9/2025 6:00,,,,
4/9/2025 6:30,,,,
4/9/2025 7:00,,,,
4/9/2025 7:30,,,,
4/9/2025 8:00,,,,
4/9/2025 8:30,,,,
4/9/2025 9:00,,,,
4/9/2025 9:30,,,,
4/9/2025 10:00,,,,
4/9/2025 10:30,,,,
4/9/2025 11:00,,,,
4/9/2025 11:30,,,,
4/9/2025 12:00,,,,
4/9/2025 12:30,,,,
4/9/2025 13:00,,,,
4/9/2025 13:30,,,,
4/9/2025 14:00,,,,
4/9/2025 14:30,,,,
4/9/2025 15:00,,,,
4/9/2025 15:30,,,,
4/9/2025 16:00,,,,
4/9/2025 16:30,,,,
4/9/2025 17:00,,,,
4/9/2025 17:30,,,,
4/9/2025 18:00,,,,
4/9/2025 18:30,,,,
4/9/2025 19:00,,,,
4/9/2025 19:30,,,,
4/9/2025 20:00,,,,
4/9/2025 20:30,,,,
4/9/2025 21:00,,,,
4/9/2025 21:30,,,,
4/9/2025 22:00,,,,
4/9/2025 22:30,,,,
4/9/2025 23:00,,,,
4/9/2025 23:30,,,,
4/10/2025 0:00,,,,
4/10/2025 0:30,,,,
4/10/2025 1:00,,,,
4/10/2025 1:30,,,,
4/10/2025 2:00,,,,
4/10/2025 2:30,,,,
4/10/2025 3:00,,,,
4/10/2025 3:30,,,,
4/10/2025 4:00,,,,
4/10/2025 4:30,,,,
4/10/2025 5:00,,,,
4/10/2025 5:30,,,,
4/10/2025 6:00,,,,
4/10/2025 6:30,,,,
4/10/2025 7:00,,,,
4/10/2025 7:30,,,,
4/10/2025 8:00,,,,
4/10/2025 8:30,,,,
4/10/2025 9:00,,,,
4/10/2025 9:30,,,,
4/10/2025 10:00,,,,
4/10/2025 10:30,,,,
4/10/2025 11:00,,,,
4/10/2025 11:30,,,,
4/10/2025 12:00,,,,
4/10/2025 12:30,,,,
4/10/2025 13:00,,,,
4/10/2025 13:30,,,,
4/10/2025 14:00,,,,
4/10/2025 14:30,,,,
4/10/2025 15:00,,,,
4/10/2025 15:30,,,,
4/10/2025 16:00,,,,
4/10/2025 16:30,,,,
4/10/2025 17:00,,,,
4/10/2025 17:30,,,,
4/10/2025 18:00,,,,
4/10/2025 18:30,,,,
4/10/2025 19:00,,,,
4/10/2025 19:30,,,,
4/10/2025 20:00,,,,
4/10/2025 20:30,,,,
4/10/2025 21:00,,,,
4/10/2025 21:30,,,,
4/10/2025 22:00,,,,
4/10/2025 22:30,,,,
4/10/2025 23:00,,,,
4/10/2025 23:30,,,,
4/11/2025 0:00,,,,
4/11/2025 0:30,,,,
4/11/2025 1:00,,,,
4/11/2025 1:30,,,,
4/11/2025 2:00,,,,
4/11/2025 2:30,,,,
4/11/2025 3:00,,,,
4/11/2025 3:30,,,,
4/11/2025 4:00,,,,
4/11/2025 4:30,,,,
4/11/2025 5:00,,,,
4/11/2025 5:30,,,,
4/11/2025 6:00,,,,
4/11/2025 6:30,,,,
4/11/2025 7:00,,,,
4/11/2025 7:30,,,,
4/11/2025 8:00,,,,
4/11/2025 8:30,,,,
4/11/2025 9:00,,,,
4/11/2025 9:30,,,,
4/11/2025 10:00,,,,
4/11/2025 10:30,,,,
4/11/2025 11:00,,,,
4/11/2025 11:30,,,,
4/11/2025 12:00,,,,
4/11/2025 12:30,,,,
4/11/2025 13:00,,,,
4/11/2025 13:30,,,,
4/11/2025 14:00,,,,
4/11/2025 14:30,,,,
4/11/2025 15:00,,,,
4/11/2025 15:30,,,,
4/11/2025 16:00,,,,
4/11/2025 16:30,,,,
4/11/2025 17:00,,,,
4/11/2025 17:30,,,,
4/11/2025 18:00,,,,
4/11/2025 18:30,,,,
4/11/2025 19:00,,,,
4/11/2025 19:30,,,,
4/11/2025 20:00,,,,
4/11/2025 20:30,,,,
4/11/2025 21:00,,,,
4/11/2025 21:30,,,,
4/11/2025 22:00,,,,
4/11/2025 22:30,,,,
4/11/2025 23:00,,,,
4/11/2025 23:30,,,,
4/12/2025 0:00,,,,
4/12/2025 0:30,,,,
4/12/2025 1:00,,,,
4/12/2025 1:30,,,,
4/12/2025 2:00,,,,
4/12/2025 2:30,,,,
4/12/2025 3:00,,,,
4/12/2025 3:30,,,,
4/12/2025 4:00,,,,
4/12/2025 4:30,,,,
4/12/2025 5:00,,,,
4/12/2025 5:30,,,,
4/12/2025 6:00,,,,
4/12/2025 6:30,,,,
4/12/2025 7:00,,,,
4/12/2025 7:30,,,,
4/12/2025 8:00,,,,
4/12/2025 8:30,,,,
4/12/2025 9:00,,,,
4/12/2025 9:30,,,,
4/12/2025 10:00,,,,
4/12/2025 10:30,,,,
4/12/2025 11:00,,,,
4/12/2025 11:30,,,,
4/12/2025 12:00,,,,
4/12/2025 12:30,,,,
4/12/2025 13:00,,,,
4/12/2025 13:30,,,,
4/12/2025 14:00,,,,
4/12/2025 14:30,,,,
4/12/2025 15:00,,,,
4/12/2025 15:30,,,,
4/12/2025 16:00,,,,
4/12/2025 16:30,,,,
4/12/2025 17:00,,,,
4/12/2025 17:30,,,,
4/12/2025 18:00,,,,
4/12/2025 18:30,,,,
4/12/2025 19:00,,,,
4/12/2025 19:30,,,,
4/12/2025 20:00,,,,
4/12/2025 20:30,,,,
4/12/2025 21:00,,,,
4/12/2025 21:30,,,,
4/12/2025 22:00,,,,
4/12/2025 22:30,,,,
4/12/2025 23:00,,,,
4/12/2025 23:30,,,,
4/13/2025 0:00,,,,
4/13/2025 0:30,,,,
4/13/2025 1:00,,,,
4/13/2025 1:30,,,,
4/13/2025 2:00,,,,
4/13/2025 2:30,,,,
4/13/2025 3:00,,,,
4/13/2025 3:30,,,,
4/13/2025 4:00,,,,
4/13/2025 4:30,,,,
4/13/2025 5:00,,,,
4/13/2025 5:30,,,,
4/13/2025 6:00,,,,
4/13/2025 6:30,,,,
4/13/2025 7:00,,,,
4/13/2025 7:30,,,,
4/13/2025 8:00,,,,
4/13/2025 8:30,,,,
4/13/2025 9:00,,,,
4/13/2025 9:30,,,,
4/13/2025 10:00,,,,
4/13/2025 10:30,,,,
4/13/2025 11:00,,,,
4/13/2025 11:30,,,,
4/13/2025 12:00,,,,
4/13/2025 12:30,,,,
4/13/2025 13:00,,,,
4/13/2025 13:30,,,,
4/13/2025 14:00,,,,
4/13/2025 14:30,,,,
4/13/2025 15:00,,,,
4/13/2025 15:30,,,,
4/13/2025 16:00,,,,
4/13/2025 16:30,,,,
4/13/2025 17:00,,,,
4/13/2025 17:30,,,,
4/13/2025 18:00,,,,
4/13/2025 18:30,,,,
4/13/2025 19:00,,,,
4/13/2025 19:30,,,,
4/13/2025 20:00,,,,
4/13/2025 20:30,,,,
4/13/2025 21:00,,,,
4/13/2025 21:30,,,,
4/13/2025 22:00,,,,
4/13/2025 22:30,,,,
4/13/2025 23:00,,,,
4/13/2025 23:30,,,,
4/14/2025 0:00,,,,
4/14/2025 0:30,,,,
4/14/2025 1:00,,,,
4/14/2025 1:30,,,,
4/14/2025 2:00,,,,
4/14/2025 2:30,,,,
4/14/2025 3:00,,,,
4/14/2025 3:30,,,,
4/14/2025 4:00,,,,
4/14/2025 4:30,,,,
4/14/2025 5:00,,,,
4/14/2025 5:30,,,,
4/14/2025 6:00,,,,
4/14/2025 6:30,,,,
4/14/2025 7:00,,,,
4/14/2025 7:30,,,,
4/14/2025 8:00,,,,
4/14/2025 8:30,,,,
4/14/2025 9:00,,,,
4/14/2025 9:30,,,,
4/14/2025 10:00,,,,
4/14/2025 10:30,,,,
4/14/2025 11:00,,,,
4/14/2025 11:30,,,,
4/14/2025 12:00,,,,
4/14/2025 12:30,,,,
4/14/2025 13:00,,,,
4/14/2025 13:30,,,,
4/14/2025 14:00,,,,
4/14/2025 14:30,,,,
4/14/2025 15:00,,,,
4/14/2025 15:30,,,,
4/14/2025 16:00,,,,
4/14/2025 16:30,,,,
4/14/2025 17:00,,,,
4/14/2025 17:30,,,,
4/14/2025 18:00,,,,
4/14/2025 18:30,,,,
4/14/2025 19:00,,,,
4/14/2025 19:30,,,,
4/14/2025 20:00,,,,
4/14/2025 20:30,,,,
4/14/2025 21:00,,,,
4/14/2025 21:30,,,,
4/14/2025 22:00,,,,
4/14/2025 22:30,,,,
4/14/2025 23:00,,,,
4/14/2025 23:30,,,,
4/15/2025 0:00,,,,
4/15/2025 0:30,,,,
4/15/2025 1:00,,,,
4/15/2025 1:30,,,,
4/15/2025 2:00,,,,
4/15/2025 2:30,,,,
4/15/2025 3:00,,,,
4/15/2025 3:30,,,,
4/15/2025 4:00,,,,
4/15/2025 4:30,,,,
4/15/2025 5:00,,,,
4/15/2025 5:30,,,,
4/15/2025 6:00,,,,
4/15/2025 6:30,,,,
4/15/2025 7:00,,,,
4/15/2025 7:30,,,,
4/15/2025 8:00,,,,
4/15/2025 8:30,,,,
4/15/2025 9:00,,,,
4/15/2025 9:30,,,,
4/15/2025 10:00,,,,
4/15/2025 10:30,,,,
4/15/2025 11:00,,,,
4/15/2025 11:30,,,,
4/15/2025 12:00,,,,
4/15/2025 12:30,,,,
4/15/2025 13:00,,,,
4/15/2025 13:30,,,,
4/15/2025 14:00,,,,
4/15/2025 14:30,,,,
4/15/2025 15:00,,,,
4/15/2025 15:30,,,,
4/15/2025 16:00,,,,
4/15/2025 16:30,,,,
4/15/2025 17:00,,,,
4/15/2025 17:30,,,,
4/15/2025 18:00,,,,
4/15/2025 18:30,,,,
4/15/2025 19:00,,,,
4/15/2025 19:30,,,,
4/15/2025 20:00,,,,
4/15/2025 20:30,,,,
4/15/2025 21:00,,,,
4/15/2025 21:30,,,,
4/15/2025 22:00,,,,
4/15/2025 22:30,,,,
4/15/2025 23:00,,,,
4/15/2025 23:30,,,,
4/16/2025 0:00,,,,
4/16/2025 0:30,,,,
4/16/2025 1:00,,,,
4/16/2025 1:30,,,,
4/16/2025 2:00,,,,
4/16/2025 2:30,,,,
4/16/2025 3:00,,,,
4/16/2025 3:30,,,,
4/16/2025 4:00,,,,
4/16/2025 4:30,,,,
4/16/2025 5:00,,,,
4/16/2025 5:30,,,,
4/16/2025 6:00,,,,
4/16/2025 6:30,,,,
4/16/2025 7:00,,,,
4/16/2025 7:30,,,,
4/16/2025 8:00,,,,
4/16/2025 8:30,,,,
4/16/2025 9:00,,,,
4/16/2025 9:30,,,,
4/16/2025 10:00,,,,
4/16/2025 10:30,,,,
4/16/2025 11:00,,,,
4/16/2025 11:30,,,,
4/16/2025 12:00,,,,
4/16/2025 12:30,,,,
4/16/2025 13:00,,,,
4/16/2025 13:30,,,,
4/16/2025 14:00,,,,
4/16/2025 14:30,,,,
4/16/2025 15:00,,,,
4/16/2025 15:30,,,,
4/16/2025 16:00,,,,
4/16/2025 16:30,,,,
4/16/2025 17:00,,,,
4/16/2025 17:30,,,,
4/16/2025 18:00,,,,
4/16/2025 18:30,,,,
4/16/2025 19:00,,,,
4/16/2025 19:30,,,,
4/16/2025 20:00,,,,
4/16/2025 20:30,,,,
4/16/2025 21:00,,,,
4/16/2025 21:30,,,,
4/16/2025 22:00,,,,
4/16/2025 22:30,,,,
4/16/2025 23:00,,,,
4/16/2025 23:30,,,,
4/17/2025 0:00,,,,
4/17/2025 0:30,,,,
4/17/2025 1:00,,,,
4/17/2025 1:30,,,,
4/17/2025 2:00,,,,
4/17/2025 2:30,,,,
4/17/2025 3:00,,,,
4/17/2025 3:30,,,,
4/17/2025 4:00,,,,
4/17/2025 4:30,,,,
4/17/2025 5:00,,,,
4/17/2025 5:30,,,,
4/17/2025 6:00,,,,
4/17/2025 6:30,,,,
4/17/2025 7:00,,,,
4/17/2025 7:30,,,,
4/17/2025 8:00,,,,
4/17/2025 8:30,,,,
4/17/2025 9:00,,,,
4/17/2025 9:30,,,,
4/17/2025 10:00,,,,
4/17/2025 10:30,,,,
4/17/2025 11:00,,,,
4/17/2025 11:30,,,,
4/17/2025 12:00,,,,
4/17/2025 12:30,,,,
4/17/2025 13:00,,,,
4/17/2025 13:30,,,,
4/17/2025 14:00,,,,
4/17/2025 14:30,,,,
4/17/2025 15:00,,,,
4/17/2025 15:30,,,,
4/17/2025 16:00,,,,
4/17/2025 16:30,,,,
4/17/2025 17:00,,,,
4/17/2025 17:30,,,,
4/17/2025 18:00,,,,
4/17/2025 18:30,,,,
4/17/2025 19:00,,,,
4/17/2025 19:30,,,,
4/17/2025 20:00,,,,
4/17/2025 20:30,,,,
4/17/2025 21:00,,,,
4/17/2025 21:30,,,,
4/17/2025 22:00,,,,
4/17/2025 22:30,,,,
4/17/2025 23:00,,,,
4/17/2025 23:30,,,,
4/18/2025 0:00,,,,
4/18/2025 0:30,,,,
4/18/2025 1:00,,,,
4/18/2025 1:30,,,,
4/18/2025 2:00,,,,
4/18/2025 2:30,,,,
4/18/2025 3:00,,,,
4/18/2025 3:30,,,,
4/18/2025 4:00,,,,
4/18/2025 4:30,,,,
4/18/2025 5:00,,,,
4/18/2025 5:30,,,,
4/18/2025 6:00,,,,
4/18/2025 6:30,,,,
4/18/2025 7:00,,,,
4/18/2025 7:30,,,,
4/18/2025 8:00,,,,
4/18/2025 8:30,,,,
4/18/2025 9:00,,,,
4/18/2025 9:30,,,,
4/18/2025 10:00,,,,
4/18/2025 10:30,,,,
4/18/2025 11:00,,,,
4/18/2025 11:30,,,,
4/18/2025 12:00,,,,
4/18/2025 12:30,,,,
4/18/2025 13:00,,,,
4/18/2025 13:30,,,,
4/18/2025 14:00,,,,
4/18/2025 14:30,,,,
4/18/2025 15:00,,,,
4/18/2025 15:30,,,,
4/18/2025 16:00,,,,
4/18/2025 16:30,,,,
4/18/2025 17:00,,,,
4/18/2025 17:30,,,,
4/18/2025 18:00,,,,
4/18/2025 18:30,,,,
4/18/2025 19:00,,,,
4/18/2025 19:30,,,,
4/18/2025 20:00,,,,
4/18/2025 20:30,,,,
4/18/2025 21:00,,,,
4/18/2025 21:30,,,,
4/18/2025 22:00,,,,
4/18/2025 22:30,,,,
4/18/2025 23:00,,,,
4/18/2025 23:30,,,,
4/19/2025 0:00,,,,
4/19/2025 0:30,,,,
4/19/2025 1:00,,,,
4/19/2025 1:30,,,,
4/19/2025 2:00,,,,
4/19/2025 2:30,,,,
4/19/2025 3:00,,,,
4/19/2025 3:30,,,,
4/19/2025 4:00,,,,
4/19/2025 4:30,,,,
4/19/2025 5:00,,,,
4/19/2025 5:30,,,,
4/19/2025 6:00,,,,
4/19/2025 6:30,,,,
4/19/2025 7:00,,,,
4/19/2025 7:30,,,,
4/19/2025 8:00,,,,
4/19/2025 8:30,,,,
4/19/2025 9:00,,,,
4/19/2025 9:30,,,,
4/19/2025 10:00,,,,
4/19/2025 10:30,,,,
4/19/2025 11:00,,,,
4/19/2025 11:30,,,,
4/19/2025 12:00,,,,
4/19/2025 12:30,,,,
4/19/2025 13:00,,,,
4/19/2025 13:30,,,,
4/19/2025 14:00,,,,
4/19/2025 14:30,,,,
4/19/2025 15:00,,,,
4/19/2025 15:30,,,,
4/19/2025 16:00,,,,
4/19/2025 16:30,,,,
4/19/2025 17:00,,,,
4/19/2025 17:30,,,,
4/19/2025 18:00,,,,
4/19/2025 18:30,,,,
4/19/2025 19:00,,,,
4/19/2025 19:30,,,,
4/19/2025 20:00,,,,
4/19/2025 20:30,,,,
4/19/2025 21:00,,,,
4/19/2025 21:30,,,,
4/19/2025 22:00,,,,
4/19/2025 22:30,,,,
4/19/2025 23:00,,,,
4/19/2025 23:30,,,,
4/20/2025 0:00,,,,
4/20/2025 0:30,,,,
4/20/2025 1:00,,,,
4/20/2025 1:30,,,,
4/20/2025 2:00,,,,
4/20/2025 2:30,,,,
4/20/2025 3:00,,,,
4/20/2025 3:30,,,,
4/20/2025 4:00,,,,
4/20/2025 4:30,,,,
4/20/2025 5:00,,,,
4/20/2025 5:30,,,,
4/20/2025 6:00,,,,
4/20/2025 6:30,,,,
4/20/2025 7:00,,,,
4/20/2025 7:30,,,,
4/20/2025 8:00,,,,
4/20/2025 8:30,,,,
4/20/2025 9:00,,,,
4/20/2025 9:30,,,,
4/20/2025 10:00,,,,
4/20/2025 10:30,,,,
4/20/2025 11:00,,,,
4/20/2025 11:30,,,,
4/20/2025 12:00,,,,
4/20/2025 12:30,,,,
4/20/2025 13:00,,,,
4/20/2025 13:30,,,,
4/20/2025 14:00,,,,
4/20/2025 14:30,,,,
4/20/2025 15:00,,,,
4/20/2025 15:30,,,,
4/20/2025 16:00,,,,
4/20/2025 16:30,,,,
4/20/2025 17:00,,,,
4/20/2025 17:30,,,,
4/20/2025 18:00,,,,
4/20/2025 18:30,,,,
4/20/2025 19:00,,,,
4/20/2025 19:30,,,,
4/20/2025 20:00,,,,
4/20/2025 20:30,,,,
4/20/2025 21:00,,,,
4/20/2025 21:30,,,,
4/20/2025 22:00,,,,
4/20/2025 22:30,,,,
4/20/2025 23:00,,,,
4/20/2025 23:30,,,,
4/21/2025 0:00,,,,
4/21/2025 0:30,,,,
4/21/2025 1:00,,,,
4/21/2025 1:30,,,,
4/21/2025 2:00,,,,
4/21/2025 2:30,,,,
4/21/2025 3:00,,,,
4/21/2025 3:30,,,,
4/21/2025 4:00,,,,
4/21/2025 4:30,,,,
4/21/2025 5:00,,,,
4/21/2025 5:30,,,,
4/21/2025 6:00,,,,
4/21/2025 6:30,,,,
4/21/2025 7:00,,,,
4/21/2025 7:30,,,,
4/21/2025 8:00,,,,
4/21/2025 8:30,,,,
4/21/2025 9:00,,,,
4/21/2025 9:30,,,,
4/21/2025 10:00,,,,
4/21/2025 10:30,,,,
4/21/2025 11:00,,,,
4/21/2025 11:30,,,,
4/21/2025 12:00,,,,
4/21/2025 12:30,,,,
4/21/2025 13:00,,,,
4/21/2025 13:30,,,,
4/21/2025 14:00,,,,
4/21/2025 14:30,,,,
4/21/2025 15:00,,,,
4/21/2025 15:30,,,,
4/21/2025 16:00,,,,
4/21/2025 16:30,,,,
4/21/2025 17:00,,,,
4/21/2025 17:30,,,,
4/21/2025 18:00,,,,
4/21/2025 18:30,,,,
4/21/2025 19:00,,,,
4/21/2025 19:30,,,,
4/21/2025 20:00,,,,
4/21/2025 20:30,,,,
4/21/2025 21:00,,,,
4/21/2025 21:30,,,,
4/21/2025 22:00,,,,
4/21/2025 22:30,,,,
4/21/2025 23:00,,,,
4/21/2025 23:30,,,,
4/22/2025 0:00,,,,
4/22/2025 0:30,,,,
4/22/2025 1:00,,,,
4/22/2025 1:30,,,,
4/22/2025 2:00,,,,
4/22/2025 2:30,,,,
4/22/2025 3:00,,,,
4/22/2025 3:30,,,,
4/22/2025 4:00,,,,
4/22/2025 4:30,,,,
4/22/2025 5:00,,,,
4/22/2025 5:30,,,,
4/22/2025 6:00,,,,
4/22/2025 6:30,,,,
4/22/2025 7:00,,,,
4/22/2025 7:30,,,,
4/22/2025 8:00,,,,
4/22/2025 8:30,,,,
4/22/2025 9:00,,,,
4/22/2025 9:30,,,,
4/22/2025 10:00,,,,
4/22/2025 10:30,,,,
4/22/2025 11:00,,,,
4/22/2025 11:30,,,,
4/22/2025 12:00,,,,
4/22/2025 12:30,,,,
4/22/2025 13:00,,,,
4/22/2025 13:30,,,,
4/22/2025 14:00,,,,
4/22/2025 14:30,,,,
4/22/2025 15:00,,,,
4/22/2025 15:30,,,,
4/22/2025 16:00,,,,
4/22/2025 16:30,,,,
4/22/2025 17:00,,,,
4/22/2025 17:30,,,,
4/22/2025 18:00,,,,
4/22/2025 18:30,,,,
4/22/2025 19:00,,,,
4/22/2025 19:30,,,,
4/22/2025 20:00,,,,
4/22/2025 20:30,,,,
4/22/2025 21:00,,,,
4/22/2025 21:30,,,,
4/22/2025 22:00,,,,
4/22/2025 22:30,,,,
4/22/2025 23:00,,,,
4/22/2025 23:30,,,,
4/23/2025 0:00,,,,
4/23/2025 0:30,,,,
4/23/2025 1:00,,,,
4/23/2025 1:30,,,,
4/23/2025 2:00,,,,
4/23/2025 2:30,,,,
4/23/2025 3:00,,,,
4/23/2025 3:30,,,,
4/23/2025 4:00,,,,
4/23/2025 4:30,,,,
4/23/2025 5:00,,,,
4/23/2025 5:30,,,,
4/23/2025 6:00,,,,
4/23/2025 6:30,,,,
4/23/2025 7:00,,,,
4/23/2025 7:30,,,,
4/23/2025 8:00,,,,
4/23/2025 8:30,,,,
4/23/2025 9:00,,,,
4/23/2025 9:30,,,,
4/23/2025 10:00,,,,
4/23/2025 10:30,,,,
4/23/2025 11:00,,,,
4/23/2025 11:30,,,,
4/23/2025 12:00,,,,
4/23/2025 12:30,,,,
4/23/2025 13:00,,,,
4/23/2025 13:30,,,,
4/23/2025 14:00,,,,
4/23/2025 14:30,,,,
4/23/2025 15:00,,,,
4/23/2025 15:30,,,,
4/23/2025 16:00,,,,
4/23/2025 16:30,,,,
4/23/2025 17:00,,,,
4/23/2025 17:30,,,,
4/23/2025 18:00,,,,
4/23/2025 18:30,,,,
4/23/2025 19:00,,,,
4/23/2025 19:30,,,,
4/23/2025 20:00,,,,
4/23/2025 20:30,,,,
4/23/2025 21:00,,,,
4/23/2025 21:30,,,,
4/23/2025 22:00,,,,
4/23/2025 22:30,,,,
4/23/2025 23:00,,,,
4/23/2025 23:30,,,,
4/24/2025 0:00,,,,
4/24/2025 0:30,,,,
4/24/2025 1:00,,,,
4/24/2025 1:30,,,,
4/24/2025 2:00,,,,
4/24/2025 2:30,,,,
4/24/2025 3:00,,,,
4/24/2025 3:30,,,,
4/24/2025 4:00,,,,
4/24/2025 4:30,,,,
4/24/2025 5:00,,,,
4/24/2025 5:30,,,,
4/24/2025 6:00,,,,
4/24/2025 6:30,,,,
4/24/2025 7:00,,,,
4/24/2025 7:30,,,,
4/24/2025 8:00,,,,
4/24/2025 8:30,,,,
4/24/2025 9:00,,,,
4/24/2025 9:30,,,,
4/24/2025 10:00,,,,
4/24/2025 10:30,,,,
4/24/2025 11:00,,,,
4/24/2025 11:30,,,,
4/24/2025 12:00,,,,
4/24/2025 12:30,,,,
4/24/2025 13:00,,,,
4/24/2025 13:30,,,,
4/24/2025 14:00,,,,
4/24/2025 14:30,,,,
4/24/2025 15:00,,,,
4/24/2025 15:30,,,,
4/24/2025 16:00,,,,
4/24/2025 16:30,,,,
4/24/2025 17:00,,,,
4/24/2025 17:30,,,,
4/24/2025 18:00,,,,
4/24/2025 18:30,,,,
4/24/2025 19:00,,,,
4/24/2025 19:30,,,,
4/24/2025 20:00,,,,
4/24/2025 20:30,,,,
4/24/2025 21:00,,,,
4/24/2025 21:30,,,,
4/24/2025 22:00,,,,
4/24/2025 22:30,,,,
4/24/2025 23:00,,,,
4/24/2025 23:30,,,,
4/25/2025 0:00,,,,
4/25/2025 0:30,,,,
4/25/2025 1:00,,,,
4/25/2025 1:30,,,,
4/25/2025 2:00,,,,
4/25/2025 2:30,,,,
4/25/2025 3:00,,,,
4/25/2025 3:30,,,,
4/25/2025 4:00,,,,
4/25/2025 4:30,,,,
4/25/2025 5:00,,,,
4/25/2025 5:30,,,,
4/25/2025 6:00,,,,
4/25/2025 6:30,,,,
4/25/2025 7:00,,,,
4/25/2025 7:30,,,,
4/25/2025 8:00,,,,
4/25/2025 8:30,,,,
4/25/2025 9:00,,,,
4/25/2025 9:30,,,,
4/25/2025 10:00,,,,
4/25/2025 10:30,,,,
4/25/2025 11:00,,,,
4/25/2025 11:30,,,,
4/25/2025 12:00,,,,
4/25/2025 12:30,,,,
4/25/2025 13:00,,,,
4/25/2025 13:30,,,,
4/25/2025 14:00,,,,
4/25/2025 14:30,,,,
4/25/2025 15:00,,,,
4/25/2025 15:30,,,,
4/25/2025 16:00,,,,
4/25/2025 16:30,,,,
4/25/2025 17:00,,,,
4/25/2025 17:30,,,,
4/25/2025 18:00,,,,
4/25/2025 18:30,,,,
4/25/2025 19:00,,,,
4/25/2025 19:30,,,,
4/25/2025 20:00,,,,
4/25/2025 20:30,,,,
4/25/2025 21:00,,,,
4/25/2025 21:30,,,,
4/25/2025 22:00,,,,
4/25/2025 22:30,,,,
4/25/2025 23:00,,,,
4/25/2025 23:30,,,,
4/26/2025 0:00,,,,
4/26/2025 0:30,,,,
4/26/2025 1:00,,,,
4/26/2025 1:30,,,,
4/26/2025 2:00,,,,
4/26/2025 2:30,,,,
4/26/2025 3:00,,,,
4/26/2025 3:30,,,,
4/26/2025 4:00,,,,
4/26/2025 4:30,,,,
4/26/2025 5:00,,,,
4/26/2025 5:30,,,,
4/26/2025 6:00,,,,
4/26/2025 6:30,,,,
4/26/2025 7:00,,,,
4/26/2025 7:30,,,,
4/26/2025 8:00,,,,
4/26/2025 8:30,,,,
4/26/2025 9:00,,,,
4/26/2025 9:30,,,,
4/26/2025 10:00,,,,
4/26/2025 10:30,,,,
4/26/2025 11:00,,,,
4/26/2025 11:30,,,,
4/26/2025 12:00,,,,
4/26/2025 12:30,,,,
4/26/2025 13:00,,,,
4/26/2025 13:30,,,,
4/26/2025 14:00,,,,
4/26/2025 14:30,,,,
4/26/2025 15:00,,,,
4/26/2025 15:30,,,,
4/26/2025 16:00,,,,
4/26/2025 16:30,,,,
4/26/2025 17:00,,,,
4/26/2025 17:30,,,,
4/26/2025 18:00,,,,
4/26/2025 18:30,,,,
4/26/2025 19:00,,,,
4/26/2025 19:30,,,,
4/26/2025 20:00,,,,
4/26/2025 20:30,,,,
4/26/2025 21:00,,,,
4/26/2025 21:30,,,,
4/26/2025 22:00,,,,
4/26/2025 22:30,,,,
4/26/2025 23:00,,,,
4/26/2025 23:30,,,,
4/27/2025 0:00,,,,
4/27/2025 0:30,,,,
4/27/2025 1:00,,,,
4/27/2025 1:30,,,,
4/27/2025 2:00,,,,
4/27/2025 2:30,,,,
4/27/2025 3:00,,,,
4/27/2025 3:30,,,,
4/27/2025 4:00,,,,
4/27/2025 4:30,,,,
4/27/2025 5:00,,,,
4/27/2025 5:30,,,,
4/27/2025 6:00,,,,
4/27/2025 6:30,,,,
4/27/2025 7:00,,,,
4/27/2025 7:30,,,,
4/27/2025 8:00,,,,
4/27/2025 8:30,,,,
4/27/2025 9:00,,,,
4/27/2025 9:30,,,,
4/27/2025 10:00,,,,
4/27/2025 10:30,,,,
4/27/2025 11:00,,,,
4/27/2025 11:30,,,,
4/27/2025 12:00,,,,
4/27/2025 12:30,,,,
4/27/2025 13:00,,,,
4/27/2025 13:30,,,,
4/27/2025 14:00,,,,
4/27/2025 14:30,,,,
4/27/2025 15:00,,,,
4/27/2025 15:30,,,,
4/27/2025 16:00,,,,
4/27/2025 16:30,,,,
4/27/2025 17:00,,,,
4/27/2025 17:30,,,,
4/27/2025 18:00,,,,
4/27/2025 18:30,,,,
4/27/2025 19:00,,,,
4/27/2025 19:30,,,,
4/27/2025 20:00,,,,
4/27/2025 20:30,,,,
4/27/2025 21:00,,,,
4/27/2025 21:30,,,,
4/27/2025 22:00,,,,
4/27/2025 22:30,,,,
4/27/2025 23:00,,,,
4/27/2025 23:30,,,,
4/28/2025 0:00,,,,
4/28/2025 0:30,,,,
4/28/2025 1:00,,,,
4/28/2025 1:30,,,,
4/28/2025 2:00,,,,
4/28/2025 2:30,,,,
4/28/2025 3:00,,,,
4/28/2025 3:30,,,,
4/28/2025 4:00,,,,
4/28/2025 4:30,,,,
4/28/2025 5:00,,,,
4/28/2025 5:30,,,,
4/28/2025 6:00,,,,
4/28/2025 6:30,,,,
4/28/2025 7:00,,,,
4/28/2025 7:30,,,,
4/28/2025 8:00,,,,
4/28/2025 8:30,,,,
4/28/2025 9:00,,,,
4/28/2025 9:30,,,,
4/28/2025 10:00,,,,
4/28/2025 10:30,,,,
4/28/2025 11:00,,,,
4/28/2025 11:30,,,,
4/28/2025 12:00,,,,
4/28/2025 12:30,,,,
4/28/2025 13:00,,,,
4/28/2025 13:30,,,,
4/28/2025 14:00,,,,
4/28/2025 14:30,,,,
4/28/2025 15:00,,,,
4/28/2025 15:30,,,,
4/28/2025 16:00,,,,
4/28/2025 16:30,,,,
4/28/2025 17:00,,,,
4/28/2025 17:30,,,,
4/28/2025 18:00,,,,
4/28/2025 18:30,,,,
4/28/2025 19:00,,,,
4/28/2025 19:30,,,,
4/28/2025 20:00,,,,
4/28/2025 20:30,,,,
4/28/2025 21:00,,,,
4/28/2025 21:30,,,,
4/28/2025 22:00,,,,
4/28/2025 22:30,,,,
4/28/2025 23:00,,,,
4/28/2025 23:30,,,,
4/29/2025 0:00,,,,
4/29/2025 0:30,,,,
4/29/2025 1:00,,,,
4/29/2025 1:30,,,,
4/29/2025 2:00,,,,
4/29/2025 2:30,,,,
4/29/2025 3:00,,,,
4/29/2025 3:30,,,,
4/29/2025 4:00,,,,
4/29/2025 4:30,,,,
4/29/2025 5:00,,,,
4/29/2025 5:30,,,,
4/29/2025 6:00,,,,
4/29/2025 6:30,,,,
4/29/2025 7:00,,,,
4/29/2025 7:30,,,,
4/29/2025 8:00,,,,
4/29/2025 8:30,,,,
4/29/2025 9:00,,,,
4/29/2025 9:30,,,,
4/29/2025 10:00,,,,
4/29/2025 10:30,,,,
4/29/2025 11:00,,,,
4/29/2025 11:30,,,,
4/29/2025 12:00,,,,
4/29/2025 12:30,,,,
4/29/2025 13:00,,,,
4/29/2025 13:30,,,,
4/29/2025 14:00,,,,
4/29/2025 14:30,,,,
4/29/2025 15:00,,,,
4/29/2025 15:30,,,,
4/29/2025 16:00,,,,
4/29/2025 16:30,,,,
4/29/2025 17:00,,,,
4/29/2025 17:30,,,,
4/29/2025 18:00,,,,
4/29/2025 18:30,,,,
4/29/2025 19:00,,,,
4/29/2025 19:30,,,,
4/29/2025 20:00,,,,
4/29/2025 20:30,,,,
4/29/2025 21:00,,,,
4/29/2025 21:30,,,,
4/29/2025 22:00,,,,
4/29/2025 22:30,,,,
4/29/2025 23:00,,,,
4/29/2025 23:30,,,,
4/30/2025 0:00,,,,
4/30/2025 0:30,,,,
4/30/2025 1:00,,,,
4/30/2025 1:30,,,,
4/30/2025 2:00,,,,
4/30/2025 2:30,,,,
4/30/2025 3:00,,,,
4/30/2025 3:30,,,,
4/30/2025 4:00,,,,
4/30/2025 4:30,,,,
4/30/2025 5:00,,,,
4/30/2025 5:30,,,,
4/30/2025 6:00,,,,
4/30/2025 6:30,,,,
4/30/2025 7:00,,,,
4/30/2025 7:30,,,,
4/30/2025 8:00,,,,
4/30/2025 8:30,,,,
4/30/2025 9:00,,,,
4/30/2025 9:30,,,,
4/30/2025 10:00,,,,
4/30/2025 10:30,,,,
4/30/2025 11:00,,,,
4/30/2025 11:30,,,,
4/30/2025 12:00,,,,
4/30/2025 12:30,,,,
4/30/2025 13:00,,,,
4/30/2025 13:30,,,,
4/30/2025 14:00,,,,
4/30/2025 14:30,,,,
4/30/2025 15:00,,,,
4/30/2025 15:30,,,,
4/30/2025 16:00,,,,
4/30/2025 16:30,,,,
4/30/2025 17:00,,,,
4/30/2025 17:30,,,,
4/30/2025 18:00,,,,
4/30/2025 18:30,,,,
4/30/2025 19:00,,,,
4/30/2025 19:30,,,,
4/30/2025 20:00,,,,
4/30/2025 20:30,,,,
4/30/2025 21:00,,,,
4/30/2025 21:30,,,,
4/30/2025 22:00,,,,
4/30/2025 22:30,,,,
4/30/2025 23:00,,,,
4/30/2025 23:30,,,,
5/1/2025 0:00,,,,
5/1/2025 0:30,,,,
5/1/2025 1:00,,,,
5/1/2025 1:30,,,,
5/1/2025 2:00,,,,
5/1/2025 2:30,,,,
5/1/2025 3:00,,,,
5/1/2025 3:30,,,,
5/1/2025 4:00,,,,
5/1/2025 4:30,,,,
5/1/2025 5:00,,,,
5/1/2025 5:30,,,,
5/1/2025 6:00,,,,
5/1/2025 6:30,,,,
5/1/2025 7:00,,,,
5/1/2025 7:30,,,,
5/1/2025 8:00,,,,
5/1/2025 8:30,,,,
5/1/2025 9:00,,,,
5/1/2025 9:30,,,,
5/1/2025 10:00,,,,
5/1/2025 10:30,,,,
5/1/2025 11:00,,,,
5/1/2025 11:30,,,,
5/1/2025 12:00,,,,
5/1/2025 12:30,,,,
5/1/2025 13:00,,,,
5/1/2025 13:30,,,,
5/1/2025 14:00,,,,
5/1/2025 14:30,,,,
5/1/2025 15:00,,,,
5/1/2025 15:30,,,,
5/1/2025 16:00,,,,
5/1/2025 16:30,,,,
5/1/2025 17:00,,,,
5/1/2025 17:30,,,,
5/1/2025 18:00,,,,
5/1/2025 18:30,,,,
5/1/2025 19:00,,,,
5/1/2025 19:30,,,,
5/1/2025 20:00,,,,
5/1/2025 20:30,,,,
5/1/2025 21:00,,,,
5/1/2025 21:30,,,,
5/1/2025 22:00,,,,
5/1/2025 22:30,,,,
5/1/2025 23:00,,,,
5/1/2025 23:30,,,,
5/2/2025 0:00,,,,
5/2/2025 0:30,,,,
5/2/2025 1:00,,,,
5/2/2025 1:30,,,,
5/2/2025 2:00,,,,
5/2/2025 2:30,,,,
5/2/2025 3:00,,,,
5/2/2025 3:30,,,,
5/2/2025 4:00,,,,
5/2/2025 4:30,,,,
5/2/2025 5:00,,,,
5/2/2025 5:30,,,,
5/2/2025 6:00,,,,
5/2/2025 6:30,,,,
5/2/2025 7:00,,,,
5/2/2025 7:30,,,,
5/2/2025 8:00,,,,
5/2/2025 8:30,,,,
5/2/2025 9:00,,,,
5/2/2025 9:30,,,,
5/2/2025 10:00,,,,
5/2/2025 10:30,,,,
5/2/2025 11:00,,,,
5/2/2025 11:30,,,,
5/2/2025 12:00,,,,
5/2/2025 12:30,,,,
5/2/2025 13:00,,,,
5/2/2025 13:30,,,,
5/2/2025 14:00,,,,
5/2/2025 14:30,,,,
5/2/2025 15:00,,,,
5/2/2025 15:30,,,,
5/2/2025 16:00,,,,
5/2/2025 16:30,,,,
5/2/2025 17:00,,,,
5/2/2025 17:30,,,,
5/2/2025 18:00,,,,
5/2/2025 18:30,,,,
5/2/2025 19:00,,,,
5/2/2025 19:30,,,,
5/2/2025 20:00,,,,
5/2/2025 20:30,,,,
5/2/2025 21:00,,,,
5/2/2025 21:30,,,,
5/2/2025 22:00,,,,
5/2/2025 22:30,,,,
5/2/2025 23:00,,,,
5/2/2025 23:30,,,,
5/3/2025 0:00,,,,
5/3/2025 0:30,,,,
5/3/2025 1:00,,,,
5/3/2025 1:30,,,,
5/3/2025 2:00,,,,
5/3/2025 2:30,,,,
5/3/2025 3:00,,,,
5/3/2025 3:30,,,,
5/3/2025 4:00,,,,
5/3/2025 4:30,,,,
5/3/2025 5:00,,,,
5/3/2025 5:30,,,,
5/3/2025 6:00,,,,
5/3/2025 6:30,,,,
5/3/2025 7:00,,,,
5/3/2025 7:30,,,,
5/3/2025 8:00,,,,
5/3/2025 8:30,,,,
5/3/2025 9:00,,,,
5/3/2025 9:30,,,,
5/3/2025 10:00,,,,
5/3/2025 10:30,,,,
5/3/2025 11:00,,,,
5/3/2025 11:30,,,,
5/3/2025 12:00,,,,
5/3/2025 12:30,,,,
5/3/2025 13:00,,,,
5/3/2025 13:30,,,,
5/3/2025 14:00,,,,
5/3/2025 14:30,,,,
5/3/2025 15:00,,,,
5/3/2025 15:30,,,,
5/3/2025 16:00,,,,
5/3/2025 16:30,,,,
5/3/2025 17:00,,,,
5/3/2025 17:30,,,,
5/3/2025 18:00,,,,
5/3/2025 18:30,,,,
5/3/2025 19:00,,,,
5/3/2025 19:30,,,,
5/3/2025 20:00,,,,
5/3/2025 20:30,,,,
5/3/2025 21:00,,,,
5/3/2025 21:30,,,,
5/3/2025 22:00,,,,
5/3/2025 22:30,,,,
5/3/2025 23:00,,,,
5/3/2025 23:30,,,,
5/4/2025 0:00,,,,
5/4/2025 0:30,,,,
5/4/2025 1:00,,,,
5/4/2025 1:30,,,,
5/4/2025 2:00,,,,
5/4/2025 2:30,,,,
5/4/2025 3:00,,,,
5/4/2025 3:30,,,,
5/4/2025 4:00,,,,
5/4/2025 4:30,,,,
5/4/2025 5:00,,,,
5/4/2025 5:30,,,,
5/4/2025 6:00,,,,
5/4/2025 6:30,,,,
5/4/2025 7:00,,,,
5/4/2025 7:30,,,,
5/4/2025 8:00,,,,
5/4/2025 8:30,,,,
5/4/2025 9:00,,,,
5/4/2025 9:30,,,,
5/4/2025 10:00,,,,
5/4/2025 10:30,,,,
5/4/2025 11:00,,,,
5/4/2025 11:30,,,,
5/4/2025 12:00,,,,
5/4/2025 12:30,,,,
5/4/2025 13:00,,,,
5/4/2025 13:30,,,,
5/4/2025 14:00,,,,
5/4/2025 14:30,,,,
5/4/2025 15:00,,,,
5/4/2025 15:30,,,,
5/4/2025 16:00,,,,
5/4/2025 16:30,,,,
5/4/2025 17:00,,,,
5/4/2025 17:30,,,,
5/4/2025 18:00,,,,
5/4/2025 18:30,,,,
5/4/2025 19:00,,,,
5/4/2025 19:30,,,,
5/4/2025 20:00,,,,
5/4/2025 20:30,,,,
5/4/2025 21:00,,,,
5/4/2025 21:30,,,,
5/4/2025 22:00,,,,
5/4/2025 22:30,,,,
5/4/2025 23:00,,,,
5/4/2025 23:30,,,,
5/5/2025 0:00,,,,
5/5/2025 0:30,,,,
5/5/2025 1:00,,,,
5/5/2025 1:30,,,,
5/5/2025 2:00,,,,
5/5/2025 2:30,,,,
5/5/2025 3:00,,,,
5/5/2025 3:30,,,,
5/5/2025 4:00,,,,
5/5/2025 4:30,,,,
5/5/2025 5:00,,,,
5/5/2025 5:30,,,,
5/5/2025 6:00,,,,
5/5/2025 6:30,,,,
5/5/2025 7:00,,,,
5/5/2025 7:30,,,,
5/5/2025 8:00,,,,
5/5/2025 8:30,,,,
5/5/2025 9:00,,,,
5/5/2025 9:30,,,,
5/5/2025 10:00,,,,
5/5/2025 10:30,,,,
5/5/2025 11:00,,,,
5/5/2025 11:30,,,,
5/5/2025 12:00,,,,
5/5/2025 12:30,,,,
5/5/2025 13:00,,,,
5/5/2025 13:30,,,,
5/5/2025 14:00,,,,
5/5/2025 14:30,,,,
5/5/2025 15:00,,,,
5/5/2025 15:30,,,,
5/5/2025 16:00,,,,
5/5/2025 16:30,,,,
5/5/2025 17:00,,,,
5/5/2025 17:30,,,,
5/5/2025 18:00,,,,
5/5/2025 18:30,,,,
5/5/2025 19:00,,,,
5/5/2025 19:30,,,,
5/5/2025 20:00,,,,
5/5/2025 20:30,,,,
5/5/2025 21:00,,,,
5/5/2025 21:30,,,,
5/5/2025 22:00,,,,
5/5/2025 22:30,,,,
5/5/2025 23:00,,,,
5/5/2025 23:30,,,,
5/6/2025 0:00,,,,
5/6/2025 0:30,,,,
5/6/2025 1:00,,,,
5/6/2025 1:30,,,,
5/6/2025 2:00,,,,
5/6/2025 2:30,,,,
5/6/2025 3:00,,,,
5/6/2025 3:30,,,,
5/6/2025 4:00,,,,
5/6/2025 4:30,,,,
5/6/2025 5:00,,,,
5/6/2025 5:30,,,,
5/6/2025 6:00,,,,
5/6/2025 6:30,,,,
5/6/2025 7:00,,,,
5/6/2025 7:30,,,,
5/6/2025 8:00,,,,
5/6/2025 8:30,,,,
5/6/2025 9:00,,,,
5/6/2025 9:30,,,,
5/6/2025 10:00,,,,
5/6/2025 10:30,,,,
5/6/2025 11:00,,,,
5/6/2025 11:30,,,,
5/6/2025 12:00,,,,
5/6/2025 12:30,,,,
5/6/2025 13:00,,,,
5/6/2025 13:30,,,,
5/6/2025 14:00,,,,
5/6/2025 14:30,,,,
5/6/2025 15:00,,,,
5/6/2025 15:30,,,,
5/6/2025 16:00,,,,
5/6/2025 16:30,,,,
5/6/2025 17:00,,,,
5/6/2025 17:30,,,,
5/6/2025 18:00,,,,
5/6/2025 18:30,,,,
5/6/2025 19:00,,,,
5/6/2025 19:30,,,,
5/6/2025 20:00,,,,
5/6/2025 20:30,,,,
5/6/2025 21:00,,,,
5/6/2025 21:30,,,,
5/6/2025 22:00,,,,
5/6/2025 22:30,,,,
5/6/2025 23:00,,,,
5/6/2025 23:30,,,,
5/7/2025 0:00,,,,
5/7/2025 0:30,,,,
5/7/2025 1:00,,,,
5/7/2025 1:30,,,,
5/7/2025 2:00,,,,
5/7/2025 2:30,,,,
5/7/2025 3:00,,,,
5/7/2025 3:30,,,,
5/7/2025 4:00,,,,
5/7/2025 4:30,,,,
5/7/2025 5:00,,,,
5/7/2025 5:30,,,,
5/7/2025 6:00,,,,
5/7/2025 6:30,,,,
5/7/2025 7:00,,,,
5/7/2025 7:30,,,,
5/7/2025 8:00,,,,
5/7/2025 8:30,,,,
5/7/2025 9:00,,,,
5/7/2025 9:30,,,,
5/7/2025 10:00,,,,
5/7/2025 10:30,,,,
5/7/2025 11:00,,,,
5/7/2025 11:30,,,,
5/7/2025 12:00,,,,
5/7/2025 12:30,,,,
5/7/2025 13:00,,,,
5/7/2025 13:30,,,,
5/7/2025 14:00,,,,
5/7/2025 14:30,,,,
5/7/2025 15:00,,,,
5/7/2025 15:30,,,,
5/7/2025 16:00,,,,
5/7/2025 16:30,,,,
5/7/2025 17:00,,,,
5/7/2025 17:30,,,,
5/7/2025 18:00,,,,
5/7/2025 18:30,,,,
5/7/2025 19:00,,,,
5/7/2025 19:30,,,,
5/7/2025 20:00,,,,
5/7/2025 20:30,,,,
5/7/2025 21:00,,,,
5/7/2025 21:30,,,,
5/7/2025 22:00,,,,
5/7/2025 22:30,,,,
5/7/2025 23:00,,,,
5/7/2025 23:30,,,,
5/8/2025 0:00,,,,
5/8/2025 0:30,,,,
5/8/2025 1:00,,,,
5/8/2025 1:30,,,,
5/8/2025 2:00,,,,
5/8/2025 2:30,,,,
5/8/2025 3:00,,,,
5/8/2025 3:30,,,,
5/8/2025 4:00,,,,
5/8/2025 4:30,,,,
5/8/2025 5:00,,,,
5/8/2025 5:30,,,,
5/8/2025 6:00,,,,
5/8/2025 6:30,,,,
5/8/2025 7:00,,,,
5/8/2025 7:30,,,,
5/8/2025 8:00,,,,
5/8/2025 8:30,,,,
5/8/2025 9:00,,,,
5/8/2025 9:30,,,,
5/8/2025 10:00,,,,
5/8/2025 10:30,,,,
5/8/2025 11:00,,,,
5/8/2025 11:30,,,,
5/8/2025 12:00,,,,
5/8/2025 12:30,,,,
5/8/2025 13:00,,,,
5/8/2025 13:30,,,,
5/8/2025 14:00,,,,
5/8/2025 14:30,,,,
5/8/2025 15:00,,,,
5/8/2025 15:30,,,,
5/8/2025 16:00,,,,
5/8/2025 16:30,,,,
5/8/2025 17:00,,,,
5/8/2025 17:30,,,,
5/8/2025 18:00,,,,
5/8/2025 18:30,,,,
5/8/2025 19:00,,,,
5/8/2025 19:30,,,,
5/8/2025 20:00,,,,
5/8/2025 20:30,,,,
5/8/2025 21:00,,,,
5/8/2025 21:30,,,,
5/8/2025 22:00,,,,
5/8/2025 22:30,,,,
5/8/2025 23:00,,,,
5/8/2025 23:30,,,,
5/9/2025 0:00,,,,
5/9/2025 0:30,,,,
5/9/2025 1:00,,,,
5/9/2025 1:30,,,,
5/9/2025 2:00,,,,
5/9/2025 2:30,,,,
5/9/2025 3:00,,,,
5/9/2025 3:30,,,,
5/9/2025 4:00,,,,
5/9/2025 4:30,,,,
5/9/2025 5:00,,,,
5/9/2025 5:30,,,,
5/9/2025 6:00,,,,
5/9/2025 6:30,,,,
5/9/2025 7:00,,,,
5/9/2025 7:30,,,,
5/9/2025 8:00,,,,
5/9/2025 8:30,,,,
5/9/2025 9:00,,,,
5/9/2025 9:30,,,,
5/9/2025 10:00,,,,
5/9/2025 10:30,,,,
5/9/2025 11:00,,,,
5/9/2025 11:30,,,,
5/9/2025 12:00,,,,
5/9/2025 12:30,,,,
5/9/2025 13:00,,,,
5/9/2025 13:30,,,,
5/9/2025 14:00,,,,
5/9/2025 14:30,,,,
5/9/2025 15:00,,,,
5/9/2025 15:30,,,,
5/9/2025 16:00,,,,
5/9/2025 16:30,,,,
5/9/2025 17:00,,,,
5/9/2025 17:30,,,,
5/9/2025 18:00,,,,
5/9/2025 18:30,,,,
5/9/2025 19:00,,,,
5/9/2025 19:30,,,,
5/9/2025 20:00,,,,
5/9/2025 20:30,,,,
5/9/2025 21:00,,,,
5/9/2025 21:30,,,,
5/9/2025 22:00,,,,
5/9/2025 22:30,,,,
5/9/2025 23:00,,,,
5/9/2025 23:30,,,,
5/10/2025 0:00,,,,
5/10/2025 0:30,,,,
5/10/2025 1:00,,,,
5/10/2025 1:30,,,,
5/10/2025 2:00,,,,
5/10/2025 2:30,,,,
5/10/2025 3:00,,,,
5/10/2025 3:30,,,,
5/10/2025 4:00,,,,
5/10/2025 4:30,,,,
5/10/2025 5:00,,,,
5/10/2025 5:30,,,,
5/10/2025 6:00,,,,
5/10/2025 6:30,,,,
5/10/2025 7:00,,,,
5/10/2025 7:30,,,,
5/10/2025 8:00,,,,
5/10/2025 8:30,,,,
5/10/2025 9:00,,,,
5/10/2025 9:30,,,,
5/10/2025 10:00,,,,
5/10/2025 10:30,,,,
5/10/2025 11:00,,,,
5/10/2025 11:30,,,,
5/10/2025 12:00,,,,
5/10/2025 12:30,,,,
5/10/2025 13:00,,,,
5/10/2025 13:30,,,,
5/10/2025 14:00,,,,
5/10/2025 14:30,,,,
5/10/2025 15:00,,,,
5/10/2025 15:30,,,,
5/10/2025 16:00,,,,
5/10/2025 16:30,,,,
5/10/2025 17:00,,,,
5/10/2025 17:30,,,,
5/10/2025 18:00,,,,
5/10/2025 18:30,,,,
5/10/2025 19:00,,,,
5/10/2025 19:30,,,,
5/10/2025 20:00,,,,
5/10/2025 20:30,,,,
5/10/2025 21:00,,,,
5/10/2025 21:30,,,,
5/10/2025 22:00,,,,
5/10/2025 22:30,,,,
5/10/2025 23:00,,,,
5/10/2025 23:30,,,,
5/11/2025 0:00,,,,
5/11/2025 0:30,,,,
5/11/2025 1:00,,,,
5/11/2025 1:30,,,,
5/11/2025 2:00,,,,
5/11/2025 2:30,,,,
5/11/2025 3:00,,,,
5/11/2025 3:30,,,,
5/11/2025 4:00,,,,
5/11/2025 4:30,,,,
5/11/2025 5:00,,,,
5/11/2025 5:30,,,,
5/11/2025 6:00,,,,
5/11/2025 6:30,,,,
5/11/2025 7:00,,,,
5/11/2025 7:30,,,,
5/11/2025 8:00,,,,
5/11/2025 8:30,,,,
5/11/2025 9:00,,,,
5/11/2025 9:30,,,,
5/11/2025 10:00,,,,
5/11/2025 10:30,,,,
5/11/2025 11:00,,,,
5/11/2025 11:30,,,,
5/11/2025 12:00,,,,
5/11/2025 12:30,,,,
5/11/2025 13:00,,,,
5/11/2025 13:30,,,,
5/11/2025 14:00,,,,
5/11/2025 14:30,,,,
5/11/2025 15:00,,,,
5/11/2025 15:30,,,,
5/11/2025 16:00,,,,
5/11/2025 16:30,,,,
5/11/2025 17:00,,,,
5/11/2025 17:30,,,,
5/11/2025 18:00,,,,
5/11/2025 18:30,,,,
5/11/2025 19:00,,,,
5/11/2025 19:30,,,,
5/11/2025 20:00,,,,
5/11/2025 20:30,,,,
5/11/2025 21:00,,,,
5/11/2025 21:30,,,,
5/11/2025 22:00,,,,
5/11/2025 22:30,,,,
5/11/2025 23:00,,,,
5/11/2025 23:30,,,,
5/12/2025 0:00,,,,
5/12/2025 0:30,,,,
5/12/2025 1:00,,,,
5/12/2025 1:30,,,,
5/12/2025 2:00,,,,
5/12/2025 2:30,,,,
5/12/2025 3:00,,,,
5/12/2025 3:30,,,,
5/12/2025 4:00,,,,
5/12/2025 4:30,,,,
5/12/2025 5:00,,,,
5/12/2025 5:30,,,,
5/12/2025 6:00,,,,
5/12/2025 6:30,,,,
5/12/2025 7:00,,,,
5/12/2025 7:30,,,,
5/12/2025 8:00,,,,
5/12/2025 8:30,,,,
5/12/2025 9:00,,,,
5/12/2025 9:30,,,,
5/12/2025 10:00,,,,
5/12/2025 10:30,,,,
5/12/2025 11:00,,,,
5/12/2025 11:30,,,,
5/12/2025 12:00,,,,
5/12/2025 12:30,,,,
5/12/2025 13:00,,,,
5/12/2025 13:30,,,,
5/12/2025 14:00,,,,
5/12/2025 14:30,,,,
5/12/2025 15:00,,,,
5/12/2025 15:30,,,,
5/12/2025 16:00,,,,
5/12/2025 16:30,,,,
5/12/2025 17:00,,,,
5/12/2025 17:30,,,,
5/12/2025 18:00,,,,
5/12/2025 18:30,,,,
5/12/2025 19:00,,,,
5/12/2025 19:30,,,,
5/12/2025 20:00,,,,
5/12/2025 20:30,,,,
5/12/2025 21:00,,,,
5/12/2025 21:30,,,,
5/12/2025 22:00,,,,
5/12/2025 22:30,,,,
5/12/2025 23:00,,,,
5/12/2025 23:30,,,,
5/13/2025 0:00,,,,
5/13/2025 0:30,,,,
5/13/2025 1:00,,,,
5/13/2025 1:30,,,,
5/13/2025 2:00,,,,
5/13/2025 2:30,,,,
5/13/2025 3:00,,,,
5/13/2025 3:30,,,,
5/13/2025 4:00,,,,
5/13/2025 4:30,,,,
5/13/2025 5:00,,,,
5/13/2025 5:30,,,,
5/13/2025 6:00,,,,
5/13/2025 6:30,,,,
5/13/2025 7:00,,,,
5/13/2025 7:30,,,,
5/13/2025 8:00,,,,
5/13/2025 8:30,,,,
5/13/2025 9:00,,,,
5/13/2025 9:30,,,,
5/13/2025 10:00,,,,
5/13/2025 10:30,,,,
5/13/2025 11:00,,,,
5/13/2025 11:30,,,,
5/13/2025 12:00,,,,
5/13/2025 12:30,,,,
5/13/2025 13:00,,,,
5/13/2025 13:30,,,,
5/13/2025 14:00,,,,
5/13/2025 14:30,,,,
5/13/2025 15:00,,,,
5/13/2025 15:30,,,,
5/13/2025 16:00,,,,
5/13/2025 16:30,,,,
5/13/2025 17:00,,,,
5/13/2025 17:30,,,,
5/13/2025 18:00,,,,
5/13/2025 18:30,,,,
5/13/2025 19:00,,,,
5/13/2025 19:30,,,,
5/13/2025 20:00,,,,
5/13/2025 20:30,,,,
5/13/2025 21:00,,,,
5/13/2025 21:30,,,,
5/13/2025 22:00,,,,
5/13/2025 22:30,,,,
5/13/2025 23:00,,,,
5/13/2025 23:30,,,,
5/14/2025 0:00,,,,
5/14/2025 0:30,,,,
5/14/2025 1:00,,,,
5/14/2025 1:30,,,,
5/14/2025 2:00,,,,
5/14/2025 2:30,,,,
5/14/2025 3:00,,,,
5/14/2025 3:30,,,,
5/14/2025 4:00,,,,
5/14/2025 4:30,,,,
5/14/2025 5:00,,,,
5/14/2025 5:30,,,,
5/14/2025 6:00,,,,
5/14/2025 6:30,,,,
5/14/2025 7:00,,,,
5/14/2025 7:30,,,,
5/14/2025 8:00,,,,
5/14/2025 8:30,,,,
5/14/2025 9:00,,,,
5/14/2025 9:30,,,,
5/14/2025 10:00,,,,
5/14/2025 10:30,,,,
5/14/2025 11:00,,,,
5/14/2025 11:30,,,,
5/14/2025 12:00,,,,
5/14/2025 12:30,,,,
5/14/2025 13:00,,,,
5/14/2025 13:30,,,,
5/14/2025 14:00,,,,
5/14/2025 14:30,,,,
5/14/2025 15:00,,,,
5/14/2025 15:30,,,,
5/14/2025 16:00,,,,
5/14/2025 16:30,,,,
5/14/2025 17:00,,,,
5/14/2025 17:30,,,,
5/14/2025 18:00,,,,
5/14/2025 18:30,,,,
5/14/2025 19:00,,,,
5/14/2025 19:30,,,,
5/14/2025 20:00,,,,
5/14/2025 20:30,,,,
5/14/2025 21:00,,,,
5/14/2025 21:30,,,,
5/14/2025 22:00,,,,
5/14/2025 22:30,,,,
5/14/2025 23:00,,,,
5/14/2025 23:30,,,,
5/15/2025 0:00,,,,
5/15/2025 0:30,,,,
5/15/2025 1:00,,,,
5/15/2025 1:30,,,,
5/15/2025 2:00,,,,
5/15/2025 2:30,,,,
5/15/2025 3:00,,,,
5/15/2025 3:30,,,,
5/15/2025 4:00,,,,
5/15/2025 4:30,,,,
5/15/2025 5:00,,,,
5/15/2025 5:30,,,,
5/15/2025 6:00,,,,
5/15/2025 6:30,,,,
5/15/2025 7:00,,,,
5/15/2025 7:30,,,,
5/15/2025 8:00,,,,
5/15/2025 8:30,,,,
5/15/2025 9:00,,,,
5/15/2025 9:30,,,,
5/15/2025 10:00,,,,
5/15/2025 10:30,,,,
5/15/2025 11:00,,,,
5/15/2025 11:30,,,,
5/15/2025 12:00,,,,
5/15/2025 12:30,,,,
5/15/2025 13:00,,,,
5/15/2025 13:30,,,,
5/15/2025 14:00,,,,
5/15/2025 14:30,,,,
5/15/2025 15:00,,,,
5/15/2025 15:30,,,,
5/15/2025 16:00,,,,
5/15/2025 16:30,,,,
5/15/2025 17:00,,,,
5/15/2025 17:30,,,,
5/15/2025 18:00,,,,
5/15/2025 18:30,,,,
5/15/2025 19:00,,,,
5/15/2025 19:30,,,,
5/15/2025 20:00,,,,
5/15/2025 20:30,,,,
5/15/2025 21:00,,,,
5/15/2025 21:30,,,,
5/15/2025 22:00,,,,
5/15/2025 22:30,,,,
5/15/2025 23:00,,,,
5/15/2025 23:30,,,,
5/16/2025 0:00,,,,
5/16/2025 0:30,,,,
5/16/2025 1:00,,,,
5/16/2025 1:30,,,,
5/16/2025 2:00,,,,
5/16/2025 2:30,,,,
5/16/2025 3:00,,,,
5/16/2025 3:30,,,,
5/16/2025 4:00,,,,
5/16/2025 4:30,,,,
5/16/2025 5:00,,,,
5/16/2025 5:30,,,,
5/16/2025 6:00,,,,
5/16/2025 6:30,,,,
5/16/2025 7:00,,,,
5/16/2025 7:30,,,,
5/16/2025 8:00,,,,
5/16/2025 8:30,,,,
5/16/2025 9:00,,,,
5/16/2025 9:30,,,,
5/16/2025 10:00,,,,
5/16/2025 10:30,,,,
5/16/2025 11:00,,,,
5/16/2025 11:30,,,,
5/16/2025 12:00,,,,
5/16/2025 12:30,,,,
5/16/2025 13:00,,,,
5/16/2025 13:30,,,,
5/16/2025 14:00,,,,
5/16/2025 14:30,,,,
5/16/2025 15:00,,,,
5/16/2025 15:30,,,,
5/16/2025 16:00,,,,
5/16/2025 16:30,,,,
5/16/2025 17:00,,,,
5/16/2025 17:30,,,,
5/16/2025 18:00,,,,
5/16/2025 18:30,,,,
5/16/2025 19:00,,,,
5/16/2025 19:30,,,,
5/16/2025 20:00,,,,
5/16/2025 20:30,,,,
5/16/2025 21:00,,,,
5/16/2025 21:30,,,,
5/16/2025 22:00,,,,
5/16/2025 22:30,,,,
5/16/2025 23:00,,,,
5/16/2025 23:30,,,,
5/17/2025 0:00,,,,
5/17/2025 0:30,,,,
5/17/2025 1:00,,,,
5/17/2025 1:30,,,,
5/17/2025 2:00,,,,
5/17/2025 2:30,,,,
5/17/2025 3:00,,,,
5/17/2025 3:30,,,,
5/17/2025 4:00,,,,
5/17/2025 4:30,,,,
5/17/2025 5:00,,,,
5/17/2025 5:30,,,,
5/17/2025 6:00,,,,
5/17/2025 6:30,,,,
5/17/2025 7:00,,,,
5/17/2025 7:30,,,,
5/17/2025 8:00,,,,
5/17/2025 8:30,,,,
5/17/2025 9:00,,,,
5/17/2025 9:30,,,,
5/17/2025 10:00,,,,
5/17/2025 10:30,,,,
5/17/2025 11:00,,,,
5/17/2025 11:30,,,,
5/17/2025 12:00,,,,
5/17/2025 12:30,,,,
5/17/2025 13:00,,,,
5/17/2025 13:30,,,,
5/17/2025 14:00,,,,
5/17/2025 14:30,,,,
5/17/2025 15:00,,,,
5/17/2025 15:30,,,,
5/17/2025 16:00,,,,
5/17/2025 16:30,,,,
5/17/2025 17:00,,,,
5/17/2025 17:30,,,,
5/17/2025 18:00,,,,
5/17/2025 18:30,,,,
5/17/2025 19:00,,,,
5/17/2025 19:30,,,,
5/17/2025 20:00,,,,
5/17/2025 20:30,,,,
5/17/2025 21:00,,,,
5/17/2025 21:30,,,,
5/17/2025 22:00,,,,
5/17/2025 22:30,,,,
5/17/2025 23:00,,,,
5/17/2025 23:30,,,,
5/18/2025 0:00,,,,
5/18/2025 0:30,,,,
5/18/2025 1:00,,,,
5/18/2025 1:30,,,,
5/18/2025 2:00,,,,
5/18/2025 2:30,,,,
5/18/2025 3:00,,,,
5/18/2025 3:30,,,,
5/18/2025 4:00,,,,
5/18/2025 4:30,,,,
5/18/2025 5:00,,,,
5/18/2025 5:30,,,,
5/18/2025 6:00,,,,
5/18/2025 6:30,,,,
5/18/2025 7:00,,,,
5/18/2025 7:30,,,,
5/18/2025 8:00,,,,
5/18/2025 8:30,,,,
5/18/2025 9:00,,,,
5/18/2025 9:30,,,,
5/18/2025 10:00,,,,
5/18/2025 10:30,,,,
5/18/2025 11:00,,,,
5/18/2025 11:30,,,,
5/18/2025 12:00,,,,
5/18/2025 12:30,,,,
5/18/2025 13:00,,,,
5/18/2025 13:30,,,,
5/18/2025 14:00,,,,
5/18/2025 14:30,,,,
5/18/2025 15:00,,,,
5/18/2025 15:30,,,,
5/18/2025 16:00,,,,
5/18/2025 16:30,,,,
5/18/2025 17:00,,,,
5/18/2025 17:30,,,,
5/18/2025 18:00,,,,
5/18/2025 18:30,,,,
5/18/2025 19:00,,,,
5/18/2025 19:30,,,,
5/18/2025 20:00,,,,
5/18/2025 20:30,,,,
5/18/2025 21:00,,,,
5/18/2025 21:30,,,,
5/18/2025 22:00,,,,
5/18/2025 22:30,,,,
5/18/2025 23:00,,,,
5/18/2025 23:30,,,,
5/19/2025 0:00,,,,
5/19/2025 0:30,,,,
5/19/2025 1:00,,,,
5/19/2025 1:30,,,,
5/19/2025 2:00,,,,
5/19/2025 2:30,,,,
5/19/2025 3:00,,,,
5/19/2025 3:30,,,,
5/19/2025 4:00,,,,
5/19/2025 4:30,,,,
5/19/2025 5:00,,,,
5/19/2025 5:30,,,,
5/19/2025 6:00,,,,
5/19/2025 6:30,,,,
5/19/2025 7:00,,,,
5/19/2025 7:30,,,,
5/19/2025 8:00,,,,
5/19/2025 8:30,,,,
5/19/2025 9:00,,,,
5/19/2025 9:30,,,,
5/19/2025 10:00,,,,
5/19/2025 10:30,,,,
5/19/2025 11:00,,,,
5/19/2025 11:30,,,,
5/19/2025 12:00,,,,
5/19/2025 12:30,,,,
5/19/2025 13:00,,,,
5/19/2025 13:30,,,,
5/19/2025 14:00,,,,
5/19/2025 14:30,,,,
5/19/2025 15:00,,,,
5/19/2025 15:30,,,,
5/19/2025 16:00,,,,
5/19/2025 16:30,,,,
5/19/2025 17:00,,,,
5/19/2025 17:30,,,,
5/19/2025 18:00,,,,
5/19/2025 18:30,,,,
5/19/2025 19:00,,,,
5/19/2025 19:30,,,,
5/19/2025 20:00,,,,
5/19/2025 20:30,,,,
5/19/2025 21:00,,,,
5/19/2025 21:30,,,,
5/19/2025 22:00,,,,
5/19/2025 22:30,,,,
5/19/2025 23:00,,,,
5/19/2025 23:30,,,,
5/20/2025 0:00,,,,
5/20/2025 0:30,,,,
5/20/2025 1:00,,,,
5/20/2025 1:30,,,,
5/20/2025 2:00,,,,
5/20/2025 2:30,,,,
5/20/2025 3:00,,,,
5/20/2025 3:30,,,,
5/20/2025 4:00,,,,
5/20/2025 4:30,,,,
5/20/2025 5:00,,,,
5/20/2025 5:30,,,,
5/20/2025 6:00,,,,
5/20/2025 6:30,,,,
5/20/2025 7:00,,,,
5/20/2025 7:30,,,,
5/20/2025 8:00,,,,
5/20/2025 8:30,,,,
5/20/2025 9:00,,,,
5/20/2025 9:30,,,,
5/20/2025 10:00,,,,
5/20/2025 10:30,,,,
5/20/2025 11:00,,,,
5/20/2025 11:30,,,,
5/20/2025 12:00,,,,
5/20/2025 12:30,,,,
5/20/2025 13:00,,,,
5/20/2025 13:30,,,,
5/20/2025 14:00,,,,
5/20/2025 14:30,,,,
5/20/2025 15:00,,,,
5/20/2025 15:30,,,,
5/20/2025 16:00,,,,
5/20/2025 16:30,,,,
5/20/2025 17:00,,,,
5/20/2025 17:30,,,,
5/20/2025 18:00,,,,
5/20/2025 18:30,,,,
5/20/2025 19:00,,,,
5/20/2025 19:30,,,,
5/20/2025 20:00,,,,
5/20/2025 20:30,,,,
5/20/2025 21:00,,,,
5/20/2025 21:30,,,,
5/20/2025 22:00,,,,
5/20/2025 22:30,,,,
5/20/2025 23:00,,,,
5/20/2025 23:30,,,,
5/21/2025 0:00,,,,
5/21/2025 0:30,,,,
5/21/2025 1:00,,,,
5/21/2025 1:30,,,,
5/21/2025 2:00,,,,
5/21/2025 2:30,,,,
5/21/2025 3:00,,,,
5/21/2025 3:30,,,,
5/21/2025 4:00,,,,
5/21/2025 4:30,,,,
5/21/2025 5:00,,,,
5/21/2025 5:30,,,,
5/21/2025 6:00,,,,
5/21/2025 6:30,,,,
5/21/2025 7:00,,,,
5/21/2025 7:30,,,,
5/21/2025 8:00,,,,
5/21/2025 8:30,,,,
5/21/2025 9:00,,,,
5/21/2025 9:30,,,,
5/21/2025 10:00,,,,
5/21/2025 10:30,,,,
5/21/2025 11:00,,,,
5/21/2025 11:30,,,,
5/21/2025 12:00,,,,
5/21/2025 12:30,,,,
5/21/2025 13:00,,,,
5/21/2025 13:30,,,,
5/21/2025 14:00,,,,
5/21/2025 14:30,,,,
5/21/2025 15:00,,,,
5/21/2025 15:30,,,,
5/21/2025 16:00,,,,
5/21/2025 16:30,,,,
5/21/2025 17:00,,,,
5/21/2025 17:30,,,,
5/21/2025 18:00,,,,
5/21/2025 18:30,,,,
5/21/2025 19:00,,,,
5/21/2025 19:30,,,,
5/21/2025 20:00,,,,
5/21/2025 20:30,,,,
5/21/2025 21:00,,,,
5/21/2025 21:30,,,,
5/21/2025 22:00,,,,
5/21/2025 22:30,,,,
5/21/2025 23:00,,,,
5/21/2025 23:30,,,,
5/22/2025 0:00,,,,
5/22/2025 0:30,,,,
5/22/2025 1:00,,,,
5/22/2025 1:30,,,,
5/22/2025 2:00,,,,
5/22/2025 2:30,,,,
5/22/2025 3:00,,,,
5/22/2025 3:30,,,,
5/22/2025 4:00,,,,
5/22/2025 4:30,,,,
5/22/2025 5:00,,,,
5/22/2025 5:30,,,,
5/22/2025 6:00,,,,
5/22/2025 6:30,,,,
5/22/2025 7:00,,,,
5/22/2025 7:30,,,,
5/22/2025 8:00,,,,
5/22/2025 8:30,,,,
5/22/2025 9:00,,,,
5/22/2025 9:30,,,,
5/22/2025 10:00,,,,
5/22/2025 10:30,,,,
5/22/2025 11:00,,,,
5/22/2025 11:30,,,,
5/22/2025 12:00,,,,
5/22/2025 12:30,,,,
5/22/2025 13:00,,,,
5/22/2025 13:30,,,,
5/22/2025 14:00,,,,
5/22/2025 14:30,,,,
5/22/2025 15:00,,,,
5/22/2025 15:30,,,,
5/22/2025 16:00,,,,
5/22/2025 16:30,,,,
5/22/2025 17:00,,,,
5/22/2025 17:30,,,,
5/22/2025 18:00,,,,
5/22/2025 18:30,,,,
5/22/2025 19:00,,,,
5/22/2025 19:30,,,,
5/22/2025 20:00,,,,
5/22/2025 20:30,,,,
5/22/2025 21:00,,,,
5/22/2025 21:30,,,,
5/22/2025 22:00,,,,
5/22/2025 22:30,,,,
5/22/2025 23:00,,,,
5/22/2025 23:30,,,,
5/23/2025 0:00,,,,
5/23/2025 0:30,,,,
5/23/2025 1:00,,,,
5/23/2025 1:30,,,,
5/23/2025 2:00,,,,
5/23/2025 2:30,,,,
5/23/2025 3:00,,,,
5/23/2025 3:30,,,,
5/23/2025 4:00,,,,
5/23/2025 4:30,,,,
5/23/2025 5:00,,,,
5/23/2025 5:30,,,,
5/23/2025 6:00,,,,
5/23/2025 6:30,,,,
5/23/2025 7:00,,,,
5/23/2025 7:30,,,,
5/23/2025 8:00,,,,
5/23/2025 8:30,,,,
5/23/2025 9:00,,,,
5/23/2025 9:30,,,,
5/23/2025 10:00,,,,
5/23/2025 10:30,,,,
5/23/2025 11:00,,,,
5/23/2025 11:30,,,,
5/23/2025 12:00,,,,
5/23/2025 12:30,,,,
5/23/2025 13:00,,,,
5/23/2025 13:30,,,,
5/23/2025 14:00,,,,
5/23/2025 14:30,,,,
5/23/2025 15:00,,,,
5/23/2025 15:30,,,,
5/23/2025 16:00,,,,
5/23/2025 16:30,,,,
5/23/2025 17:00,,,,
5/23/2025 17:30,,,,
5/23/2025 18:00,,,,
5/23/2025 18:30,,,,
5/23/2025 19:00,,,,
5/23/2025 19:30,,,,
5/23/2025 20:00,,,,
5/23/2025 20:30,,,,
5/23/2025 21:00,,,,
5/23/2025 21:30,,,,
5/23/2025 22:00,,,,
5/23/2025 22:30,,,,
5/23/2025 23:00,,,,
5/23/2025 23:30,,,,
5/24/2025 0:00,,,,
5/24/2025 0:30,,,,
5/24/2025 1:00,,,,
5/24/2025 1:30,,,,
5/24/2025 2:00,,,,
5/24/2025 2:30,,,,
5/24/2025 3:00,,,,
5/24/2025 3:30,,,,
5/24/2025 4:00,,,,
5/24/2025 4:30,,,,
5/24/2025 5:00,,,,
5/24/2025 5:30,,,,
5/24/2025 6:00,,,,
5/24/2025 6:30,,,,
5/24/2025 7:00,,,,
5/24/2025 7:30,,,,
5/24/2025 8:00,,,,
5/24/2025 8:30,,,,
5/24/2025 9:00,,,,
5/24/2025 9:30,,,,
5/24/2025 10:00,,,,
5/24/2025 10:30,,,,
5/24/2025 11:00,,,,
5/24/2025 11:30,,,,
5/24/2025 12:00,,,,
5/24/2025 12:30,,,,
5/24/2025 13:00,,,,
5/24/2025 13:30,,,,
5/24/2025 14:00,,,,
5/24/2025 14:30,,,,
5/24/2025 15:00,,,,
5/24/2025 15:30,,,,
5/24/2025 16:00,,,,
5/24/2025 16:30,,,,
5/24/2025 17:00,,,,
5/24/2025 17:30,,,,
5/24/2025 18:00,,,,
5/24/2025 18:30,,,,
5/24/2025 19:00,,,,
5/24/2025 19:30,,,,
5/24/2025 20:00,,,,
5/24/2025 20:30,,,,
5/24/2025 21:00,,,,
5/24/2025 21:30,,,,
5/24/2025 22:00,,,,
5/24/2025 22:30,,,,
5/24/2025 23:00,,,,
5/24/2025 23:30,,,,
5/25/2025 0:00,,,,
5/25/2025 0:30,,,,
5/25/2025 1:00,,,,
5/25/2025 1:30,,,,
5/25/2025 2:00,,,,
5/25/2025 2:30,,,,
5/25/2025 3:00,,,,
5/25/2025 3:30,,,,
5/25/2025 4:00,,,,
5/25/2025 4:30,,,,
5/25/2025 5:00,,,,
5/25/2025 5:30,,,,
5/25/2025 6:00,,,,
5/25/2025 6:30,,,,
5/25/2025 7:00,,,,
5/25/2025 7:30,,,,
5/25/2025 8:00,,,,
5/25/2025 8:30,,,,
5/25/2025 9:00,,,,
5/25/2025 9:30,,,,
5/25/2025 10:00,,,,
5/25/2025 10:30,,,,
5/25/2025 11:00,,,,
5/25/2025 11:30,,,,
5/25/2025 12:00,,,,
5/25/2025 12:30,,,,
5/25/2025 13:00,,,,
5/25/2025 13:30,,,,
5/25/2025 14:00,,,,
5/25/2025 14:30,,,,
5/25/2025 15:00,,,,
5/25/2025 15:30,,,,
5/25/2025 16:00,,,,
5/25/2025 16:30,,,,
5/25/2025 17:00,,,,
5/25/2025 17:30,,,,
5/25/2025 18:00,,,,
5/25/2025 18:30,,,,
5/25/2025 19:00,,,,
5/25/2025 19:30,,,,
5/25/2025 20:00,,,,
5/25/2025 20:30,,,,
5/25/2025 21:00,,,,
5/25/2025 21:30,,,,
5/25/2025 22:00,,,,
5/25/2025 22:30,,,,
5/25/2025 23:00,,,,
5/25/2025 23:30,,,,
5/26/2025 0:00,,,,
5/26/2025 0:30,,,,
5/26/2025 1:00,,,,
5/26/2025 1:30,,,,
5/26/2025 2:00,,,,
5/26/2025 2:30,,,,
5/26/2025 3:00,,,,
5/26/2025 3:30,,,,
5/26/2025 4:00,,,,
5/26/2025 4:30,,,,
5/26/2025 5:00,,,,
5/26/2025 5:30,,,,
5/26/2025 6:00,,,,
5/26/2025 6:30,,,,
5/26/2025 7:00,,,,
5/26/2025 7:30,,,,
5/26/2025 8:00,,,,
5/26/2025 8:30,,,,
5/26/2025 9:00,,,,
5/26/2025 9:30,,,,
5/26/2025 10:00,,,,
5/26/2025 10:30,,,,
5/26/2025 11:00,,,,
5/26/2025 11:30,,,,
5/26/2025 12:00,,,,
5/26/2025 12:30,,,,
5/26/2025 13:00,,,,
5/26/2025 13:30,,,,
5/26/2025 14:00,,,,
5/26/2025 14:30,,,,
5/26/2025 15:00,,,,
5/26/2025 15:30,,,,
5/26/2025 16:00,,,,
5/26/2025 16:30,,,,
5/26/2025 17:00,,,,
5/26/2025 17:30,,,,
5/26/2025 18:00,,,,
5/26/2025 18:30,,,,
5/26/2025 19:00,,,,
5/26/2025 19:30,,,,
5/26/2025 20:00,,,,
5/26/2025 20:30,,,,
5/26/2025 21:00,,,,
5/26/2025 21:30,,,,
5/26/2025 22:00,,,,
5/26/2025 22:30,,,,
5/26/2025 23:00,,,,
5/26/2025 23:30,,,,
5/27/2025 0:00,,,,
5/27/2025 0:30,,,,
5/27/2025 1:00,,,,
5/27/2025 1:30,,,,
5/27/2025 2:00,,,,
5/27/2025 2:30,,,,
5/27/2025 3:00,,,,
5/27/2025 3:30,,,,
5/27/2025 4:00,,,,
5/27/2025 4:30,,,,
5/27/2025 5:00,,,,
5/27/2025 5:30,,,,
5/27/2025 6:00,,,,
5/27/2025 6:30,,,,
5/27/2025 7:00,,,,
5/27/2025 7:30,,,,
5/27/2025 8:00,,,,
5/27/2025 8:30,,,,
5/27/2025 9:00,,,,
5/27/2025 9:30,,,,
5/27/2025 10:00,,,,
5/27/2025 10:30,,,,
5/27/2025 11:00,,,,
5/27/2025 11:30,,,,
5/27/2025 12:00,,,,
5/27/2025 12:30,,,,
5/27/2025 13:00,,,,
5/27/2025 13:30,,,,
5/27/2025 14:00,,,,
5/27/2025 14:30,,,,
5/27/2025 15:00,,,,
5/27/2025 15:30,,,,
5/27/2025 16:00,,,,
5/27/2025 16:30,,,,
5/27/2025 17:00,,,,
5/27/2025 17:30,,,,
5/27/2025 18:00,,,,
5/27/2025 18:30,,,,
5/27/2025 19:00,,,,
5/27/2025 19:30,,,,
5/27/2025 20:00,,,,
5/27/2025 20:30,,,,
5/27/2025 21:00,,,,
5/27/2025 21:30,,,,
5/27/2025 22:00,,,,
5/27/2025 22:30,,,,
5/27/2025 23:00,,,,
5/27/2025 23:30,,,,
5/28/2025 0:00,,,,
5/28/2025 0:30,,,,
5/28/2025 1:00,,,,
5/28/2025 1:30,,,,
5/28/2025 2:00,,,,
5/28/2025 2:30,,,,
5/28/2025 3:00,,,,
5/28/2025 3:30,,,,
5/28/2025 4:00,,,,
5/28/2025 4:30,,,,
5/28/2025 5:00,,,,
5/28/2025 5:30,,,,
5/28/2025 6:00,,,,
5/28/2025 6:30,,,,
5/28/2025 7:00,,,,
5/28/2025 7:30,,,,
5/28/2025 8:00,,,,
5/28/2025 8:30,,,,
5/28/2025 9:00,,,,
5/28/2025 9:30,,,,
5/28/2025 10:00,,,,
5/28/2025 10:30,,,,
5/28/2025 11:00,,,,
5/28/2025 11:30,,,,
5/28/2025 12:00,,,,
5/28/2025 12:30,,,,
5/28/2025 13:00,,,,
5/28/2025 13:30,,,,
5/28/2025 14:00,,,,
5/28/2025 14:30,,,,
5/28/2025 15:00,,,,
5/28/2025 15:30,,,,
5/28/2025 16:00,,,,
5/28/2025 16:30,,,,
5/28/2025 17:00,,,,
5/28/2025 17:30,,,,
5/28/2025 18:00,,,,
5/28/2025 18:30,,,,
5/28/2025 19:00,,,,
5/28/2025 19:30,,,,
5/28/2025 20:00,,,,
5/28/2025 20:30,,,,
5/28/2025 21:00,,,,
5/28/2025 21:30,,,,
5/28/2025 22:00,,,,
5/28/2025 22:30,,,,
5/28/2025 23:00,,,,
5/28/2025 23:30,,,,
5/29/2025 0:00,,,,
5/29/2025 0:30,,,,
5/29/2025 1:00,,,,
5/29/2025 1:30,,,,
5/29/2025 2:00,,,,
5/29/2025 2:30,,,,
5/29/2025 3:00,,,,
5/29/2025 3:30,,,,
5/29/2025 4:00,,,,
5/29/2025 4:30,,,,
5/29/2025 5:00,,,,
5/29/2025 5:30,,,,
5/29/2025 6:00,,,,
5/29/2025 6:30,,,,
5/29/2025 7:00,,,,
5/29/2025 7:30,,,,
5/29/2025 8:00,,,,
5/29/2025 8:30,,,,
5/29/2025 9:00,,,,
5/29/2025 9:30,,,,
5/29/2025 10:00,,,,
5/29/2025 10:30,,,,
5/29/2025 11:00,,,,
5/29/2025 11:30,,,,
5/29/2025 12:00,,,,
5/29/2025 12:30,,,,
5/29/2025 13:00,,,,
5/29/2025 13:30,,,,
5/29/2025 14:00,,,,
5/29/2025 14:30,,,,
5/29/2025 15:00,,,,
5/29/2025 15:30,,,,
5/29/2025 16:00,,,,
5/29/2025 16:30,,,,
5/29/2025 17:00,,,,
5/29/2025 17:30,,,,
5/29/2025 18:00,,,,
5/29/2025 18:30,,,,
5/29/2025 19:00,,,,
5/29/2025 19:30,,,,
5/29/2025 20:00,,,,
5/29/2025 20:30,,,,
5/29/2025 21:00,,,,
5/29/2025 21:30,,,,
5/29/2025 22:00,,,,
5/29/2025 22:30,,,,
5/29/2025 23:00,,,,
5/29/2025 23:30,,,,
5/30/2025 0:00,,,,
5/30/2025 0:30,,,,
5/30/2025 1:00,,,,
5/30/2025 1:30,,,,
5/30/2025 2:00,,,,
5/30/2025 2:30,,,,
5/30/2025 3:00,,,,
5/30/2025 3:30,,,,
5/30/2025 4:00,,,,
5/30/2025 4:30,,,,
5/30/2025 5:00,,,,
5/30/2025 5:30,,,,
5/30/2025 6:00,,,,
5/30/2025 6:30,,,,
5/30/2025 7:00,,,,
5/30/2025 7:30,,,,
5/30/2025 8:00,,,,
5/30/2025 8:30,,,,
5/30/2025 9:00,,,,
5/30/2025 9:30,,,,
5/30/2025 10:00,,,,
5/30/2025 10:30,,,,
5/30/2025 11:00,,,,
5/30/2025 11:30,,,,
5/30/2025 12:00,,,,
5/30/2025 12:30,,,,
5/30/2025 13:00,,,,
5/30/2025 13:30,,,,
5/30/2025 14:00,,,,
5/30/2025 14:30,,,,
5/30/2025 15:00,,,,
5/30/2025 15:30,,,,
5/30/2025 16:00,,,,
5/30/2025 16:30,,,,
5/30/2025 17:00,,,,
5/30/2025 17:30,,,,
5/30/2025 18:00,,,,
5/30/2025 18:30,,,,
5/30/2025 19:00,,,,
5/30/2025 19:30,,,,
5/30/2025 20:00,,,,
5/30/2025 20:30,,,,
5/30/2025 21:00,,,,
5/30/2025 21:30,,,,
5/30/2025 22:00,,,,
5/30/2025 22:30,,,,
5/30/2025 23:00,,,,
5/30/2025 23:30,,,,
5/31/2025 0:00,,,,
5/31/2025 0:30,,,,
5/31/2025 1:00,,,,
5/31/2025 1:30,,,,
5/31/2025 2:00,,,,
5/31/2025 2:30,,,,
5/31/2025 3:00,,,,
5/31/2025 3:30,,,,
5/31/2025 4:00,,,,
5/31/2025 4:30,,,,
5/31/2025 5:00,,,,
5/31/2025 5:30,,,,
5/31/2025 6:00,,,,
5/31/2025 6:30,,,,
5/31/2025 7:00,,,,
5/31/2025 7:30,,,,
5/31/2025 8:00,,,,
5/31/2025 8:30,,,,
5/31/2025 9:00,,,,
5/31/2025 9:30,,,,
5/31/2025 10:00,,,,
5/31/2025 10:30,,,,
5/31/2025 11:00,,,,
5/31/2025 11:30,,,,
5/31/2025 12:00,,,,
5/31/2025 12:30,,,,
5/31/2025 13:00,,,,
5/31/2025 13:30,,,,
5/31/2025 14:00,,,,
5/31/2025 14:30,,,,
5/31/2025 15:00,,,,
5/31/2025 15:30,,,,
5/31/2025 16:00,,,,
5/31/2025 16:30,,,,
5/31/2025 17:00,,,,
5/31/2025 17:30,,,,
5/31/2025 18:00,,,,
5/31/2025 18:30,,,,
5/31/2025 19:00,,,,
5/31/2025 19:30,,,,
5/31/2025 20:00,,,,
5/31/2025 20:30,,,,
5/31/2025 21:00,,,,
5/31/2025 21:30,,,,
5/31/2025 22:00,,,,
5/31/2025 22:30,,,,
5/31/2025 23:00,,,,
5/31/2025 23:30,,,,
6/1/2025 0:00,,,,
6/1/2025 0:30,,,,
6/1/2025 1:00,,,,
6/1/2025 1:30,,,,
6/1/2025 2:00,,,,
6/1/2025 2:30,,,,
6/1/2025 3:00,,,,
6/1/2025 3:30,,,,
6/1/2025 4:00,,,,
6/1/2025 4:30,,,,
6/1/2025 5:00,,,,
6/1/2025 5:30,,,,
6/1/2025 6:00,,,,
6/1/2025 6:30,,,,
6/1/2025 7:00,,,,
6/1/2025 7:30,,,,
6/1/2025 8:00,,,,
6/1/2025 8:30,,,,
6/1/2025 9:00,,,,
6/1/2025 9:30,,,,
6/1/2025 10:00,,,,
6/1/2025 10:30,,,,
6/1/2025 11:00,,,,
6/1/2025 11:30,,,,
6/1/2025 12:00,,,,
6/1/2025 12:30,,,,
6/1/2025 13:00,,,,
6/1/2025 13:30,,,,
6/1/2025 14:00,,,,
6/1/2025 14:30,,,,
6/1/2025 15:00,,,,
6/1/2025 15:30,,,,
6/1/2025 16:00,,,,
6/1/2025 16:30,,,,
6/1/2025 17:00,,,,
6/1/2025 17:30,,,,
6/1/2025 18:00,,,,
6/1/2025 18:30,,,,
6/1/2025 19:00,,,,
6/1/2025 19:30,,,,
6/1/2025 20:00,,,,
6/1/2025 20:30,,,,
6/1/2025 21:00,,,,
6/1/2025 21:30,,,,
6/1/2025 22:00,,,,
6/1/2025 22:30,,,,
6/1/2025 23:00,,,,
6/1/2025 23:30,,,,
6/2/2025 0:00,,,,
6/2/2025 0:30,,,,
6/2/2025 1:00,,,,
6/2/2025 1:30,,,,
6/2/2025 2:00,,,,
6/2/2025 2:30,,,,
6/2/2025 3:00,,,,
6/2/2025 3:30,,,,
6/2/2025 4:00,,,,
6/2/2025 4:30,,,,
6/2/2025 5:00,,,,
6/2/2025 5:30,,,,
6/2/2025 6:00,,,,
6/2/2025 6:30,,,,
6/2/2025 7:00,,,,
6/2/2025 7:30,,,,
6/2/2025 8:00,,,,
6/2/2025 8:30,,,,
6/2/2025 9:00,,,,
6/2/2025 9:30,,,,
6/2/2025 10:00,,,,
6/2/2025 10:30,,,,
6/2/2025 11:00,,,,
6/2/2025 11:30,,,,
6/2/2025 12:00,,,,
6/2/2025 12:30,,,,
6/2/2025 13:00,,,,
6/2/2025 13:30,,,,
6/2/2025 14:00,,,,
6/2/2025 14:30,,,,
6/2/2025 15:00,,,,
6/2/2025 15:30,,,,
6/2/2025 16:00,,,,
6/2/2025 16:30,,,,
6/2/2025 17:00,,,,
6/2/2025 17:30,,,,
6/2/2025 18:00,,,,
6/2/2025 18:30,,,,
6/2/2025 19:00,,,,
6/2/2025 19:30,,,,
6/2/2025 20:00,,,,
6/2/2025 20:30,,,,
6/2/2025 21:00,,,,
6/2/2025 21:30,,,,
6/2/2025 22:00,,,,
6/2/2025 22:30,,,,
6/2/2025 23:00,,,,
6/2/2025 23:30,,,,
6/3/2025 0:00,,,,
6/3/2025 0:30,,,,
6/3/2025 1:00,,,,
6/3/2025 1:30,,,,
6/3/2025 2:00,,,,
6/3/2025 2:30,,,,
6/3/2025 3:00,,,,
6/3/2025 3:30,,,,
6/3/2025 4:00,,,,
6/3/2025 4:30,,,,
6/3/2025 5:00,,,,
6/3/2025 5:30,,,,
6/3/2025 6:00,,,,
6/3/2025 6:30,,,,
6/3/2025 7:00,,,,
6/3/2025 7:30,,,,
6/3/2025 8:00,,,,
6/3/2025 8:30,,,,
6/3/2025 9:00,,,,
6/3/2025 9:30,,,,
6/3/2025 10:00,,,,
6/3/2025 10:30,,,,
6/3/2025 11:00,,,,
6/3/2025 11:30,,,,
6/3/2025 12:00,,,,
6/3/2025 12:30,,,,
6/3/2025 13:00,,,,
6/3/2025 13:30,,,,
6/3/2025 14:00,,,,
6/3/2025 14:30,,,,
6/3/2025 15:00,,,,
6/3/2025 15:30,,,,
6/3/2025 16:00,,,,
6/3/2025 16:30,,,,
6/3/2025 17:00,,,,
6/3/2025 17:30,,,,
6/3/2025 18:00,,,,
6/3/2025 18:30,,,,
6/3/2025 19:00,,,,
6/3/2025 19:30,,,,
6/3/2025 20:00,,,,
6/3/2025 20:30,,,,
6/3/2025 21:00,,,,
6/3/2025 21:30,,,,
6/3/2025 22:00,,,,
6/3/2025 22:30,,,,
6/3/2025 23:00,,,,
6/3/2025 23:30,,,,
6/4/2025 0:00,,,,
6/4/2025 0:30,,,,
6/4/2025 1:00,,,,
6/4/2025 1:30,,,,
6/4/2025 2:00,,,,
6/4/2025 2:30,,,,
6/4/2025 3:00,,,,
6/4/2025 3:30,,,,
6/4/2025 4:00,,,,
6/4/2025 4:30,,,,
6/4/2025 5:00,,,,
6/4/2025 5:30,,,,
6/4/2025 6:00,,,,
6/4/2025 6:30,,,,
6/4/2025 7:00,,,,
6/4/2025 7:30,,,,
6/4/2025 8:00,,,,
6/4/2025 8:30,,,,
6/4/2025 9:00,,,,
6/4/2025 9:30,,,,
6/4/2025 10:00,,,,
6/4/2025 10:30,,,,
6/4/2025 11:00,,,,
6/4/2025 11:30,,,,
6/4/2025 12:00,,,,
6/4/2025 12:30,,,,
6/4/2025 13:00,,,,
6/4/2025 13:30,,,,
6/4/2025 14:00,,,,
6/4/2025 14:30,,,,
6/4/2025 15:00,,,,
6/4/2025 15:30,,,,
6/4/2025 16:00,,,,
6/4/2025 16:30,,,,
6/4/2025 17:00,,,,
6/4/2025 17:30,,,,
6/4/2025 18:00,,,,
6/4/2025 18:30,,,,
6/4/2025 19:00,,,,
6/4/2025 19:30,,,,
6/4/2025 20:00,,,,
6/4/2025 20:30,,,,
6/4/2025 21:00,,,,
6/4/2025 21:30,,,,
6/4/2025 22:00,,,,
6/4/2025 22:30,,,,
6/4/2025 23:00,,,,
6/4/2025 23:30,,,,
6/5/2025 0:00,,,,
6/5/2025 0:30,,,,
6/5/2025 1:00,,,,
6/5/2025 1:30,,,,
6/5/2025 2:00,,,,
6/5/2025 2:30,,,,
6/5/2025 3:00,,,,
6/5/2025 3:30,,,,
6/5/2025 4:00,,,,
6/5/2025 4:30,,,,
6/5/2025 5:00,,,,
6/5/2025 5:30,,,,
6/5/2025 6:00,,,,
6/5/2025 6:30,,,,
6/5/2025 7:00,,,,
6/5/2025 7:30,,,,
6/5/2025 8:00,,,,
6/5/2025 8:30,,,,
6/5/2025 9:00,,,,
6/5/2025 9:30,,,,
6/5/2025 10:00,,,,
6/5/2025 10:30,,,,
6/5/2025 11:00,,,,
6/5/2025 11:30,,,,
6/5/2025 12:00,,,,
6/5/2025 12:30,,,,
6/5/2025 13:00,,,,
6/5/2025 13:30,,,,
6/5/2025 14:00,,,,
6/5/2025 14:30,,,,
6/5/2025 15:00,,,,
6/5/2025 15:30,,,,
6/5/2025 16:00,,,,
6/5/2025 16:30,,,,
6/5/2025 17:00,,,,
6/5/2025 17:30,,,,
6/5/2025 18:00,,,,
6/5/2025 18:30,,,,
6/5/2025 19:00,,,,
6/5/2025 19:30,,,,
6/5/2025 20:00,,,,
6/5/2025 20:30,,,,
6/5/2025 21:00,,,,
6/5/2025 21:30,,,,
6/5/2025 22:00,,,,
6/5/2025 22:30,,,,
6/5/2025 23:00,,,,
6/5/2025 23:30,,,,
6/6/2025 0:00,,,,
6/6/2025 0:30,,,,
6/6/2025 1:00,,,,
6/6/2025 1:30,,,,
6/6/2025 2:00,,,,
6/6/2025 2:30,,,,
6/6/2025 3:00,,,,
6/6/2025 3:30,,,,
6/6/2025 4:00,,,,
6/6/2025 4:30,,,,
6/6/2025 5:00,,,,
6/6/2025 5:30,,,,
6/6/2025 6:00,,,,
6/6/2025 6:30,,,,
6/6/2025 7:00,,,,
6/6/2025 7:30,,,,
6/6/2025 8:00,,,,
6/6/2025 8:30,,,,
6/6/2025 9:00,,,,
6/6/2025 9:30,,,,
6/6/2025 10:00,,,,
6/6/2025 10:30,,,,
6/6/2025 11:00,,,,
6/6/2025 11:30,,,,
6/6/2025 12:00,,,,
6/6/2025 12:30,,,,
6/6/2025 13:00,,,,
6/6/2025 13:30,,,,
6/6/2025 14:00,,,,
6/6/2025 14:30,,,,
6/6/2025 15:00,,,,
6/6/2025 15:30,,,,
6/6/2025 16:00,,,,
6/6/2025 16:30,,,,
6/6/2025 17:00,,,,
6/6/2025 17:30,,,,
6/6/2025 18:00,,,,
6/6/2025 18:30,,,,
6/6/2025 19:00,,,,
6/6/2025 19:30,,,,
6/6/2025 20:00,,,,
6/6/2025 20:30,,,,
6/6/2025 21:00,,,,
6/6/2025 21:30,,,,
6/6/2025 22:00,,,,
6/6/2025 22:30,,,,
6/6/2025 23:00,,,,
6/6/2025 23:30,,,,
6/7/2025 0:00,,,,
6/7/2025 0:30,,,,
6/7/2025 1:00,,,,
6/7/2025 1:30,,,,
6/7/2025 2:00,,,,
6/7/2025 2:30,,,,
6/7/2025 3:00,,,,
6/7/2025 3:30,,,,
6/7/2025 4:00,,,,
6/7/2025 4:30,,,,
6/7/2025 5:00,,,,
6/7/2025 5:30,,,,
6/7/2025 6:00,,,,
6/7/2025 6:30,,,,
6/7/2025 7:00,,,,
6/7/2025 7:30,,,,
6/7/2025 8:00,,,,
6/7/2025 8:30,,,,
6/7/2025 9:00,,,,
6/7/2025 9:30,,,,
6/7/2025 10:00,,,,
6/7/2025 10:30,,,,
6/7/2025 11:00,,,,
6/7/2025 11:30,,,,
6/7/2025 12:00,,,,
6/7/2025 12:30,,,,
6/7/2025 13:00,,,,
6/7/2025 13:30,,,,
6/7/2025 14:00,,,,
6/7/2025 14:30,,,,
6/7/2025 15:00,,,,
6/7/2025 15:30,,,,
6/7/2025 16:00,,,,
6/7/2025 16:30,,,,
6/7/2025 17:00,,,,
6/7/2025 17:30,,,,
6/7/2025 18:00,,,,
6/7/2025 18:30,,,,
6/7/2025 19:00,,,,
6/7/2025 19:30,,,,
6/7/2025 20:00,,,,
6/7/2025 20:30,,,,
6/7/2025 21:00,,,,
6/7/2025 21:30,,,,
6/7/2025 22:00,,,,
6/7/2025 22:30,,,,
6/7/2025 23:00,,,,
6/7/2025 23:30,,,,
6/8/2025 0:00,,,,
6/8/2025 0:30,,,,
6/8/2025 1:00,,,,
6/8/2025 1:30,,,,
6/8/2025 2:00,,,,
6/8/2025 2:30,,,,
6/8/2025 3:00,,,,
6/8/2025 3:30,,,,
6/8/2025 4:00,,,,
6/8/2025 4:30,,,,
6/8/2025 5:00,,,,
6/8/2025 5:30,,,,
6/8/2025 6:00,,,,
6/8/2025 6:30,,,,
6/8/2025 7:00,,,,
6/8/2025 7:30,,,,
6/8/2025 8:00,,,,
6/8/2025 8:30,,,,
6/8/2025 9:00,,,,
6/8/2025 9:30,,,,
6/8/2025 10:00,,,,
6/8/2025 10:30,,,,
6/8/2025 11:00,,,,
6/8/2025 11:30,,,,
6/8/2025 12:00,,,,
6/8/2025 12:30,,,,
6/8/2025 13:00,,,,
6/8/2025 13:30,,,,
6/8/2025 14:00,,,,
6/8/2025 14:30,,,,
6/8/2025 15:00,,,,
6/8/2025 15:30,,,,
6/8/2025 16:00,,,,
6/8/2025 16:30,,,,
6/8/2025 17:00,,,,
6/8/2025 17:30,,,,
6/8/2025 18:00,,,,
6/8/2025 18:30,,,,
6/8/2025 19:00,,,,
6/8/2025 19:30,,,,
6/8/2025 20:00,,,,
6/8/2025 20:30,,,,
6/8/2025 21:00,,,,
6/8/2025 21:30,,,,
6/8/2025 22:00,,,,
6/8/2025 22:30,,,,
6/8/2025 23:00,,,,
6/8/2025 23:30,,,,
6/9/2025 0:00,,,,
6/9/2025 0:30,,,,
6/9/2025 1:00,,,,
6/9/2025 1:30,,,,
6/9/2025 2:00,,,,
6/9/2025 2:30,,,,
6/9/2025 3:00,,,,
6/9/2025 3:30,,,,
6/9/2025 4:00,,,,
6/9/2025 4:30,,,,
6/9/2025 5:00,,,,
6/9/2025 5:30,,,,
6/9/2025 6:00,,,,
6/9/2025 6:30,,,,
6/9/2025 7:00,,,,
6/9/2025 7:30,,,,
6/9/2025 8:00,,,,
6/9/2025 8:30,,,,
6/9/2025 9:00,,,,
6/9/2025 9:30,,,,
6/9/2025 10:00,,,,
6/9/2025 10:30,,,,
6/9/2025 11:00,,,,
6/9/2025 11:30,,,,
6/9/2025 12:00,,,,
6/9/2025 12:30,,,,
6/9/2025 13:00,,,,
6/9/2025 13:30,,,,
6/9/2025 14:00,,,,
6/9/2025 14:30,,,,
6/9/2025 15:00,,,,
6/9/2025 15:30,,,,
6/9/2025 16:00,,,,
6/9/2025 16:30,,,,
6/9/2025 17:00,,,,
6/9/2025 17:30,,,,
6/9/2025 18:00,,,,
6/9/2025 18:30,,,,
6/9/2025 19:00,,,,
6/9/2025 19:30,,,,
6/9/2025 20:00,,,,
6/9/2025 20:30,,,,
6/9/2025 21:00,,,,
6/9/2025 21:30,,,,
6/9/2025 22:00,,,,
6/9/2025 22:30,,,,
6/9/2025 23:00,,,,
6/9/2025 23:30,,,,
6/10/2025 0:00,,,,
6/10/2025 0:30,,,,
6/10/2025 1:00,,,,
6/10/2025 1:30,,,,
6/10/2025 2:00,,,,
6/10/2025 2:30,,,,
6/10/2025 3:00,,,,
6/10/2025 3:30,,,,
6/10/2025 4:00,,,,
6/10/2025 4:30,,,,
6/10/2025 5:00,,,,
6/10/2025 5:30,,,,
6/10/2025 6:00,,,,
6/10/2025 6:30,,,,
6/10/2025 7:00,,,,
6/10/2025 7:30,,,,
6/10/2025 8:00,,,,
6/10/2025 8:30,,,,
6/10/2025 9:00,,,,
6/10/2025 9:30,,,,
6/10/2025 10:00,,,,
6/10/2025 10:30,,,,
6/10/2025 11:00,,,,
6/10/2025 11:30,,,,
6/10/2025 12:00,,,,
6/10/2025 12:30,,,,
6/10/2025 13:00,,,,
6/10/2025 13:30,,,,
6/10/2025 14:00,,,,
6/10/2025 14:30,,,,
6/10/2025 15:00,,,,
6/10/2025 15:30,,,,
6/10/2025 16:00,,,,
6/10/2025 16:30,,,,
6/10/2025 17:00,,,,
6/10/2025 17:30,,,,
6/10/2025 18:00,,,,
6/10/2025 18:30,,,,
6/10/2025 19:00,,,,
6/10/2025 19:30,,,,
6/10/2025 20:00,,,,
6/10/2025 20:30,,,,
6/10/2025 21:00,,,,
6/10/2025 21:30,,,,
6/10/2025 22:00,,,,
6/10/2025 22:30,,,,
6/10/2025 23:00,,,,
6/10/2025 23:30,,,,
6/11/2025 0:00,,,,
6/11/2025 0:30,,,,
6/11/2025 1:00,,,,
6/11/2025 1:30,,,,
6/11/2025 2:00,,,,
6/11/2025 2:30,,,,
6/11/2025 3:00,,,,
6/11/2025 3:30,,,,
6/11/2025 4:00,,,,
6/11/2025 4:30,,,,
6/11/2025 5:00,,,,
6/11/2025 5:30,,,,
6/11/2025 6:00,,,,
6/11/2025 6:30,,,,
6/11/2025 7:00,,,,
6/11/2025 7:30,,,,
6/11/2025 8:00,,,,
6/11/2025 8:30,,,,
6/11/2025 9:00,,,,
6/11/2025 9:30,,,,
6/11/2025 10:00,,,,
6/11/2025 10:30,,,,
6/11/2025 11:00,,,,
6/11/2025 11:30,,,,
6/11/2025 12:00,,,,
6/11/2025 12:30,,,,
6/11/2025 13:00,,,,
6/11/2025 13:30,,,,
6/11/2025 14:00,,,,
6/11/2025 14:30,,,,
6/11/2025 15:00,,,,
6/11/2025 15:30,,,,
6/11/2025 16:00,,,,
6/11/2025 16:30,,,,
6/11/2025 17:00,,,,
6/11/2025 17:30,,,,
6/11/2025 18:00,,,,
6/11/2025 18:30,,,,
6/11/2025 19:00,,,,
6/11/2025 19:30,,,,
6/11/2025 20:00,,,,
6/11/2025 20:30,,,,
6/11/2025 21:00,,,,
6/11/2025 21:30,,,,
6/11/2025 22:00,,,,
6/11/2025 22:30,,,,
6/11/2025 23:00,,,,
6/11/2025 23:30,,,,
6/12/2025 0:00,,,,
6/12/2025 0:30,,,,
6/12/2025 1:00,,,,
6/12/2025 1:30,,,,
6/12/2025 2:00,,,,
6/12/2025 2:30,,,,
6/12/2025 3:00,,,,
6/12/2025 3:30,,,,
6/12/2025 4:00,,,,
6/12/2025 4:30,,,,
6/12/2025 5:00,,,,
6/12/2025 5:30,,,,
6/12/2025 6:00,,,,
6/12/2025 6:30,,,,
6/12/2025 7:00,,,,
6/12/2025 7:30,,,,
6/12/2025 8:00,,,,
6/12/2025 8:30,,,,
6/12/2025 9:00,,,,
6/12/2025 9:30,,,,
6/12/2025 10:00,,,,
6/12/2025 10:30,,,,
6/12/2025 11:00,,,,
6/12/2025 11:30,,,,
6/12/2025 12:00,,,,
6/12/2025 12:30,,,,
6/12/2025 13:00,,,,
6/12/2025 13:30,,,,
6/12/2025 14:00,,,,
6/12/2025 14:30,,,,
6/12/2025 15:00,,,,
6/12/2025 15:30,,,,
6/12/2025 16:00,,,,
6/12/2025 16:30,,,,
6/12/2025 17:00,,,,
6/12/2025 17:30,,,,
6/12/2025 18:00,,,,
6/12/2025 18:30,,,,
6/12/2025 19:00,,,,
6/12/2025 19:30,,,,
6/12/2025 20:00,,,,
6/12/2025 20:30,,,,
6/12/2025 21:00,,,,
6/12/2025 21:30,,,,
6/12/2025 22:00,,,,
6/12/2025 22:30,,,,
6/12/2025 23:00,,,,
6/12/2025 23:30,,,,
6/13/2025 0:00,,,,
6/13/2025 0:30,,,,
6/13/2025 1:00,,,,
6/13/2025 1:30,,,,
6/13/2025 2:00,,,,
6/13/2025 2:30,,,,
6/13/2025 3:00,,,,
6/13/2025 3:30,,,,
6/13/2025 4:00,,,,
6/13/2025 4:30,,,,
6/13/2025 5:00,,,,
6/13/2025 5:30,,,,
6/13/2025 6:00,,,,
6/13/2025 6:30,,,,
6/13/2025 7:00,,,,
6/13/2025 7:30,,,,
6/13/2025 8:00,,,,
6/13/2025 8:30,,,,
6/13/2025 9:00,,,,
6/13/2025 9:30,,,,
6/13/2025 10:00,,,,
6/13/2025 10:30,,,,
6/13/2025 11:00,,,,
6/13/2025 11:30,,,,
6/13/2025 12:00,,,,
6/13/2025 12:30,,,,
6/13/2025 13:00,,,,
6/13/2025 13:30,,,,
6/13/2025 14:00,,,,
6/13/2025 14:30,,,,
6/13/2025 15:00,,,,
6/13/2025 15:30,,,,
6/13/2025 16:00,,,,
6/13/2025 16:30,,,,
6/13/2025 17:00,,,,
6/13/2025 17:30,,,,
6/13/2025 18:00,,,,
6/13/2025 18:30,,,,
6/13/2025 19:00,,,,
6/13/2025 19:30,,,,
6/13/2025 20:00,,,,
6/13/2025 20:30,,,,
6/13/2025 21:00,,,,
6/13/2025 21:30,,,,
6/13/2025 22:00,,,,
6/13/2025 22:30,,,,
6/13/2025 23:00,,,,
6/13/2025 23:30,,,,
6/14/2025 0:00,,,,
6/14/2025 0:30,,,,
6/14/2025 1:00,,,,
6/14/2025 1:30,,,,
6/14/2025 2:00,,,,
6/14/2025 2:30,,,,
6/14/2025 3:00,,,,
6/14/2025 3:30,,,,
6/14/2025 4:00,,,,
6/14/2025 4:30,,,,
6/14/2025 5:00,,,,
6/14/2025 5:30,,,,
6/14/2025 6:00,,,,
6/14/2025 6:30,,,,
6/14/2025 7:00,,,,
6/14/2025 7:30,,,,
6/14/2025 8:00,,,,
6/14/2025 8:30,,,,
6/14/2025 9:00,,,,
6/14/2025 9:30,,,,
6/14/2025 10:00,,,,
6/14/2025 10:30,,,,
6/14/2025 11:00,,,,
6/14/2025 11:30,,,,
6/14/2025 12:00,,,,
6/14/2025 12:30,,,,
6/14/2025 13:00,,,,
6/14/2025 13:30,,,,
6/14/2025 14:00,,,,
6/14/2025 14:30,,,,
6/14/2025 15:00,,,,
6/14/2025 15:30,,,,
6/14/2025 16:00,,,,
6/14/2025 16:30,,,,
6/14/2025 17:00,,,,
6/14/2025 17:30,,,,
6/14/2025 18:00,,,,
6/14/2025 18:30,,,,
6/14/2025 19:00,,,,
6/14/2025 19:30,,,,
6/14/2025 20:00,,,,
6/14/2025 20:30,,,,
6/14/2025 21:00,,,,
6/14/2025 21:30,,,,
6/14/2025 22:00,,,,
6/14/2025 22:30,,,,
6/14/2025 23:00,,,,
6/14/2025 23:30,,,,
6/15/2025 0:00,,,,
6/15/2025 0:30,,,,
6/15/2025 1:00,,,,
6/15/2025 1:30,,,,
6/15/2025 2:00,,,,
6/15/2025 2:30,,,,
6/15/2025 3:00,,,,
6/15/2025 3:30,,,,
6/15/2025 4:00,,,,
6/15/2025 4:30,,,,
6/15/2025 5:00,,,,
6/15/2025 5:30,,,,
6/15/2025 6:00,,,,
6/15/2025 6:30,,,,
6/15/2025 7:00,,,,
6/15/2025 7:30,,,,
6/15/2025 8:00,,,,
6/15/2025 8:30,,,,
6/15/2025 9:00,,,,
6/15/2025 9:30,,,,
6/15/2025 10:00,,,,
6/15/2025 10:30,,,,
6/15/2025 11:00,,,,
6/15/2025 11:30,,,,
6/15/2025 12:00,,,,
6/15/2025 12:30,,,,
6/15/2025 13:00,,,,
6/15/2025 13:30,,,,
6/15/2025 14:00,,,,
6/15/2025 14:30,,,,
6/15/2025 15:00,,,,
6/15/2025 15:30,,,,
6/15/2025 16:00,,,,
6/15/2025 16:30,,,,
6/15/2025 17:00,,,,
6/15/2025 17:30,,,,
6/15/2025 18:00,,,,
6/15/2025 18:30,,,,
6/15/2025 19:00,,,,
6/15/2025 19:30,,,,
6/15/2025 20:00,,,,
6/15/2025 20:30,,,,
6/15/2025 21:00,,,,
6/15/2025 21:30,,,,
6/15/2025 22:00,,,,
6/15/2025 22:30,,,,
6/15/2025 23:00,,,,
6/15/2025 23:30,,,,
6/16/2025 0:00,,,,
6/16/2025 0:30,,,,
6/16/2025 1:00,,,,
6/16/2025 1:30,,,,
6/16/2025 2:00,,,,
6/16/2025 2:30,,,,
6/16/2025 3:00,,,,
6/16/2025 3:30,,,,
6/16/2025 4:00,,,,
6/16/2025 4:30,,,,
6/16/2025 5:00,,,,
6/16/2025 5:30,,,,
6/16/2025 6:00,,,,
6/16/2025 6:30,,,,
6/16/2025 7:00,,,,
6/16/2025 7:30,,,,
6/16/2025 8:00,,,,
6/16/2025 8:30,,,,
6/16/2025 9:00,,,,
6/16/2025 9:30,,,,
6/16/2025 10:00,,,,
6/16/2025 10:30,,,,
6/16/2025 11:00,,,,
6/16/2025 11:30,,,,
6/16/2025 12:00,,,,
6/16/2025 12:30,,,,
6/16/2025 13:00,,,,
6/16/2025 13:30,,,,
6/16/2025 14:00,,,,
6/16/2025 14:30,,,,
6/16/2025 15:00,,,,
6/16/2025 15:30,,,,
6/16/2025 16:00,,,,
6/16/2025 16:30,,,,
6/16/2025 17:00,,,,
6/16/2025 17:30,,,,
6/16/2025 18:00,,,,
6/16/2025 18:30,,,,
6/16/2025 19:00,,,,
6/16/2025 19:30,,,,
6/16/2025 20:00,,,,
6/16/2025 20:30,,,,
6/16/2025 21:00,,,,
6/16/2025 21:30,,,,
6/16/2025 22:00,,,,
6/16/2025 22:30,,,,
6/16/2025 23:00,,,,
6/16/2025 23:30,,,,
6/17/2025 0:00,,,,
6/17/2025 0:30,,,,
6/17/2025 1:00,,,,
6/17/2025 1:30,,,,
6/17/2025 2:00,,,,
6/17/2025 2:30,,,,
6/17/2025 3:00,,,,
6/17/2025 3:30,,,,
6/17/2025 4:00,,,,
6/17/2025 4:30,,,,
6/17/2025 5:00,,,,
6/17/2025 5:30,,,,
6/17/2025 6:00,,,,
6/17/2025 6:30,,,,
6/17/2025 7:00,,,,
6/17/2025 7:30,,,,
6/17/2025 8:00,,,,
6/17/2025 8:30,,,,
6/17/2025 9:00,,,,
6/17/2025 9:30,,,,
6/17/2025 10:00,,,,
6/17/2025 10:30,,,,
6/17/2025 11:00,,,,
6/17/2025 11:30,,,,
6/17/2025 12:00,,,,
6/17/2025 12:30,,,,
6/17/2025 13:00,,,,
6/17/2025 13:30,,,,
6/17/2025 14:00,,,,
6/17/2025 14:30,,,,
6/17/2025 15:00,,,,
6/17/2025 15:30,,,,
6/17/2025 16:00,,,,
6/17/2025 16:30,,,,
6/17/2025 17:00,,,,
6/17/2025 17:30,,,,
6/17/2025 18:00,,,,
6/17/2025 18:30,,,,
6/17/2025 19:00,,,,
6/17/2025 19:30,,,,
6/17/2025 20:00,,,,
6/17/2025 20:30,,,,
6/17/2025 21:00,,,,
6/17/2025 21:30,,,,
6/17/2025 22:00,,,,
6/17/2025 22:30,,,,
6/17/2025 23:00,,,,
6/17/2025 23:30,,,,
6/18/2025 0:00,,,,
6/18/2025 0:30,,,,
6/18/2025 1:00,,,,
6/18/2025 1:30,,,,
6/18/2025 2:00,,,,
6/18/2025 2:30,,,,
6/18/2025 3:00,,,,
6/18/2025 3:30,,,,
6/18/2025 4:00,,,,
6/18/2025 4:30,,,,
6/18/2025 5:00,,,,
6/18/2025 5:30,,,,
6/18/2025 6:00,,,,
6/18/2025 6:30,,,,
6/18/2025 7:00,,,,
6/18/2025 7:30,,,,
6/18/2025 8:00,,,,
6/18/2025 8:30,,,,
6/18/2025 9:00,,,,
6/18/2025 9:30,,,,
6/18/2025 10:00,,,,
6/18/2025 10:30,,,,
6/18/2025 11:00,,,,
6/18/2025 11:30,,,,
6/18/2025 12:00,,,,
6/18/2025 12:30,,,,
6/18/2025 13:00,,,,
6/18/2025 13:30,,,,
6/18/2025 14:00,,,,
6/18/2025 14:30,,,,
6/18/2025 15:00,,,,
6/18/2025 15:30,,,,
6/18/2025 16:00,,,,
6/18/2025 16:30,,,,
6/18/2025 17:00,,,,
6/18/2025 17:30,,,,
6/18/2025 18:00,,,,
6/18/2025 18:30,,,,
6/18/2025 19:00,,,,
6/18/2025 19:30,,,,
6/18/2025 20:00,,,,
6/18/2025 20:30,,,,
6/18/2025 21:00,,,,
6/18/2025 21:30,,,,
6/18/2025 22:00,,,,
6/18/2025 22:30,,,,
6/18/2025 23:00,,,,
6/18/2025 23:30,,,,
6/19/2025 0:00,,,,
6/19/2025 0:30,,,,
6/19/2025 1:00,,,,
6/19/2025 1:30,,,,
6/19/2025 2:00,,,,
6/19/2025 2:30,,,,
6/19/2025 3:00,,,,
6/19/2025 3:30,,,,
6/19/2025 4:00,,,,
6/19/2025 4:30,,,,
6/19/2025 5:00,,,,
6/19/2025 5:30,,,,
6/19/2025 6:00,,,,
6/19/2025 6:30,,,,
6/19/2025 7:00,,,,
6/19/2025 7:30,,,,
6/19/2025 8:00,,,,
6/19/2025 8:30,,,,
6/19/2025 9:00,,,,
6/19/2025 9:30,,,,
6/19/2025 10:00,,,,
6/19/2025 10:30,,,,
6/19/2025 11:00,,,,
6/19/2025 11:30,,,,
6/19/2025 12:00,,,,
6/19/2025 12:30,,,,
6/19/2025 13:00,,,,
6/19/2025 13:30,,,,
6/19/2025 14:00,,,,
6/19/2025 14:30,,,,
6/19/2025 15:00,,,,
6/19/2025 15:30,,,,
6/19/2025 16:00,,,,
6/19/2025 16:30,,,,
6/19/2025 17:00,,,,
6/19/2025 17:30,,,,
6/19/2025 18:00,,,,
6/19/2025 18:30,,,,
6/19/2025 19:00,,,,
6/19/2025 19:30,,,,
6/19/2025 20:00,,,,
6/19/2025 20:30,,,,
6/19/2025 21:00,,,,
6/19/2025 21:30,,,,
6/19/2025 22:00,,,,
6/19/2025 22:30,,,,
6/19/2025 23:00,,,,
6/19/2025 23:30,,,,
6/20/2025 0:00,,,,
6/20/2025 0:30,,,,
6/20/2025 1:00,,,,
6/20/2025 1:30,,,,
6/20/2025 2:00,,,,
6/20/2025 2:30,,,,
6/20/2025 3:00,,,,
6/20/2025 3:30,,,,
6/20/2025 4:00,,,,
6/20/2025 4:30,,,,
6/20/2025 5:00,,,,
6/20/2025 5:30,,,,
6/20/2025 6:00,,,,
6/20/2025 6:30,,,,
6/20/2025 7:00,,,,
6/20/2025 7:30,,,,
6/20/2025 8:00,,,,
6/20/2025 8:30,,,,
6/20/2025 9:00,,,,
6/20/2025 9:30,,,,
6/20/2025 10:00,,,,
6/20/2025 10:30,,,,
6/20/2025 11:00,,,,
6/20/2025 11:30,,,,
6/20/2025 12:00,,,,
6/20/2025 12:30,,,,
6/20/2025 13:00,,,,
6/20/2025 13:30,,,,
6/20/2025 14:00,,,,
6/20/2025 14:30,,,,
6/20/2025 15:00,,,,
6/20/2025 15:30,,,,
6/20/2025 16:00,,,,
6/20/2025 16:30,,,,
6/20/2025 17:00,,,,
6/20/2025 17:30,,,,
6/20/2025 18:00,,,,
6/20/2025 18:30,,,,
6/20/2025 19:00,,,,
6/20/2025 19:30,,,,
6/20/2025 20:00,,,,
6/20/2025 20:30,,,,
6/20/2025 21:00,,,,
6/20/2025 21:30,,,,
6/20/2025 22:00,,,,
6/20/2025 22:30,,,,
6/20/2025 23:00,,,,
6/20/2025 23:30,,,,
6/21/2025 0:00,,,,
6/21/2025 0:30,,,,
6/21/2025 1:00,,,,
6/21/2025 1:30,,,,
6/21/2025 2:00,,,,
6/21/2025 2:30,,,,
6/21/2025 3:00,,,,
6/21/2025 3:30,,,,
6/21/2025 4:00,,,,
6/21/2025 4:30,,,,
6/21/2025 5:00,,,,
6/21/2025 5:30,,,,
6/21/2025 6:00,,,,
6/21/2025 6:30,,,,
6/21/2025 7:00,,,,
6/21/2025 7:30,,,,
6/21/2025 8:00,,,,
6/21/2025 8:30,,,,
6/21/2025 9:00,,,,
6/21/2025 9:30,,,,
6/21/2025 10:00,,,,
6/21/2025 10:30,,,,
6/21/2025 11:00,,,,
6/21/2025 11:30,,,,
6/21/2025 12:00,,,,
6/21/2025 12:30,,,,
6/21/2025 13:00,,,,
6/21/2025 13:30,,,,
6/21/2025 14:00,,,,
6/21/2025 14:30,,,,
6/21/2025 15:00,,,,
6/21/2025 15:30,,,,
6/21/2025 16:00,,,,
6/21/2025 16:30,,,,
6/21/2025 17:00,,,,
6/21/2025 17:30,,,,
6/21/2025 18:00,,,,
6/21/2025 18:30,,,,
6/21/2025 19:00,,,,
6/21/2025 19:30,,,,
6/21/2025 20:00,,,,
6/21/2025 20:30,,,,
6/21/2025 21:00,,,,
6/21/2025 21:30,,,,
6/21/2025 22:00,,,,
6/21/2025 22:30,,,,
6/21/2025 23:00,,,,
6/21/2025 23:30,,,,
6/22/2025 0:00,,,,
6/22/2025 0:30,,,,
6/22/2025 1:00,,,,
6/22/2025 1:30,,,,
6/22/2025 2:00,,,,
6/22/2025 2:30,,,,
6/22/2025 3:00,,,,
6/22/2025 3:30,,,,
6/22/2025 4:00,,,,
6/22/2025 4:30,,,,
6/22/2025 5:00,,,,
6/22/2025 5:30,,,,
6/22/2025 6:00,,,,
6/22/2025 6:30,,,,
6/22/2025 7:00,,,,
6/22/2025 7:30,,,,
6/22/2025 8:00,,,,
6/22/2025 8:30,,,,
6/22/2025 9:00,,,,
6/22/2025 9:30,,,,
6/22/2025 10:00,,,,
6/22/2025 10:30,,,,
6/22/2025 11:00,,,,
6/22/2025 11:30,,,,
6/22/2025 12:00,,,,
6/22/2025 12:30,,,,
6/22/2025 13:00,,,,
6/22/2025 13:30,,,,
6/22/2025 14:00,,,,
6/22/2025 14:30,,,,
6/22/2025 15:00,,,,
6/22/2025 15:30,,,,
6/22/2025 16:00,,,,
6/22/2025 16:30,,,,
6/22/2025 17:00,,,,
6/22/2025 17:30,,,,
6/22/2025 18:00,,,,
6/22/2025 18:30,,,,
6/22/2025 19:00,,,,
6/22/2025 19:30,,,,
6/22/2025 20:00,,,,
6/22/2025 20:30,,,,
6/22/2025 21:00,,,,
6/22/2025 21:30,,,,
6/22/2025 22:00,,,,
6/22/2025 22:30,,,,
6/22/2025 23:00,,,,
6/22/2025 23:30,,,,
6/23/2025 0:00,,,,
6/23/2025 0:30,,,,
6/23/2025 1:00,,,,
6/23/2025 1:30,,,,
6/23/2025 2:00,,,,
6/23/2025 2:30,,,,
6/23/2025 3:00,,,,
6/23/2025 3:30,,,,
6/23/2025 4:00,,,,
6/23/2025 4:30,,,,
6/23/2025 5:00,,,,
6/23/2025 5:30,,,,
6/23/2025 6:00,,,,
6/23/2025 6:30,,,,
6/23/2025 7:00,,,,
6/23/2025 7:30,,,,
6/23/2025 8:00,,,,
6/23/2025 8:30,,,,
6/23/2025 9:00,,,,
6/23/2025 9:30,,,,
6/23/2025 10:00,,,,
6/23/2025 10:30,,,,
6/23/2025 11:00,,,,
6/23/2025 11:30,,,,
6/23/2025 12:00,,,,
6/23/2025 12:30,,,,
6/23/2025 13:00,,,,
6/23/2025 13:30,,,,
6/23/2025 14:00,,,,
6/23/2025 14:30,,,,
6/23/2025 15:00,,,,
6/23/2025 15:30,,,,
6/23/2025 16:00,,,,
6/23/2025 16:30,,,,
6/23/2025 17:00,,,,
6/23/2025 17:30,,,,
6/23/2025 18:00,,,,
6/23/2025 18:30,,,,
6/23/2025 19:00,,,,
6/23/2025 19:30,,,,
6/23/2025 20:00,,,,
6/23/2025 20:30,,,,
6/23/2025 21:00,,,,
6/23/2025 21:30,,,,
6/23/2025 22:00,,,,
6/23/2025 22:30,,,,
6/23/2025 23:00,,,,
6/23/2025 23:30,,,,
6/24/2025 0:00,,,,
6/24/2025 0:30,,,,
6/24/2025 1:00,,,,
6/24/2025 1:30,,,,
6/24/2025 2:00,,,,
6/24/2025 2:30,,,,
6/24/2025 3:00,,,,
6/24/2025 3:30,,,,
6/24/2025 4:00,,,,
6/24/2025 4:30,,,,
6/24/2025 5:00,,,,
6/24/2025 5:30,,,,
6/24/2025 6:00,,,,
6/24/2025 6:30,,,,
6/24/2025 7:00,,,,
6/24/2025 7:30,,,,
6/24/2025 8:00,,,,
6/24/2025 8:30,,,,
6/24/2025 9:00,,,,
6/24/2025 9:30,,,,
6/24/2025 10:00,,,,
6/24/2025 10:30,,,,
6/24/2025 11:00,,,,
6/24/2025 11:30,,,,
6/24/2025 12:00,,,,
6/24/2025 12:30,,,,
6/24/2025 13:00,,,,
6/24/2025 13:30,,,,
6/24/2025 14:00,,,,
6/24/2025 14:30,,,,
6/24/2025 15:00,,,,
6/24/2025 15:30,,,,
6/24/2025 16:00,,,,
6/24/2025 16:30,,,,
6/24/2025 17:00,,,,
6/24/2025 17:30,,,,
6/24/2025 18:00,,,,
6/24/2025 18:30,,,,
6/24/2025 19:00,,,,
6/24/2025 19:30,,,,
6/24/2025 20:00,,,,
6/24/2025 20:30,,,,
6/24/2025 21:00,,,,
6/24/2025 21:30,,,,
6/24/2025 22:00,,,,
6/24/2025 22:30,,,,
6/24/2025 23:00,,,,
6/24/2025 23:30,,,,
6/25/2025 0:00,,,,
6/25/2025 0:30,,,,
6/25/2025 1:00,,,,
6/25/2025 1:30,,,,
6/25/2025 2:00,,,,
6/25/2025 2:30,,,,
6/25/2025 3:00,,,,
6/25/2025 3:30,,,,
6/25/2025 4:00,,,,
6/25/2025 4:30,,,,
6/25/2025 5:00,,,,
6/25/2025 5:30,,,,
6/25/2025 6:00,,,,
6/25/2025 6:30,,,,
6/25/2025 7:00,,,,
6/25/2025 7:30,,,,
6/25/2025 8:00,,,,
6/25/2025 8:30,,,,
6/25/2025 9:00,,,,
6/25/2025 9:30,,,,
6/25/2025 10:00,,,,
6/25/2025 10:30,,,,
6/25/2025 11:00,,,,
6/25/2025 11:30,,,,
6/25/2025 12:00,,,,
6/25/2025 12:30,,,,
6/25/2025 13:00,,,,
6/25/2025 13:30,,,,
6/25/2025 14:00,,,,
6/25/2025 14:30,,,,
6/25/2025 15:00,,,,
6/25/2025 15:30,,,,
6/25/2025 16:00,,,,
6/25/2025 16:30,,,,
6/25/2025 17:00,,,,
6/25/2025 17:30,,,,
6/25/2025 18:00,,,,
6/25/2025 18:30,,,,
6/25/2025 19:00,,,,
6/25/2025 19:30,,,,
6/25/2025 20:00,,,,
6/25/2025 20:30,,,,
6/25/2025 21:00,,,,
6/25/2025 21:30,,,,
6/25/2025 22:00,,,,
6/25/2025 22:30,,,,
6/25/2025 23:00,,,,
6/25/2025 23:30,,,,
6/26/2025 0:00,,,,
6/26/2025 0:30,,,,
6/26/2025 1:00,,,,
6/26/2025 1:30,,,,
6/26/2025 2:00,,,,
6/26/2025 2:30,,,,
6/26/2025 3:00,,,,
6/26/2025 3:30,,,,
6/26/2025 4:00,,,,
6/26/2025 4:30,,,,
6/26/2025 5:00,,,,
6/26/2025 5:30,,,,
6/26/2025 6:00,,,,
6/26/2025 6:30,,,,
6/26/2025 7:00,,,,
6/26/2025 7:30,,,,
6/26/2025 8:00,,,,
6/26/2025 8:30,,,,
6/26/2025 9:00,,,,
6/26/2025 9:30,,,,
6/26/2025 10:00,,,,
6/26/2025 10:30,,,,
6/26/2025 11:00,,,,
6/26/2025 11:30,,,,
6/26/2025 12:00,,,,
6/26/2025 12:30,,,,
6/26/2025 13:00,,,,
6/26/2025 13:30,,,,
6/26/2025 14:00,,,,
6/26/2025 14:30,,,,
6/26/2025 15:00,,,,
6/26/2025 15:30,,,,
6/26/2025 16:00,,,,
6/26/2025 16:30,,,,
6/26/2025 17:00,,,,
6/26/2025 17:30,,,,
6/26/2025 18:00,,,,
6/26/2025 18:30,,,,
6/26/2025 19:00,,,,
6/26/2025 19:30,,,,
6/26/2025 20:00,,,,
6/26/2025 20:30,,,,
6/26/2025 21:00,,,,
6/26/2025 21:30,,,,
6/26/2025 22:00,,,,
6/26/2025 22:30,,,,
6/26/2025 23:00,,,,
6/26/2025 23:30,,,,
6/27/2025 0:00,,,,
6/27/2025 0:30,,,,
6/27/2025 1:00,,,,
6/27/2025 1:30,,,,
6/27/2025 2:00,,,,
6/27/2025 2:30,,,,
6/27/2025 3:00,,,,
6/27/2025 3:30,,,,
6/27/2025 4:00,,,,
6/27/2025 4:30,,,,
6/27/2025 5:00,,,,
6/27/2025 5:30,,,,
6/27/2025 6:00,,,,
6/27/2025 6:30,,,,
6/27/2025 7:00,,,,
6/27/2025 7:30,,,,
6/27/2025 8:00,,,,
6/27/2025 8:30,,,,
6/27/2025 9:00,,,,
6/27/2025 9:30,,,,
6/27/2025 10:00,,,,
6/27/2025 10:30,,,,
6/27/2025 11:00,,,,
6/27/2025 11:30,,,,
6/27/2025 12:00,,,,
6/27/2025 12:30,,,,
6/27/2025 13:00,,,,
6/27/2025 13:30,,,,
6/27/2025 14:00,,,,
6/27/2025 14:30,,,,
6/27/2025 15:00,,,,
6/27/2025 15:30,,,,
6/27/2025 16:00,,,,
6/27/2025 16:30,,,,
6/27/2025 17:00,,,,
6/27/2025 17:30,,,,
6/27/2025 18:00,,,,
6/27/2025 18:30,,,,
6/27/2025 19:00,,,,
6/27/2025 19:30,,,,
6/27/2025 20:00,,,,
6/27/2025 20:30,,,,
6/27/2025 21:00,,,,
6/27/2025 21:30,,,,
6/27/2025 22:00,,,,
6/27/2025 22:30,,,,
6/27/2025 23:00,,,,
6/27/2025 23:30,,,,
6/28/2025 0:00,,,,
6/28/2025 0:30,,,,
6/28/2025 1:00,,,,
6/28/2025 1:30,,,,
6/28/2025 2:00,,,,
6/28/2025 2:30,,,,
6/28/2025 3:00,,,,
6/28/2025 3:30,,,,
6/28/2025 4:00,,,,
6/28/2025 4:30,,,,
6/28/2025 5:00,,,,
6/28/2025 5:30,,,,
6/28/2025 6:00,,,,
6/28/2025 6:30,,,,
6/28/2025 7:00,,,,
6/28/2025 7:30,,,,
6/28/2025 8:00,,,,
6/28/2025 8:30,,,,
6/28/2025 9:00,,,,
6/28/2025 9:30,,,,
6/28/2025 10:00,,,,
6/28/2025 10:30,,,,
6/28/2025 11:00,,,,
6/28/2025 11:30,,,,
6/28/2025 12:00,,,,
6/28/2025 12:30,,,,
6/28/2025 13:00,,,,
6/28/2025 13:30,,,,
6/28/2025 14:00,,,,
6/28/2025 14:30,,,,
6/28/2025 15:00,,,,
6/28/2025 15:30,,,,
6/28/2025 16:00,,,,
6/28/2025 16:30,,,,
6/28/2025 17:00,,,,
6/28/2025 17:30,,,,
6/28/2025 18:00,,,,
6/28/2025 18:30,,,,
6/28/2025 19:00,,,,
6/28/2025 19:30,,,,
6/28/2025 20:00,,,,
6/28/2025 20:30,,,,
6/28/2025 21:00,,,,
6/28/2025 21:30,,,,
6/28/2025 22:00,,,,
6/28/2025 22:30,,,,
6/28/2025 23:00,,,,
6/28/2025 23:30,,,,
6/29/2025 0:00,,,,
6/29/2025 0:30,,,,
6/29/2025 1:00,,,,
6/29/2025 1:30,,,,
6/29/2025 2:00,,,,
6/29/2025 2:30,,,,
6/29/2025 3:00,,,,
6/29/2025 3:30,,,,
6/29/2025 4:00,,,,
6/29/2025 4:30,,,,
6/29/2025 5:00,,,,
6/29/2025 5:30,,,,
6/29/2025 6:00,,,,
6/29/2025 6:30,,,,
6/29/2025 7:00,,,,
6/29/2025 7:30,,,,
6/29/2025 8:00,,,,
6/29/2025 8:30,,,,
6/29/2025 9:00,,,,
6/29/2025 9:30,,,,
6/29/2025 10:00,,,,
6/29/2025 10:30,,,,
6/29/2025 11:00,,,,
6/29/2025 11:30,,,,
6/29/2025 12:00,,,,
6/29/2025 12:30,,,,
6/29/2025 13:00,,,,
6/29/2025 13:30,,,,
6/29/2025 14:00,,,,
6/29/2025 14:30,,,,
6/29/2025 15:00,,,,
6/29/2025 15:30,,,,
6/29/2025 16:00,,,,
6/29/2025 16:30,,,,
6/29/2025 17:00,,,,
6/29/2025 17:30,,,,
6/29/2025 18:00,,,,
6/29/2025 18:30,,,,
6/29/2025 19:00,,,,
6/29/2025 19:30,,,,
6/29/2025 20:00,,,,
6/29/2025 20:30,,,,
6/29/2025 21:00,,,,
6/29/2025 21:30,,,,
6/29/2025 22:00,,,,
6/29/2025 22:30,,,,
6/29/2025 23:00,,,,
6/29/2025 23:30,,,,
6/30/2025 0:00,,,,
6/30/2025 0:30,,,,
6/30/2025 1:00,,,,
6/30/2025 1:30,,,,
6/30/2025 2:00,,,,
6/30/2025 2:30,,,,
6/30/2025 3:00,,,,
6/30/2025 3:30,,,,
6/30/2025 4:00,,,,
6/30/2025 4:30,,,,
6/30/2025 5:00,,,,
6/30/2025 5:30,,,,
6/30/2025 6:00,,,,
6/30/2025 6:30,,,,
6/30/2025 7:00,,,,
6/30/2025 7:30,,,,
6/30/2025 8:00,,,,
6/30/2025 8:30,,,,
6/30/2025 9:00,,,,
6/30/2025 9:30,,,,
6/30/2025 10:00,,,,
6/30/2025 10:30,,,,
6/30/2025 11:00,,,,
6/30/2025 11:30,,,,
6/30/2025 12:00,,,,
6/30/2025 12:30,,,,
6/30/2025 13:00,,,,
6/30/2025 13:30,,,,
6/30/2025 14:00,,,,
6/30/2025 14:30,,,,
6/30/2025 15:00,,,,
6/30/2025 15:30,,,,
6/30/2025 16:00,,,,
6/30/2025 16:30,,,,
6/30/2025 17:00,,,,
6/30/2025 17:30,,,,
6/30/2025 18:00,,,,
6/30/2025 18:30,,,,
6/30/2025 19:00,,,,
6/30/2025 19:30,,,,
6/30/2025 20:00,,,,
6/30/2025 20:30,,,,
6/30/2025 21:00,,,,
6/30/2025 21:30,,,,
6/30/2025 22:00,,,,
6/30/2025 22:30,,,,
6/30/2025 23:00,,,,
6/30/2025 23:30,,,,
7/1/2025 0:00,,,,
7/1/2025 0:30,,,,
7/1/2025 1:00,,,,
7/1/2025 1:30,,,,
7/1/2025 2:00,,,,
7/1/2025 2:30,,,,
7/1/2025 3:00,,,,
7/1/2025 3:30,,,,
7/1/2025 4:00,,,,
7/1/2025 4:30,,,,
7/1/2025 5:00,,,,
7/1/2025 5:30,,,,
7/1/2025 6:00,,,,
7/1/2025 6:30,,,,
7/1/2025 7:00,,,,
7/1/2025 7:30,,,,
7/1/2025 8:00,,,,
7/1/2025 8:30,,,,
7/1/2025 9:00,,,,
7/1/2025 9:30,,,,
7/1/2025 10:00,,,,
7/1/2025 10:30,,,,
7/1/2025 11:00,,,,
7/1/2025 11:30,,,,
7/1/2025 12:00,,,,
7/1/2025 12:30,,,,
7/1/2025 13:00,,,,
7/1/2025 13:30,,,,
7/1/2025 14:00,,,,
7/1/2025 14:30,,,,
7/1/2025 15:00,,,,
7/1/2025 15:30,,,,
7/1/2025 16:00,,,,
7/1/2025 16:30,,,,
7/1/2025 17:00,,,,
7/1/2025 17:30,,,,
7/1/2025 18:00,,,,
7/1/2025 18:30,,,,
7/1/2025 19:00,,,,
7/1/2025 19:30,,,,
7/1/2025 20:00,,,,
7/1/2025 20:30,,,,
7/1/2025 21:00,,,,
7/1/2025 21:30,,,,
7/1/2025 22:00,,,,
7/1/2025 22:30,,,,
7/1/2025 23:00,,,,
7/1/2025 23:30,,,,
7/2/2025 0:00,,,,
7/2/2025 0:30,,,,
7/2/2025 1:00,,,,
7/2/2025 1:30,,,,
7/2/2025 2:00,,,,
7/2/2025 2:30,,,,
7/2/2025 3:00,,,,
7/2/2025 3:30,,,,
7/2/2025 4:00,,,,
7/2/2025 4:30,,,,
7/2/2025 5:00,,,,
7/2/2025 5:30,,,,
7/2/2025 6:00,,,,
7/2/2025 6:30,,,,
7/2/2025 7:00,,,,
7/2/2025 7:30,,,,
7/2/2025 8:00,,,,
7/2/2025 8:30,,,,
7/2/2025 9:00,,,,
7/2/2025 9:30,,,,
7/2/2025 10:00,,,,
7/2/2025 10:30,,,,
7/2/2025 11:00,,,,
7/2/2025 11:30,,,,
7/2/2025 12:00,,,,
7/2/2025 12:30,,,,
7/2/2025 13:00,,,,
7/2/2025 13:30,,,,
7/2/2025 14:00,,,,
7/2/2025 14:30,,,,
7/2/2025 15:00,,,,
7/2/2025 15:30,,,,
7/2/2025 16:00,,,,
7/2/2025 16:30,,,,
7/2/2025 17:00,,,,
7/2/2025 17:30,,,,
7/2/2025 18:00,,,,
7/2/2025 18:30,,,,
7/2/2025 19:00,,,,
7/2/2025 19:30,,,,
7/2/2025 20:00,,,,
7/2/2025 20:30,,,,
7/2/2025 21:00,,,,
7/2/2025 21:30,,,,
7/2/2025 22:00,,,,
7/2/2025 22:30,,,,
7/2/2025 23:00,,,,
7/2/2025 23:30,,,,
7/3/2025 0:00,,,,
7/3/2025 0:30,,,,
7/3/2025 1:00,,,,
7/3/2025 1:30,,,,
7/3/2025 2:00,,,,
7/3/2025 2:30,,,,
7/3/2025 3:00,,,,
7/3/2025 3:30,,,,
7/3/2025 4:00,,,,
7/3/2025 4:30,,,,
7/3/2025 5:00,,,,
7/3/2025 5:30,,,,
7/3/2025 6:00,,,,
7/3/2025 6:30,,,,
7/3/2025 7:00,,,,
7/3/2025 7:30,,,,
7/3/2025 8:00,,,,
7/3/2025 8:30,,,,
7/3/2025 9:00,,,,
7/3/2025 9:30,,,,
7/3/2025 10:00,,,,
7/3/2025 10:30,,,,
7/3/2025 11:00,,,,
7/3/2025 11:30,,,,
7/3/2025 12:00,,,,
7/3/2025 12:30,,,,
7/3/2025 13:00,,,,
7/3/2025 13:30,,,,
7/3/2025 14:00,,,,
7/3/2025 14:30,,,,
7/3/2025 15:00,,,,
7/3/2025 15:30,,,,
7/3/2025 16:00,,,,
7/3/2025 16:30,,,,
7/3/2025 17:00,,,,
7/3/2025 17:30,,,,
7/3/2025 18:00,,,,
7/3/2025 18:30,,,,
7/3/2025 19:00,,,,
7/3/2025 19:30,,,,
7/3/2025 20:00,,,,
7/3/2025 20:30,,,,
7/3/2025 21:00,,,,
7/3/2025 21:30,,,,
7/3/2025 22:00,,,,
7/3/2025 22:30,,,,
7/3/2025 23:00,,,,
7/3/2025 23:30,,,,
7/4/2025 0:00,,,,
7/4/2025 0:30,,,,
7/4/2025 1:00,,,,
7/4/2025 1:30,,,,
7/4/2025 2:00,,,,
7/4/2025 2:30,,,,
7/4/2025 3:00,,,,
7/4/2025 3:30,,,,
7/4/2025 4:00,,,,
7/4/2025 4:30,,,,
7/4/2025 5:00,,,,
7/4/2025 5:30,,,,
7/4/2025 6:00,,,,
7/4/2025 6:30,,,,
7/4/2025 7:00,,,,
7/4/2025 7:30,,,,
7/4/2025 8:00,,,,
7/4/2025 8:30,,,,
7/4/2025 9:00,,,,
7/4/2025 9:30,,,,
7/4/2025 10:00,,,,
7/4/2025 10:30,,,,
7/4/2025 11:00,,,,
7/4/2025 11:30,,,,
7/4/2025 12:00,,,,
7/4/2025 12:30,,,,
7/4/2025 13:00,,,,
7/4/2025 13:30,,,,
7/4/2025 14:00,,,,
7/4/2025 14:30,,,,
7/4/2025 15:00,,,,
7/4/2025 15:30,,,,
7/4/2025 16:00,,,,
7/4/2025 16:30,,,,
7/4/2025 17:00,,,,
7/4/2025 17:30,,,,
7/4/2025 18:00,,,,
7/4/2025 18:30,,,,
7/4/2025 19:00,,,,
7/4/2025 19:30,,,,
7/4/2025 20:00,,,,
7/4/2025 20:30,,,,
7/4/2025 21:00,,,,
7/4/2025 21:30,,,,
7/4/2025 22:00,,,,
7/4/2025 22:30,,,,
7/4/2025 23:00,,,,
7/4/2025 23:30,,,,
7/5/2025 0:00,,,,
7/5/2025 0:30,,,,
7/5/2025 1:00,,,,
7/5/2025 1:30,,,,
7/5/2025 2:00,,,,
7/5/2025 2:30,,,,
7/5/2025 3:00,,,,
7/5/2025 3:30,,,,
7/5/2025 4:00,,,,
7/5/2025 4:30,,,,
7/5/2025 5:00,,,,
7/5/2025 5:30,,,,
7/5/2025 6:00,,,,
7/5/2025 6:30,,,,
7/5/2025 7:00,,,,
7/5/2025 7:30,,,,
7/5/2025 8:00,,,,
7/5/2025 8:30,,,,
7/5/2025 9:00,,,,
7/5/2025 9:30,,,,
7/5/2025 10:00,,,,
7/5/2025 10:30,,,,
7/5/2025 11:00,,,,
7/5/2025 11:30,,,,
7/5/2025 12:00,,,,
7/5/2025 12:30,,,,
7/5/2025 13:00,,,,
7/5/2025 13:30,,,,
7/5/2025 14:00,,,,
7/5/2025 14:30,,,,
7/5/2025 15:00,,,,
7/5/2025 15:30,,,,
7/5/2025 16:00,,,,
7/5/2025 16:30,,,,
7/5/2025 17:00,,,,
7/5/2025 17:30,,,,
7/5/2025 18:00,,,,
7/5/2025 18:30,,,,
7/5/2025 19:00,,,,
7/5/2025 19:30,,,,
7/5/2025 20:00,,,,
7/5/2025 20:30,,,,
7/5/2025 21:00,,,,
7/5/2025 21:30,,,,
7/5/2025 22:00,,,,
7/5/2025 22:30,,,,
7/5/2025 23:00,,,,
7/5/2025 23:30,,,,
7/6/2025 0:00,,,,
7/6/2025 0:30,,,,
7/6/2025 1:00,,,,
7/6/2025 1:30,,,,
7/6/2025 2:00,,,,
7/6/2025 2:30,,,,
7/6/2025 3:00,,,,
7/6/2025 3:30,,,,
7/6/2025 4:00,,,,
7/6/2025 4:30,,,,
7/6/2025 5:00,,,,
7/6/2025 5:30,,,,
7/6/2025 6:00,,,,
7/6/2025 6:30,,,,
7/6/2025 7:00,,,,
7/6/2025 7:30,,,,
7/6/2025 8:00,,,,
7/6/2025 8:30,,,,
7/6/2025 9:00,,,,
7/6/2025 9:30,,,,
7/6/2025 10:00,,,,
7/6/2025 10:30,,,,
7/6/2025 11:00,,,,
7/6/2025 11:30,,,,
7/6/2025 12:00,,,,
7/6/2025 12:30,,,,
7/6/2025 13:00,,,,
7/6/2025 13:30,,,,
7/6/2025 14:00,,,,
7/6/2025 14:30,,,,
7/6/2025 15:00,,,,
7/6/2025 15:30,,,,
7/6/2025 16:00,,,,
7/6/2025 16:30,,,,
7/6/2025 17:00,,,,
7/6/2025 17:30,,,,
7/6/2025 18:00,,,,
7/6/2025 18:30,,,,
7/6/2025 19:00,,,,
7/6/2025 19:30,,,,
7/6/2025 20:00,,,,
7/6/2025 20:30,,,,
7/6/2025 21:00,,,,
7/6/2025 21:30,,,,
7/6/2025 22:00,,,,
7/6/2025 22:30,,,,
7/6/2025 23:00,,,,
7/6/2025 23:30,,,,
7/7/2025 0:00,,,,
7/7/2025 0:30,,,,
7/7/2025 1:00,,,,
7/7/2025 1:30,,,,
7/7/2025 2:00,,,,
7/7/2025 2:30,,,,
7/7/2025 3:00,,,,
7/7/2025 3:30,,,,
7/7/2025 4:00,,,,
7/7/2025 4:30,,,,
7/7/2025 5:00,,,,
7/7/2025 5:30,,,,
7/7/2025 6:00,,,,
7/7/2025 6:30,,,,
7/7/2025 7:00,,,,
7/7/2025 7:30,,,,
7/7/2025 8:00,,,,
7/7/2025 8:30,,,,
7/7/2025 9:00,,,,
7/7/2025 9:30,,,,
7/7/2025 10:00,,,,
7/7/2025 10:30,,,,
7/7/2025 11:00,,,,
7/7/2025 11:30,,,,
7/7/2025 12:00,,,,
7/7/2025 12:30,,,,
7/7/2025 13:00,,,,
7/7/2025 13:30,,,,
7/7/2025 14:00,,,,
7/7/2025 14:30,,,,
7/7/2025 15:00,,,,
7/7/2025 15:30,,,,
7/7/2025 16:00,,,,
7/7/2025 16:30,,,,
7/7/2025 17:00,,,,
7/7/2025 17:30,,,,
7/7/2025 18:00,,,,
7/7/2025 18:30,,,,
7/7/2025 19:00,,,,
7/7/2025 19:30,,,,
7/7/2025 20:00,,,,
7/7/2025 20:30,,,,
7/7/2025 21:00,,,,
7/7/2025 21:30,,,,
7/7/2025 22:00,,,,
7/7/2025 22:30,,,,
7/7/2025 23:00,,,,
7/7/2025 23:30,,,,
7/8/2025 0:00,,,,
7/8/2025 0:30,,,,
7/8/2025 1:00,,,,
7/8/2025 1:30,,,,
7/8/2025 2:00,,,,
7/8/2025 2:30,,,,
7/8/2025 3:00,,,,
7/8/2025 3:30,,,,
7/8/2025 4:00,,,,
7/8/2025 4:30,,,,
7/8/2025 5:00,,,,
7/8/2025 5:30,,,,
7/8/2025 6:00,,,,
7/8/2025 6:30,,,,
7/8/2025 7:00,,,,
7/8/2025 7:30,,,,
7/8/2025 8:00,,,,
7/8/2025 8:30,,,,
7/8/2025 9:00,,,,
7/8/2025 9:30,,,,
7/8/2025 10:00,,,,
7/8/2025 10:30,,,,
7/8/2025 11:00,,,,
7/8/2025 11:30,,,,
7/8/2025 12:00,,,,
7/8/2025 12:30,,,,
7/8/2025 13:00,,,,
7/8/2025 13:30,,,,
7/8/2025 14:00,,,,
7/8/2025 14:30,,,,
7/8/2025 15:00,,,,
7/8/2025 15:30,,,,
7/8/2025 16:00,,,,
7/8/2025 16:30,,,,
7/8/2025 17:00,,,,
7/8/2025 17:30,,,,
7/8/2025 18:00,,,,
7/8/2025 18:30,,,,
7/8/2025 19:00,,,,
7/8/2025 19:30,,,,
7/8/2025 20:00,,,,
7/8/2025 20:30,,,,
7/8/2025 21:00,,,,
7/8/2025 21:30,,,,
7/8/2025 22:00,,,,
7/8/2025 22:30,,,,
7/8/2025 23:00,,,,
7/8/2025 23:30,,,,
7/9/2025 0:00,,,,
7/9/2025 0:30,,,,
7/9/2025 1:00,,,,
7/9/2025 1:30,,,,
7/9/2025 2:00,,,,
7/9/2025 2:30,,,,
7/9/2025 3:00,,,,
7/9/2025 3:30,,,,
7/9/2025 4:00,,,,
7/9/2025 4:30,,,,
7/9/2025 5:00,,,,
7/9/2025 5:30,,,,
7/9/2025 6:00,,,,
7/9/2025 6:30,,,,
7/9/2025 7:00,,,,
7/9/2025 7:30,,,,
7/9/2025 8:00,,,,
7/9/2025 8:30,,,,
7/9/2025 9:00,,,,
7/9/2025 9:30,,,,
7/9/2025 10:00,,,,
7/9/2025 10:30,,,,
7/9/2025 11:00,,,,
7/9/2025 11:30,,,,
7/9/2025 12:00,,,,
7/9/2025 12:30,,,,
7/9/2025 13:00,,,,
7/9/2025 13:30,,,,
7/9/2025 14:00,,,,
7/9/2025 14:30,,,,
7/9/2025 15:00,,,,
7/9/2025 15:30,,,,
7/9/2025 16:00,,,,
7/9/2025 16:30,,,,
7/9/2025 17:00,,,,
7/9/2025 17:30,,,,
7/9/2025 18:00,,,,
7/9/2025 18:30,,,,
7/9/2025 19:00,,,,
7/9/2025 19:30,,,,
7/9/2025 20:00,,,,
7/9/2025 20:30,,,,
7/9/2025 21:00,,,,
7/9/2025 21:30,,,,
7/9/2025 22:00,,,,
7/9/2025 22:30,,,,
7/9/2025 23:00,,,,
7/9/2025 23:30,,,,
7/10/2025 0:00,,,,
7/10/2025 0:30,,,,
7/10/2025 1:00,,,,
7/10/2025 1:30,,,,
7/10/2025 2:00,,,,
7/10/2025 2:30,,,,
7/10/2025 3:00,,,,
7/10/2025 3:30,,,,
7/10/2025 4:00,,,,
7/10/2025 4:30,,,,
7/10/2025 5:00,,,,
7/10/2025 5:30,,,,
7/10/2025 6:00,,,,
7/10/2025 6:30,,,,
7/10/2025 7:00,,,,
7/10/2025 7:30,,,,
7/10/2025 8:00,,,,
7/10/2025 8:30,,,,
7/10/2025 9:00,,,,
7/10/2025 9:30,,,,
7/10/2025 10:00,,,,
7/10/2025 10:30,,,,
7/10/2025 11:00,,,,
7/10/2025 11:30,,,,
7/10/2025 12:00,,,,
7/10/2025 12:30,,,,
7/10/2025 13:00,,,,
7/10/2025 13:30,,,,
7/10/2025 14:00,,,,
7/10/2025 14:30,,,,
7/10/2025 15:00,,,,
7/10/2025 15:30,,,,
7/10/2025 16:00,,,,
7/10/2025 16:30,,,,
7/10/2025 17:00,,,,
7/10/2025 17:30,,,,
7/10/2025 18:00,,,,
7/10/2025 18:30,,,,
7/10/2025 19:00,,,,
7/10/2025 19:30,,,,
7/10/2025 20:00,,,,
7/10/2025 20:30,,,,
7/10/2025 21:00,,,,
7/10/2025 21:30,,,,
7/10/2025 22:00,,,,
7/10/2025 22:30,,,,
7/10/2025 23:00,,,,
7/10/2025 23:30,,,,
7/11/2025 0:00,,,,
7/11/2025 0:30,,,,
7/11/2025 1:00,,,,
7/11/2025 1:30,,,,
7/11/2025 2:00,,,,
7/11/2025 2:30,,,,
7/11/2025 3:00,,,,
7/11/2025 3:30,,,,
7/11/2025 4:00,,,,
7/11/2025 4:30,,,,
7/11/2025 5:00,,,,
7/11/2025 5:30,,,,
7/11/2025 6:00,,,,
7/11/2025 6:30,,,,
7/11/2025 7:00,,,,
7/11/2025 7:30,,,,
7/11/2025 8:00,,,,
7/11/2025 8:30,,,,
7/11/2025 9:00,,,,
7/11/2025 9:30,,,,
7/11/2025 10:00,,,,
7/11/2025 10:30,,,,
7/11/2025 11:00,,,,
7/11/2025 11:30,,,,
7/11/2025 12:00,,,,
7/11/2025 12:30,,,,
7/11/2025 13:00,,,,
7/11/2025 13:30,,,,
7/11/2025 14:00,,,,
7/11/2025 14:30,,,,
7/11/2025 15:00,,,,
7/11/2025 15:30,,,,
7/11/2025 16:00,,,,
7/11/2025 16:30,,,,
7/11/2025 17:00,,,,
7/11/2025 17:30,,,,
7/11/2025 18:00,,,,
7/11/2025 18:30,,,,
7/11/2025 19:00,,,,
7/11/2025 19:30,,,,
7/11/2025 20:00,,,,
7/11/2025 20:30,,,,
7/11/2025 21:00,,,,
7/11/2025 21:30,,,,
7/11/2025 22:00,,,,
7/11/2025 22:30,,,,
7/11/2025 23:00,,,,
7/11/2025 23:30,,,,
7/12/2025 0:00,,,,
7/12/2025 0:30,,,,
7/12/2025 1:00,,,,
7/12/2025 1:30,,,,
7/12/2025 2:00,,,,
7/12/2025 2:30,,,,
7/12/2025 3:00,,,,
7/12/2025 3:30,,,,
7/12/2025 4:00,,,,
7/12/2025 4:30,,,,
7/12/2025 5:00,,,,
7/12/2025 5:30,,,,
7/12/2025 6:00,,,,
7/12/2025 6:30,,,,
7/12/2025 7:00,,,,
7/12/2025 7:30,,,,
7/12/2025 8:00,,,,
7/12/2025 8:30,,,,
7/12/2025 9:00,,,,
7/12/2025 9:30,,,,
7/12/2025 10:00,,,,
7/12/2025 10:30,,,,
7/12/2025 11:00,,,,
7/12/2025 11:30,,,,
7/12/2025 12:00,,,,
7/12/2025 12:30,,,,
7/12/2025 13:00,,,,
7/12/2025 13:30,,,,
7/12/2025 14:00,,,,
7/12/2025 14:30,,,,
7/12/2025 15:00,,,,
7/12/2025 15:30,,,,
7/12/2025 16:00,,,,
7/12/2025 16:30,,,,
7/12/2025 17:00,,,,
7/12/2025 17:30,,,,
7/12/2025 18:00,,,,
7/12/2025 18:30,,,,
7/12/2025 19:00,,,,
7/12/2025 19:30,,,,
7/12/2025 20:00,,,,
7/12/2025 20:30,,,,
7/12/2025 21:00,,,,
7/12/2025 21:30,,,,
7/12/2025 22:00,,,,
7/12/2025 22:30,,,,
7/12/2025 23:00,,,,
7/12/2025 23:30,,,,
7/13/2025 0:00,,,,
7/13/2025 0:30,,,,
7/13/2025 1:00,,,,
7/13/2025 1:30,,,,
7/13/2025 2:00,,,,
7/13/2025 2:30,,,,
7/13/2025 3:00,,,,
7/13/2025 3:30,,,,
7/13/2025 4:00,,,,
7/13/2025 4:30,,,,
7/13/2025 5:00,,,,
7/13/2025 5:30,,,,
7/13/2025 6:00,,,,
7/13/2025 6:30,,,,
7/13/2025 7:00,,,,
7/13/2025 7:30,,,,
7/13/2025 8:00,,,,
7/13/2025 8:30,,,,
7/13/2025 9:00,,,,
7/13/2025 9:30,,,,
7/13/2025 10:00,,,,
7/13/2025 10:30,,,,
7/13/2025 11:00,,,,
7/13/2025 11:30,,,,
7/13/2025 12:00,,,,
7/13/2025 12:30,,,,
7/13/2025 13:00,,,,
7/13/2025 13:30,,,,
7/13/2025 14:00,,,,
7/13/2025 14:30,,,,
7/13/2025 15:00,,,,
7/13/2025 15:30,,,,
7/13/2025 16:00,,,,
7/13/2025 16:30,,,,
7/13/2025 17:00,,,,
7/13/2025 17:30,,,,
7/13/2025 18:00,,,,
7/13/2025 18:30,,,,
7/13/2025 19:00,,,,
7/13/2025 19:30,,,,
7/13/2025 20:00,,,,
7/13/2025 20:30,,,,
7/13/2025 21:00,,,,
7/13/2025 21:30,,,,
7/13/2025 22:00,,,,
7/13/2025 22:30,,,,
7/13/2025 23:00,,,,
7/13/2025 23:30,,,,
7/14/2025 0:00,,,,
7/14/2025 0:30,,,,
7/14/2025 1:00,,,,
7/14/2025 1:30,,,,
7/14/2025 2:00,,,,
7/14/2025 2:30,,,,
7/14/2025 3:00,,,,
7/14/2025 3:30,,,,
7/14/2025 4:00,,,,
7/14/2025 4:30,,,,
7/14/2025 5:00,,,,
7/14/2025 5:30,,,,
7/14/2025 6:00,,,,
7/14/2025 6:30,,,,
7/14/2025 7:00,,,,
7/14/2025 7:30,,,,
7/14/2025 8:00,,,,
7/14/2025 8:30,,,,
7/14/2025 9:00,,,,
7/14/2025 9:30,,,,
7/14/2025 10:00,,,,
7/14/2025 10:30,,,,
7/14/2025 11:00,,,,
7/14/2025 11:30,,,,
7/14/2025 12:00,,,,
7/14/2025 12:30,,,,
7/14/2025 13:00,,,,
7/14/2025 13:30,,,,
7/14/2025 14:00,,,,
7/14/2025 14:30,,,,
7/14/2025 15:00,,,,
7/14/2025 15:30,,,,
7/14/2025 16:00,,,,
7/14/2025 16:30,,,,
7/14/2025 17:00,,,,
7/14/2025 17:30,,,,
7/14/2025 18:00,,,,
7/14/2025 18:30,,,,
7/14/2025 19:00,,,,
7/14/2025 19:30,,,,
7/14/2025 20:00,,,,
7/14/2025 20:30,,,,
7/14/2025 21:00,,,,
7/14/2025 21:30,,,,
7/14/2025 22:00,,,,
7/14/2025 22:30,,,,
7/14/2025 23:00,,,,
7/14/2025 23:30,,,,
7/15/2025 0:00,,,,
7/15/2025 0:30,,,,
7/15/2025 1:00,,,,
7/15/2025 1:30,,,,
7/15/2025 2:00,,,,
7/15/2025 2:30,,,,
7/15/2025 3:00,,,,
7/15/2025 3:30,,,,
7/15/2025 4:00,,,,
7/15/2025 4:30,,,,
7/15/2025 5:00,,,,
7/15/2025 5:30,,,,
7/15/2025 6:00,,,,
7/15/2025 6:30,,,,
7/15/2025 7:00,,,,
7/15/2025 7:30,,,,
7/15/2025 8:00,,,,
7/15/2025 8:30,,,,
7/15/2025 9:00,,,,
7/15/2025 9:30,,,,
7/15/2025 10:00,,,,
7/15/2025 10:30,,,,
7/15/2025 11:00,,,,
7/15/2025 11:30,,,,
7/15/2025 12:00,,,,
7/15/2025 12:30,,,,
7/15/2025 13:00,,,,
7/15/2025 13:30,,,,
7/15/2025 14:00,,,,
7/15/2025 14:30,,,,
7/15/2025 15:00,,,,
7/15/2025 15:30,,,,
7/15/2025 16:00,,,,
7/15/2025 16:30,,,,
7/15/2025 17:00,,,,
7/15/2025 17:30,,,,
7/15/2025 18:00,,,,
7/15/2025 18:30,,,,
7/15/2025 19:00,,,,
7/15/2025 19:30,,,,
7/15/2025 20:00,,,,
7/15/2025 20:30,,,,
7/15/2025 21:00,,,,
7/15/2025 21:30,,,,
7/15/2025 22:00,,,,
7/15/2025 22:30,,,,
7/15/2025 23:00,,,,
7/15/2025 23:30,,,,
7/16/2025 0:00,,,,
7/16/2025 0:30,,,,
7/16/2025 1:00,,,,
7/16/2025 1:30,,,,
7/16/2025 2:00,,,,
7/16/2025 2:30,,,,
7/16/2025 3:00,,,,
7/16/2025 3:30,,,,
7/16/2025 4:00,,,,
7/16/2025 4:30,,,,
7/16/2025 5:00,,,,
7/16/2025 5:30,,,,
7/16/2025 6:00,,,,
7/16/2025 6:30,,,,
7/16/2025 7:00,,,,
7/16/2025 7:30,,,,
7/16/2025 8:00,,,,
7/16/2025 8:30,,,,
7/16/2025 9:00,,,,
7/16/2025 9:30,,,,
7/16/2025 10:00,,,,
7/16/2025 10:30,,,,
7/16/2025 11:00,,,,
7/16/2025 11:30,,,,
7/16/2025 12:00,,,,
7/16/2025 12:30,,,,
7/16/2025 13:00,,,,
7/16/2025 13:30,,,,
7/16/2025 14:00,,,,
7/16/2025 14:30,,,,
7/16/2025 15:00,,,,
7/16/2025 15:30,,,,
7/16/2025 16:00,,,,
7/16/2025 16:30,,,,
7/16/2025 17:00,,,,
7/16/2025 17:30,,,,
7/16/2025 18:00,,,,
7/16/2025 18:30,,,,
7/16/2025 19:00,,,,
7/16/2025 19:30,,,,
7/16/2025 20:00,,,,
7/16/2025 20:30,,,,
7/16/2025 21:00,,,,
7/16/2025 21:30,,,,
7/16/2025 22:00,,,,
7/16/2025 22:30,,,,
7/16/2025 23:00,,,,
7/16/2025 23:30,,,,
7/17/2025 0:00,,,,
7/17/2025 0:30,,,,
7/17/2025 1:00,,,,
7/17/2025 1:30,,,,
7/17/2025 2:00,,,,
7/17/2025 2:30,,,,
7/17/2025 3:00,,,,
7/17/2025 3:30,,,,
7/17/2025 4:00,,,,
7/17/2025 4:30,,,,
7/17/2025 5:00,,,,
7/17/2025 5:30,,,,
7/17/2025 6:00,,,,
7/17/2025 6:30,,,,
7/17/2025 7:00,,,,
7/17/2025 7:30,,,,
7/17/2025 8:00,,,,
7/17/2025 8:30,,,,
7/17/2025 9:00,,,,
7/17/2025 9:30,,,,
7/17/2025 10:00,,,,
7/17/2025 10:30,,,,
7/17/2025 11:00,,,,
7/17/2025 11:30,,,,
7/17/2025 12:00,,,,
7/17/2025 12:30,,,,
7/17/2025 13:00,,,,
7/17/2025 13:30,,,,
7/17/2025 14:00,,,,
7/17/2025 14:30,,,,
7/17/2025 15:00,,,,
7/17/2025 15:30,,,,
7/17/2025 16:00,,,,
7/17/2025 16:30,,,,
7/17/2025 17:00,,,,
7/17/2025 17:30,,,,
7/17/2025 18:00,,,,
7/17/2025 18:30,,,,
7/17/2025 19:00,,,,
7/17/2025 19:30,,,,
7/17/2025 20:00,,,,
7/17/2025 20:30,,,,
7/17/2025 21:00,,,,
7/17/2025 21:30,,,,
7/17/2025 22:00,,,,
7/17/2025 22:30,,,,
7/17/2025 23:00,,,,
7/17/2025 23:30,,,,
7/18/2025 0:00,,,,
7/18/2025 0:30,,,,
7/18/2025 1:00,,,,
7/18/2025 1:30,,,,
7/18/2025 2:00,,,,
7/18/2025 2:30,,,,
7/18/2025 3:00,,,,
7/18/2025 3:30,,,,
7/18/2025 4:00,,,,
7/18/2025 4:30,,,,
7/18/2025 5:00,,,,
7/18/2025 5:30,,,,
7/18/2025 6:00,,,,
7/18/2025 6:30,,,,
7/18/2025 7:00,,,,
7/18/2025 7:30,,,,
7/18/2025 8:00,,,,
7/18/2025 8:30,,,,
7/18/2025 9:00,,,,
7/18/2025 9:30,,,,
7/18/2025 10:00,,,,
7/18/2025 10:30,,,,
7/18/2025 11:00,,,,
7/18/2025 11:30,,,,
7/18/2025 12:00,,,,
7/18/2025 12:30,,,,
7/18/2025 13:00,,,,
7/18/2025 13:30,,,,
7/18/2025 14:00,,,,
7/18/2025 14:30,,,,
7/18/2025 15:00,,,,
7/18/2025 15:30,,,,
7/18/2025 16:00,,,,
7/18/2025 16:30,,,,
7/18/2025 17:00,,,,
7/18/2025 17:30,,,,
7/18/2025 18:00,,,,
7/18/2025 18:30,,,,
7/18/2025 19:00,,,,
7/18/2025 19:30,,,,
7/18/2025 20:00,,,,
7/18/2025 20:30,,,,
7/18/2025 21:00,,,,
7/18/2025 21:30,,,,
7/18/2025 22:00,,,,
7/18/2025 22:30,,,,
7/18/2025 23:00,,,,
7/18/2025 23:30,,,,
7/19/2025 0:00,,,,
7/19/2025 0:30,,,,
7/19/2025 1:00,,,,
7/19/2025 1:30,,,,
7/19/2025 2:00,,,,
7/19/2025 2:30,,,,
7/19/2025 3:00,,,,
7/19/2025 3:30,,,,
7/19/2025 4:00,,,,
7/19/2025 4:30,,,,
7/19/2025 5:00,,,,
7/19/2025 5:30,,,,
7/19/2025 6:00,,,,
7/19/2025 6:30,,,,
7/19/2025 7:00,,,,
7/19/2025 7:30,,,,
7/19/2025 8:00,,,,
7/19/2025 8:30,,,,
7/19/2025 9:00,,,,
7/19/2025 9:30,,,,
7/19/2025 10:00,,,,
7/19/2025 10:30,,,,
7/19/2025 11:00,,,,
7/19/2025 11:30,,,,
7/19/2025 12:00,,,,
7/19/2025 12:30,,,,
7/19/2025 13:00,,,,
7/19/2025 13:30,,,,
7/19/2025 14:00,,,,
7/19/2025 14:30,,,,
7/19/2025 15:00,,,,
7/19/2025 15:30,,,,
7/19/2025 16:00,,,,
7/19/2025 16:30,,,,
7/19/2025 17:00,,,,
7/19/2025 17:30,,,,
7/19/2025 18:00,,,,
7/19/2025 18:30,,,,
7/19/2025 19:00,,,,
7/19/2025 19:30,,,,
7/19/2025 20:00,,,,
7/19/2025 20:30,,,,
7/19/2025 21:00,,,,
7/19/2025 21:30,,,,
7/19/2025 22:00,,,,
7/19/2025 22:30,,,,
7/19/2025 23:00,,,,
7/19/2025 23:30,,,,
7/20/2025 0:00,,,,
7/20/2025 0:30,,,,
7/20/2025 1:00,,,,
7/20/2025 1:30,,,,
7/20/2025 2:00,,,,
7/20/2025 2:30,,,,
7/20/2025 3:00,,,,
7/20/2025 3:30,,,,
7/20/2025 4:00,,,,
7/20/2025 4:30,,,,
7/20/2025 5:00,,,,
7/20/2025 5:30,,,,
7/20/2025 6:00,,,,
7/20/2025 6:30,,,,
7/20/2025 7:00,,,,
7/20/2025 7:30,,,,
7/20/2025 8:00,,,,
7/20/2025 8:30,,,,
7/20/2025 9:00,,,,
7/20/2025 9:30,,,,
7/20/2025 10:00,,,,
7/20/2025 10:30,,,,
7/20/2025 11:00,,,,
7/20/2025 11:30,NAN,0,NAN,12.87331
7/20/2025 12:00,NAN,0.07661666,NAN,12.86996
7/20/2025 12:30,0.01336667,0.06763888,NAN,13.48842
7/20/2025 13:00,0.01174444,0.06033333,NAN,13.80101
7/20/2025 13:30,0.0048,0.02652778,NAN,13.44227
7/20/2025 14:00,0.008183333,0.04671666,NAN,13.89219
7/20/2025 14:30,0.006916667,0.04234444,NAN,13.90992
7/20/2025 15:00,0.005433333,0.03545555,NAN,13.90169
7/20/2025 15:30,0.003744444,0.02776667,NAN,13.90811
7/20/2025 16:00,0.001944444,0.01636667,NAN,13.49973
7/20/2025 16:30,0.000394444,0.0042,NAN,13.26136
7/20/2025 17:00,0,0.00015,NAN,13.17953
7/20/2025 17:30,0,0,NAN,13.14858
7/20/2025 18:00,0,0,NAN,13.12652
7/20/2025 18:30,0,0,NAN,13.10659
7/20/2025 19:00,0,0,NAN,13.09234
7/20/2025 19:30,0,0,NAN,13.08188
7/20/2025 20:00,0,0,NAN,13.06832
7/20/2025 20:30,0,0,NAN,13.05847
7/20/2025 21:00,0,0,NAN,13.04814
7/20/2025 21:30,0,0,NAN,13.03917
7/20/2025 22:00,0,0,NAN,13.02735
7/20/2025 22:30,0,0,NAN,13.01417
7/20/2025 23:00,0,0,NAN,13.00845
7/20/2025 23:30,0,0,NAN,13.00008
7/21/2025 0:00,0,0,NAN,12.99182
7/21/2025 0:30,0,0,NAN,12.98181
7/21/2025 1:00,0,0,NAN,12.97744
7/21/2025 1:30,0,0,NAN,12.97233
7/21/2025 2:00,0,0,NAN,12.96403
7/21/2025 2:30,0,0,NAN,12.95799
7/21/2025 3:00,0,0,NAN,12.95113
7/21/2025 3:30,0,0,NAN,12.94456
7/21/2025 4:00,0,0,NAN,12.93707
7/21/2025 4:30,0,0,NAN,12.93534
7/21/2025 5:00,0,0.0005,NAN,12.92426
7/21/2025 5:30,0.000461111,0.004777777,NAN,12.93967
7/21/2025 6:00,0.002477778,0.01604444,NAN,12.99388
7/21/2025 6:30,0.004466666,0.02606111,NAN,13.05854
7/21/2025 7:00,0.006311111,0.03557778,NAN,13.15022
7/21/2025 7:30,0.008116666,0.04394444,NAN,13.21686
7/21/2025 8:00,0.009733332,0.05091667,NAN,13.23858
7/21/2025 8:30,0.01134444,0.05667222,NAN,13.25388
7/21/2025 9:00,0.01258889,0.06096666,NAN,13.27983
7/21/2025 9:30,0.01350556,0.06341111,NAN,13.30531
7/21/2025 10:00,0.01403889,0.0651,NAN,13.39218
7/21/2025 10:30,0.01490556,0.06587222,NAN,13.40005
7/21/2025 11:00,0.01496111,0.06550555,NAN,13.59279
7/21/2025 11:30,0.01406667,0.06434444,NAN,14.00556
7/21/2025 12:00,0.01382222,0.06285556,NAN,13.98589
7/21/2025 12:30,0.01291667,0.06157777,NAN,13.9583
7/21/2025 13:00,0.01107222,0.05523889,NAN,13.93145
7/21/2025 13:30,0.005261111,0.02666667,NAN,13.92382
7/21/2025 14:00,0.008172222,0.04458888,NAN,13.92408
7/21/2025 14:30,0.005027778,0.02920556,NAN,13.61435
7/21/2025 15:00,0.000988889,0.004927778,NAN,13.36575
7/21/2025 15:30,0.002577778,0.01449444,NAN,13.37065
7/21/2025 16:00,0.002461111,0.01822778,NAN,13.53193
7/21/2025 16:30,0.00025,0.003083333,NAN,13.2677
7/21/2025 17:00,0,0,NAN,13.17609
7/21/2025 17:30,0,0,NAN,13.14558
7/21/2025 18:00,0,0,NAN,13.12291
7/21/2025 18:30,0,0,NAN,13.10998
7/21/2025 19:00,0,0,NAN,13.09578
7/21/2025 19:30,0,0,NAN,13.08298
7/21/2025 20:00,0,0,NAN,13.07431
7/21/2025 20:30,0,0,NAN,13.0614
7/21/2025 21:00,0,0,NAN,13.05001
7/21/2025 21:30,0,0,NAN,13.04012
7/21/2025 22:00,0,0,NAN,13.03471
7/21/2025 22:30,0,0,NAN,13.02414
7/21/2025 23:00,0,0,NAN,13.01521
7/21/2025 23:30,0,0,NAN,13.00213
7/22/2025 0:00,0,0,NAN,12.99553
7/22/2025 0:30,0,0,NAN,12.98885
7/22/2025 1:00,0,0,NAN,12.98337
7/22/2025 1:30,0,0,NAN,12.98122
7/22/2025 2:00,0,0,NAN,12.97733
7/22/2025 2:30,0,0,NAN,12.96918
7/22/2025 3:00,0,0,NAN,12.96111
7/22/2025 3:30,0,0,NAN,12.95712
7/22/2025 4:00,0,0,NAN,12.9493
7/22/2025 4:30,0,0,NAN,12.94467
7/22/2025 5:00,0,0,NAN,12.93599
7/22/2025 5:30,3.89E-05,0.000844444,NAN,12.93725
7/22/2025 6:00,0.00055,0.002655556,NAN,12.97489
7/22/2025 6:30,0.001788889,0.007983332,NAN,13.01242
7/22/2025 7:00,0.006833333,0.02810555,NAN,13.14699
7/22/2025 7:30,0.0044,0.01755556,NAN,13.34958
7/22/2025 8:00,0.005116667,0.01946111,NAN,13.49432
7/22/2025 8:30,0.0042,0.01598333,NAN,13.72102
7/22/2025 9:00,0.004922222,0.01881667,NAN,13.70481
7/22/2025 9:30,0.01037778,0.03747778,NAN,14.10582
7/22/2025 10:00,0.01319444,0.0473,NAN,13.8362
7/22/2025 10:30,0.01619444,0.05606111,NAN,13.76643
7/22/2025 11:00,0.0113,0.03860556,NAN,14.05297
7/22/2025 11:30,0.00595,0.0203,NAN,14.03878
7/22/2025 12:00,0.006266667,0.02186667,NAN,14.03505
7/22/2025 12:30,0.008611111,0.02854444,NAN,14.05764
7/22/2025 13:00,0.008177778,0.02882778,NAN,14.05362
7/22/2025 13:30,0.009772222,0.03676111,NAN,14.03115
7/22/2025 14:00,0.009522221,0.03867222,NAN,14.02238
7/22/2025 14:30,0.00445,0.01810556,NAN,13.90558
7/22/2025 15:00,0.001511111,0.0062,NAN,13.61818
7/22/2025 15:30,0.0032,0.01618889,NAN,14.05906
7/22/2025 16:00,0.001172222,0.005483333,NAN,13.44002
7/22/2025 16:30,0,0.001511111,NAN,13.30925
7/22/2025 17:00,0,1.11E-05,NAN,13.16897
7/22/2025 17:30,0,0,NAN,13.1306
7/22/2025 18:00,0,0,NAN,13.10696
7/22/2025 18:30,0,0,NAN,13.08953
7/22/2025 19:00,0,0,NAN,13.07807
7/22/2025 19:30,0,0,NAN,13.06188
7/22/2025 20:00,0,0,NAN,13.04761
7/22/2025 20:30,0,0,NAN,13.03127
7/22/2025 21:00,0,0,NAN,13.02197
7/22/2025 21:30,0,0,NAN,13.01255
7/22/2025 22:00,0,0,NAN,13.00484
7/22/2025 22:30,0,0,NAN,12.99827
7/22/2025 23:00,0,0,NAN,12.99069
7/22/2025 23:30,0,0,NAN,12.98419
7/23/2025 0:00,0,0,NAN,12.97188
7/23/2025 0:30,0,0,NAN,12.96573
7/23/2025 1:00,0,0,NAN,12.95735
7/23/2025 1:30,0,0,NAN,12.94911
7/23/2025 2:00,0,0,NAN,12.93933
7/23/2025 2:30,0,0,NAN,12.93377
7/23/2025 3:00,0,0,NAN,12.92617
7/23/2025 3:30,0,0,NAN,12.91668
7/23/2025 4:00,0,0,NAN,12.91256
7/23/2025 4:30,0,0,NAN,12.90603
7/23/2025 5:00,0,0.000355556,NAN,12.89459
7/23/2025 5:30,0.000866667,0.004433333,NAN,12.9094
7/23/2025 6:00,0.003088889,0.01319444,NAN,12.99633
7/23/2025 6:30,0.005666667,0.02228333,NAN,13.05873
7/23/2025 7:00,0.007961111,0.03046666,NAN,13.17126
7/23/2025 7:30,0.01001111,0.03737222,NAN,13.25329
7/23/2025 8:00,0.01186111,0.04289444,NAN,13.2918
7/23/2025 8:30,0.01355556,0.04746667,NAN,13.32273
7/23/2025 9:00,0.01500555,0.05091667,NAN,13.36229
7/23/2025 9:30,0.01617222,0.05324444,NAN,13.39886
7/23/2025 10:00,0.017,0.05478333,NAN,13.51175
7/23/2025 10:30,0.01700556,0.05516111,NAN,13.55421
7/23/2025 11:00,0.01701111,0.05522778,NAN,13.88077
7/23/2025 11:30,0.01694444,0.05427222,NAN,14.08137
7/23/2025 12:00,0.01592778,0.05222222,NAN,14.05951
7/23/2025 12:30,0.01477222,0.04974444,NAN,14.02682
7/23/2025 13:00,0.01324444,0.04660555,NAN,13.94057
7/23/2025 13:30,0.01112222,0.04012222,NAN,13.96885
7/23/2025 14:00,NAN,0.03990555,NAN,13.90025
7/23/2025 14:30,0.0103,0.03179444,0.6109765,13.95214
7/23/2025 15:00,0.001566667,0.004383333,0.6310762,13.55663
7/23/2025 15:30,0.003377778,0.01213889,0.6510105,13.47488
7/23/2025 16:00,0.001611111,0.0056,0.6681665,13.38632
7/23/2025 16:30,0.000111111,0.001211111,NAN,13.30909
7/23/2025 17:00,0,0,NAN,13.16961
7/23/2025 17:30,0,0,NAN,13.11542
7/23/2025 18:00,0,0,NAN,13.08746
7/23/2025 18:30,0,0,NAN,13.06695
7/23/2025 19:00,0,0,NAN,13.04767
7/23/2025 19:30,0,0,NAN,13.02703
7/23/2025 20:00,0,0,NAN,13.01917
7/23/2025 20:30,0,0,NAN,13.00628
7/23/2025 21:00,0,0,NAN,12.98963
7/23/2025 21:30,0,0,NAN,12.97975
7/23/2025 22:00,0,0,NAN,12.96867
7/23/2025 22:30,0,0,NAN,12.95654
7/23/2025 23:00,0,0,NAN,12.94289
7/23/2025 23:30,0,0,NAN,12.93823
7/24/2025 0:00,0,0,NAN,12.92984
7/24/2025 0:30,0,0,NAN,12.92002
7/24/2025 1:00,0,0,NAN,12.91357
7/24/2025 1:30,0,0,NAN,12.90888
7/24/2025 2:00,0,0,NAN,12.90131
7/24/2025 2:30,0,0,NAN,12.8934
7/24/2025 3:00,0,0,NAN,12.88443
7/24/2025 3:30,0,0,NAN,12.88336
7/24/2025 4:00,0,0,NAN,12.8779
7/24/2025 4:30,0,0,NAN,12.87142
7/24/2025 5:00,0,0.000116667,NAN,12.86544
7/24/2025 5:30,0.000361111,0.0017,0.8155428,12.86917
7/24/2025 6:00,0.001327778,0.004316666,0.607969,12.9166
7/24/2025 6:30,0.002216667,0.007161111,0.6157659,12.99416
7/24/2025 7:00,0.003488889,0.01063333,0.6005009,13.13791
7/24/2025 7:30,0.004416666,0.01345,0.6015561,13.3638
7/24/2025 8:00,0.006916667,0.02097222,0.6013915,13.62589
7/24/2025 8:30,0.005844444,0.01745556,0.5994178,13.88203
7/24/2025 9:00,0.005816666,0.01738889,0.5997095,13.93601
7/24/2025 9:30,0.01031111,0.03033333,0.598871,13.98063
7/24/2025 10:00,0.01718889,0.04868889,0.5894609,14.15389
7/24/2025 10:30,0.01043333,0.02912222,0.5840176,14.12076
7/24/2025 11:00,0.01377222,0.03847222,0.5841125,14.10616
7/24/2025 11:30,0.01765556,0.04845,0.5787231,14.0638
7/24/2025 12:00,0.01817222,0.04985556,0.5763793,14.03541
7/24/2025 12:30,0.01453889,0.04074444,0.583939,14.02075
7/24/2025 13:00,0.0188,0.05301111,0.5829907,13.98911
7/24/2025 13:30,0.01258333,0.03635,0.5892019,13.96713
7/24/2025 14:00,0.006622222,0.01944445,0.5950641,13.97538
7/24/2025 14:30,0.00465,0.01357778,0.589133,14.00116
7/24/2025 15:00,0.003227778,0.009961111,0.6082655,13.92559
7/24/2025 15:30,0.0019,0.005361111,0.5627887,13.3617
7/24/2025 16:00,0.000288889,0.001422222,0.851911,13.18242
7/24/2025 16:30,0.000483333,0.002644445,0.7563724,13.17611
7/24/2025 17:00,0,5.56E-06,NAN,13.11013
7/24/2025 17:30,0,0,NAN,13.08052
7/24/2025 18:00,0,0,NAN,13.06093
7/24/2025 18:30,0,0,NAN,13.04261
7/24/2025 19:00,0,0,NAN,13.03012
7/24/2025 19:30,0,0,NAN,13.01409
7/24/2025 20:00,0,0,NAN,12.99902
7/24/2025 20:30,0,0,NAN,12.98208
7/24/2025 21:00,0,0,NAN,12.97308
7/24/2025 21:30,0,0,NAN,12.96268
7/24/2025 22:00,0,0,NAN,12.95405
7/24/2025 22:30,0,0,NAN,12.94601
7/24/2025 23:00,0,0,NAN,12.93281
7/24/2025 23:30,0,0,NAN,12.92885
7/25/2025 0:00,0,0,NAN,12.91949
7/25/2025 0:30,0,0,NAN,12.9092
7/25/2025 1:00,0,0,NAN,12.90604
7/25/2025 1:30,0,0,NAN,12.90311
7/25/2025 2:00,0,0,NAN,12.90103
7/25/2025 2:30,0,0,NAN,12.89678
7/25/2025 3:00,0,0,NAN,12.89472
7/25/2025 3:30,0,0,NAN,12.88734
7/25/2025 4:00,0,0,NAN,12.87931
7/25/2025 4:30,0,0,NAN,12.87595
7/25/2025 5:00,0,0.000261111,NAN,12.86585
7/25/2025 5:30,0.000927778,0.004066667,0.7378311,12.87741
7/25/2025 6:00,0.003022222,0.01265,0.6980945,12.95438
7/25/2025 6:30,0.005044444,0.0195,0.6846288,13.01586
7/25/2025 7:00,0.007866667,0.02893889,0.6731041,13.15693
7/25/2025 7:30,0.01005,0.03528333,0.6621377,13.27072
7/25/2025 8:00,0.01234444,0.04079444,0.6444416,13.31845
7/25/2025 8:30,0.01446111,0.04556111,0.6296873,13.14537
7/25/2025 9:00,0.01622222,0.04945,0.6186229,13.27571
7/25/2025 9:30,0.01799444,0.05320555,0.6083081,13.40055
7/25/2025 10:00,0.01930555,0.05551111,0.5985717,13.53965
7/25/2025 10:30,0.02003333,0.05698333,0.594335,13.4562
7/25/2025 11:00,0.02089444,0.05730555,0.5815995,13.70469
7/25/2025 11:30,0.02015555,0.05696667,0.5901278,14.09786
7/25/2025 12:00,0.01937778,0.05521667,0.5918041,14.07443
7/25/2025 12:30,0.01807222,0.05251666,0.5969238,14.04791
7/25/2025 13:00,0.01627778,0.04898889,0.6065016,14.02433
7/25/2025 13:30,0.01423889,0.0449,0.6206425,13.99931
7/25/2025 14:00,0.01195,0.03983889,0.6356354,13.98983
7/25/2025 14:30,0.009572222,0.03360555,0.6481559,13.98185
7/25/2025 15:00,0.007088889,0.02702778,0.6680764,13.97611
7/25/2025 15:30,0.004711111,0.01977778,0.6875582,13.98033
7/25/2025 16:00,0.002161111,0.0106,0.7171195,13.27758
7/25/2025 16:30,0.000322222,0.001966667,NAN,13.17825
7/25/2025 17:00,0,0,NAN,13.12293
7/25/2025 17:30,0,0,NAN,13.09513
7/25/2025 18:00,0,0,NAN,13.07123
7/25/2025 18:30,0,0,NAN,13.05316
7/25/2025 19:00,0,0,NAN,13.03523
7/25/2025 19:30,0,0,NAN,13.01675
7/25/2025 20:00,0,0,NAN,13.00035
7/25/2025 20:30,0,0,NAN,12.98241
7/25/2025 21:00,0,0,NAN,12.97028
7/25/2025 21:30,0,0,NAN,12.95664
7/25/2025 22:00,0,0,NAN,12.94145
7/25/2025 22:30,0,0,NAN,12.93118
7/25/2025 23:00,0,0,NAN,12.92047
7/25/2025 23:30,0,0,NAN,12.90936
7/26/2025 0:00,0,0,NAN,12.89827
7/26/2025 0:30,0,0,NAN,12.89511
7/26/2025 1:00,0,0,NAN,12.88875
7/26/2025 1:30,0,0,NAN,12.88042
7/26/2025 2:00,0,0,NAN,12.86946
7/26/2025 2:30,0,0,NAN,12.86693
7/26/2025 3:00,0,0,NAN,12.86035
7/26/2025 3:30,0,0,NAN,12.85209
7/26/2025 4:00,0,0,NAN,12.84826
7/26/2025 4:30,0,0,NAN,12.84253
7/26/2025 5:00,0,0.000244444,NAN,12.83433
7/26/2025 5:30,0.000672222,0.003355555,0.8012241,12.84662
7/26/2025 6:00,0.002966667,0.01332222,0.7154933,12.90515
7/26/2025 6:30,0.005288889,0.02243889,0.7071499,12.97307
7/26/2025 7:00,0.007588889,0.03036666,0.6942964,13.09133
7/26/2025 7:30,0.009822221,0.0372,0.6806479,13.17554
7/26/2025 8:00,0.01195556,0.04276667,0.6653211,13.22521
7/26/2025 8:30,0.01393889,0.04778333,0.6529496,13.27055
7/26/2025 9:00,0.01560556,0.05191666,0.6436906,13.31545
7/26/2025 9:30,0.01740555,0.05524444,0.6291401,13.35462
7/26/2025 10:00,0.01871666,0.05778333,0.6200914,13.46864
7/26/2025 10:30,0.01951111,0.05932222,0.6144847,13.489
7/26/2025 11:00,0.02,0.05961666,0.60777,13.62672
7/26/2025 11:30,0.0196,0.05890555,0.6093466,14.05139
7/26/2025 12:00,0.01856111,0.05752778,0.6176533,14.02073
7/26/2025 12:30,0.01736111,0.05475,0.6218129,13.99529
7/26/2025 13:00,0.01546667,0.05131111,0.6358179,13.97243
7/26/2025 13:30,0.01348333,0.04721666,0.6501337,13.95338
7/26/2025 14:00,0.01123889,0.04227778,0.6683852,13.93517
7/26/2025 14:30,0.008977777,0.03623333,0.6851591,13.92569
7/26/2025 15:00,0.006655555,0.02915,0.7028426,13.91909
7/26/2025 15:30,0.004277778,0.02118889,0.7267753,13.93568
7/26/2025 16:00,0.00205,0.01137778,0.7386713,13.86067
7/26/2025 16:30,5.00E-05,0.001566667,NAN,13.37995
7/26/2025 17:00,0,0,NAN,13.17374
7/26/2025 17:30,0,0,NAN,13.11695
7/26/2025 18:00,0,0,NAN,13.08755
7/26/2025 18:30,0,0,NAN,13.06497
7/26/2025 19:00,0,0,NAN,13.04788
7/26/2025 19:30,0,0,NAN,13.02558
7/26/2025 20:00,0,0,NAN,13.01135
7/26/2025 20:30,0,0,NAN,12.99264
7/26/2025 21:00,0,0,NAN,12.98112
7/26/2025 21:30,0,0,NAN,12.9721
7/26/2025 22:00,0,0,NAN,12.95711
7/26/2025 22:30,0,0,NAN,12.94652
7/26/2025 23:00,0,0,NAN,12.93331
7/26/2025 23:30,0,0,NAN,12.92256
7/27/2025 0:00,0,0,NAN,12.91194
7/27/2025 0:30,0,0,NAN,12.90783
7/27/2025 1:00,0,0,NAN,12.90227
7/27/2025 1:30,0,0,NAN,12.89747
7/27/2025 2:00,0,0,NAN,12.89701
7/27/2025 2:30,0,0,NAN,12.892
7/27/2025 3:00,0,0,NAN,12.8868
7/27/2025 3:30,0,0,NAN,12.8795
7/27/2025 4:00,0,0,NAN,12.87051
7/27/2025 4:30,0,0,NAN,12.86533
7/27/2025 5:00,0,0.000261111,NAN,12.85553
7/27/2025 5:30,0.000322222,0.001994445,0.8772278,12.86592
7/27/2025 6:00,0.002666667,0.01322222,0.7560562,12.89434
7/27/2025 6:30,0.004894444,0.02346111,0.7401553,12.96373
7/27/2025 7:00,0.0069,0.03183333,0.7316802,13.08323
7/27/2025 7:30,0.008977777,0.03911667,0.7170471,13.15732
7/27/2025 8:00,0.01099444,0.04530555,0.7028435,13.20102
7/27/2025 8:30,0.01278333,0.05039444,0.6915175,13.23874
7/27/2025 9:00,0.01436111,0.05474444,0.6819512,13.27965
7/27/2025 9:30,0.01582222,0.05817222,0.6709986,13.3168
7/27/2025 10:00,0.0173,0.06079444,0.6571697,13.42973
7/27/2025 10:30,0.01807222,0.06306666,0.6539804,13.44039
7/27/2025 11:00,0.01884444,0.06412222,0.6455994,13.63964
7/27/2025 11:30,0.01857222,0.06442222,0.6500699,13.92763
7/27/2025 12:00,0.01785555,0.06406666,0.6587126,13.90479
7/27/2025 12:30,0.01671667,0.06170555,0.6651153,13.89183
7/27/2025 13:00,0.01533333,0.0583,0.6713843,13.8703
7/27/2025 13:30,0.01320555,0.0525,0.682277,13.87315
7/27/2025 14:00,0.01094444,0.04607222,0.6955931,13.87149
7/27/2025 14:30,0.008733333,0.04015555,0.7150931,13.87473
7/27/2025 15:00,0.00605,0.03071111,0.7354809,13.88719
7/27/2025 15:30,0.003794444,0.02122222,0.751191,13.8998
7/27/2025 16:00,0.001455556,0.009338889,0.779949,13.63234
7/27/2025 16:30,0,0.000377778,NAN,13.20262
7/27/2025 17:00,0,0,NAN,13.1287
7/27/2025 17:30,0,0,NAN,13.09539
7/27/2025 18:00,0,0,NAN,13.07138
7/27/2025 18:30,0,0,NAN,13.05114
7/27/2025 19:00,0,0,NAN,13.03849
7/27/2025 19:30,0,0,NAN,13.02598
7/27/2025 20:00,0,0,NAN,13.0136
7/27/2025 20:30,0,0,NAN,12.99882
7/27/2025 21:00,0,0,NAN,12.98079
7/27/2025 21:30,0,0,NAN,12.9722
7/27/2025 22:00,0,0,NAN,12.96298
7/27/2025 22:30,0,0,NAN,12.95136
7/27/2025 23:00,0,0,NAN,12.94302
7/27/2025 23:30,0,0,NAN,12.93361
7/28/2025 0:00,0,0,NAN,12.92537
7/28/2025 0:30,0,0,NAN,12.91572
7/28/2025 1:00,0,0,NAN,12.90812
7/28/2025 1:30,0,0,NAN,12.9065
7/28/2025 2:00,0,0,NAN,12.8991
7/28/2025 2:30,0,0,NAN,12.89138
7/28/2025 3:00,0,0,NAN,12.89123
7/28/2025 3:30,0,0,NAN,12.89036
7/28/2025 4:00,0,0,NAN,12.89398
7/28/2025 4:30,0,0,NAN,12.89403
7/28/2025 5:00,0,7.22E-05,NAN,12.88929
7/28/2025 5:30,0,0.00165,1,12.89474
7/28/2025 6:00,0.000227778,0.002183333,0.9032506,12.9072
7/28/2025 6:30,0.001105556,0.005844444,0.745955,12.92528
7/28/2025 7:00,0.006099999,0.03520555,0.7718317,13.04208
7/28/2025 7:30,0.003788889,0.01905555,0.7383541,13.41284
7/28/2025 8:00,0.008405555,0.04407222,0.7513666,13.57412
7/28/2025 8:30,0.01018333,0.05164444,0.7466389,13.64215
7/28/2025 9:00,0.01245,0.06026111,0.737581,13.58027
7/28/2025 9:30,0.01151111,0.05403333,0.7284907,13.58522
7/28/2025 10:00,0.005744444,0.0274,0.724571,13.64689
7/28/2025 10:30,0.0099,0.046,0.7209951,13.99723
7/28/2025 11:00,0.006938889,0.03248889,0.7209541,13.85795
7/28/2025 11:30,0.005327778,0.02647778,0.7280754,13.84888
7/28/2025 12:00,0.01184444,0.05709444,0.7299353,14.18514
7/28/2025 12:30,0.007944444,0.03828889,0.728495,14.16873
7/28/2025 13:00,0.002288889,0.01160556,0.744254,13.67838
7/28/2025 13:30,0.002072222,0.01052222,0.7363946,13.58648
7/28/2025 14:00,0.003638889,0.01821111,0.7296755,14.23209
7/28/2025 14:30,0.0026,0.01285,0.7272144,13.7746
7/28/2025 15:00,0.002338889,0.01234444,0.7409217,13.7816
7/28/2025 15:30,0.001333333,0.006894444,0.7361518,13.51338
7/28/2025 16:00,0.001183333,0.007655555,0.7328087,13.43664
7/28/2025 16:30,0.000511111,0.003927778,NAN,13.3908
7/28/2025 17:00,0,0,NAN,13.15208
7/28/2025 17:30,0,0,NAN,13.08564
7/28/2025 18:00,0,0,NAN,13.05739
7/28/2025 18:30,0,0,NAN,13.03349
7/28/2025 19:00,0,0,NAN,13.01834
7/28/2025 19:30,0,0,NAN,13.00222
7/28/2025 20:00,0,0,NAN,12.98707
7/28/2025 20:30,0,0,NAN,12.96883
7/28/2025 21:00,0,0,NAN,12.96099
7/28/2025 21:30,0,0,NAN,12.94789
7/28/2025 22:00,0,0,NAN,12.93455
7/28/2025 22:30,0,0,NAN,12.92257
7/28/2025 23:00,0,0,NAN,12.90871
7/28/2025 23:30,0,0,NAN,12.89563
7/29/2025 0:00,0,0,NAN,12.88478
7/29/2025 0:30,0,0,NAN,12.8716
7/29/2025 1:00,0,0,NAN,12.86618
7/29/2025 1:30,0,0,NAN,12.85595
7/29/2025 2:00,0,0,NAN,12.84537
7/29/2025 2:30,0,0,NAN,12.84148
7/29/2025 3:00,0,0,NAN,12.83887
7/29/2025 3:30,0,0,NAN,12.8355
7/29/2025 4:00,0,0,NAN,12.82916
7/29/2025 4:30,0,0,NAN,12.82661
7/29/2025 5:00,0,0.000183333,NAN,12.81591
7/29/2025 5:30,0.000388889,0.003044444,0.8946298,12.82132
7/29/2025 6:00,0.002027778,0.01342222,0.7965428,12.87259
7/29/2025 6:30,0.003588889,0.02381111,0.7999859,12.94237
7/29/2025 7:00,0.0053,0.03348889,0.7933191,13.06459
7/29/2025 7:30,0.006988889,0.04215556,0.7851416,13.16092
7/29/2025 8:00,0.008477777,0.04830555,0.7737753,13.23677
7/29/2025 8:30,0.009488889,0.05181666,0.7649468,13.35394
7/29/2025 9:00,0.01129444,0.05883333,0.7540621,13.52008
7/29/2025 9:30,0.01272222,0.06405,0.7462991,13.6443
7/29/2025 10:00,0.01364444,0.06652778,0.7388305,13.81974
7/29/2025 10:30,0.01218889,0.05790555,0.7343109,13.90168
7/29/2025 11:00,0.01243889,0.05983333,0.7346925,14.25747
7/29/2025 11:30,0.01279444,0.06224444,0.7342891,14.22512
7/29/2025 12:00,0.01169444,0.05830555,0.736922,14.20866
7/29/2025 12:30,0.009988889,0.05076111,0.7391037,14.1782
7/29/2025 13:00,0.01001667,0.05382777,0.7509915,14.16333
7/29/2025 13:30,0.008516666,0.04772222,0.760959,14.15515
7/29/2025 14:00,0.005294445,0.03072222,0.7679046,14.15003
7/29/2025 14:30,0.004144445,0.02352222,0.7581564,14.16175
7/29/2025 15:00,0.005005555,0.03293333,0.784528,14.15506
7/29/2025 15:30,0.001011111,0.006955556,0.7987403,13.68955
7/29/2025 16:00,0.000994445,0.006777777,0.7658159,13.55889
7/29/2025 16:30,8.89E-05,0.002383333,0.9692584,13.29146
7/29/2025 17:00,0,6.11E-05,NAN,13.13602
7/29/2025 17:30,0,0,NAN,13.08598
7/29/2025 18:00,0,0,NAN,13.05805
7/29/2025 18:30,0,0,NAN,13.03419
7/29/2025 19:00,0,0,NAN,13.01611
7/29/2025 19:30,0,0,NAN,12.99812
7/29/2025 20:00,0,0,NAN,12.97826
7/29/2025 20:30,0,0,NAN,12.95527
7/29/2025 21:00,0,0,NAN,12.94274
7/29/2025 21:30,0,0,NAN,12.92686
7/29/2025 22:00,0,0,NAN,12.91186
7/29/2025 22:30,0,0,NAN,12.90075
7/29/2025 23:00,0,0,NAN,12.88781
7/29/2025 23:30,0,0,NAN,12.87614
7/30/2025 0:00,0,0,NAN,12.86422
7/30/2025 0:30,0,0,NAN,12.8595
7/30/2025 1:00,0,0,NAN,12.85094
7/30/2025 1:30,0,0,NAN,12.84293
7/30/2025 2:00,0,0,NAN,12.83876
7/30/2025 2:30,0,0,NAN,12.83452
7/30/2025 3:00,0,0,NAN,12.82979
7/30/2025 3:30,0,0,NAN,12.82454
7/30/2025 4:00,0,0,NAN,12.81867
7/30/2025 4:30,0,0,NAN,12.81716
7/30/2025 5:00,0,0.000211111,NAN,12.80765
7/30/2025 5:30,0.0003,0.002961111,0.8894314,12.81074
7/30/2025 6:00,0.000766667,0.007005555,0.9184354,12.84926
7/30/2025 6:30,0.003433333,0.02428889,0.8088712,12.92652
7/30/2025 7:00,0.004944444,0.03439444,0.8090793,13.06773
7/30/2025 7:30,0.006455555,0.04293889,0.8018808,13.19782
7/30/2025 8:00,0.007999999,0.05074444,0.7934917,13.29631
7/30/2025 8:30,0.009449999,0.05693333,0.7838938,13.40434
7/30/2025 9:00,0.01071111,0.06197222,0.7756643,13.4796
7/30/2025 9:30,0.01200556,0.06556667,0.7636592,13.54451
7/30/2025 10:00,0.01309444,0.06951667,0.7570816,13.72084
7/30/2025 10:30,0.01378889,0.07076667,0.7493035,13.78324
7/30/2025 11:00,0.014,0.07137222,0.7469341,14.1686
7/30/2025 11:30,0.01388333,0.07113889,0.7470904,14.21903
7/30/2025 12:00,0.013,0.06918333,0.7543636,14.19831
7/30/2025 12:30,0.01190555,0.0663,0.7630228,14.18865
7/30/2025 13:00,0.01059444,0.06198889,0.7722836,14.17194
7/30/2025 13:30,0.009299999,0.05683333,0.7796692,14.16293
7/30/2025 14:00,0.007716666,0.05057777,0.7910094,14.15465
7/30/2025 14:30,0.006094445,0.04278333,0.8012285,14.15017
7/30/2025 15:00,0.004461111,0.03367778,0.8099206,14.14469
7/30/2025 15:30,0.002716667,0.02273889,0.8213406,14.14956
7/30/2025 16:00,0.001105556,0.009866666,0.8161913,14.16756
7/30/2025 16:30,0,0.000861111,NAN,13.26769
7/30/2025 17:00,0,0,NAN,13.12761
7/30/2025 17:30,0,0,NAN,13.07724
7/30/2025 18:00,0,0,NAN,13.05084
7/30/2025 18:30,0,0,NAN,13.03233
7/30/2025 19:00,0,0,NAN,13.01716
7/30/2025 19:30,0,0,NAN,12.9992
7/30/2025 20:00,0,0,NAN,12.98464
7/30/2025 20:30,0,0,NAN,12.96655
7/30/2025 21:00,0,0,NAN,12.95155
7/30/2025 21:30,0,0,NAN,12.93433
7/30/2025 22:00,0,0,NAN,12.91937
7/30/2025 22:30,0,0,NAN,12.90174
7/30/2025 23:00,0,0,NAN,12.88745
7/30/2025 23:30,0,0,NAN,12.87368
7/31/2025 0:00,0,0,NAN,12.86005
7/31/2025 0:30,0,0,NAN,12.85131
7/31/2025 1:00,0,0,NAN,12.84183
7/31/2025 1:30,0,0,NAN,12.83416
7/31/2025 2:00,0,0,NAN,12.82749
7/31/2025 2:30,0,0,NAN,12.82033
7/31/2025 3:00,0,0,NAN,12.81476
7/31/2025 3:30,0,0,NAN,12.81107
7/31/2025 4:00,0,0,NAN,12.80678
7/31/2025 4:30,0,0,NAN,12.80451
7/31/2025 5:00,0,0.000233333,NAN,12.79581
7/31/2025 5:30,0.000294444,0.0029,0.9205018,12.80604
7/31/2025 6:00,0.001622222,0.01340555,0.8243062,12.86373
7/31/2025 6:30,0.003188889,0.02458333,0.8200303,12.93386
7/31/2025 7:00,0.004561111,0.03491667,0.8221861,13.06739
7/31/2025 7:30,0.005994444,0.04407222,0.816698,13.18013
7/31/2025 8:00,0.007416667,0.05216111,0.8095046,13.27514
7/31/2025 8:30,0.008644444,0.05903889,0.8045845,13.37292
7/31/2025 9:00,0.009922221,0.06416111,0.7946554,13.45386
7/31/2025 9:30,0.01103889,0.0682,0.7859133,13.50158
7/31/2025 10:00,0.01198333,0.07113889,0.777778,13.65767
7/31/2025 10:30,0.01257222,0.07317777,0.7737335,13.61637
7/31/2025 11:00,0.013,0.07384444,0.7683398,14.03266
7/31/2025 11:30,0.0128,0.07353888,0.7700912,14.22008
7/31/2025 12:00,0.012,0.07125,0.7760024,14.1986
7/31/2025 12:30,0.01103333,0.06802778,0.7828207,14.18862
7/31/2025 13:00,0.009727777,0.06373889,0.7934992,14.16535
7/31/2025 13:30,0.008588889,0.05854444,0.7994124,14.15104
7/31/2025 14:00,0.007227778,0.05201111,0.8073035,14.12868
7/31/2025 14:30,0.005611111,0.04416111,0.8202714,14.11425
7/31/2025 15:00,0.004205555,0.03508333,0.8259253,14.11743
7/31/2025 15:30,0.002522222,0.02359444,0.8368635,14.11813
7/31/2025 16:00,0.000955556,0.009588889,0.84073,14.13766
7/31/2025 16:30,0,0.000716667,NAN,13.23939
7/31/2025 17:00,0,0,NAN,13.11673
7/31/2025 17:30,0,0,NAN,13.07715
7/31/2025 18:00,0,0,NAN,13.04672
7/31/2025 18:30,0,0,NAN,13.02262
7/31/2025 19:00,0,0,NAN,13.00419
7/31/2025 19:30,0,0,NAN,12.98617
7/31/2025 20:00,0,0,NAN,12.97039
7/31/2025 20:30,0,0,NAN,12.95279
7/31/2025 21:00,0,0,NAN,12.94392
7/31/2025 21:30,0,0,NAN,12.92654
7/31/2025 22:00,0,0,NAN,12.9103
7/31/2025 22:30,0,0,NAN,12.89878
7/31/2025 23:00,0,0,NAN,12.88649
7/31/2025 23:30,0,0,NAN,12.8741
8/1/2025 0:00,0,0,NAN,12.8617
8/1/2025 0:30,0,0,NAN,12.85713
8/1/2025 1:00,0,0,NAN,12.8473
8/1/2025 1:30,0,0,NAN,12.83656
8/1/2025 2:00,0,0,NAN,12.82927
8/1/2025 2:30,0,0,NAN,12.8188
8/1/2025 3:00,0,0,NAN,12.81026
8/1/2025 3:30,0,0,NAN,12.80298
8/1/2025 4:00,0,0,NAN,12.79788
8/1/2025 4:30,0,0,NAN,12.79435
8/1/2025 5:00,0,0.0002,NAN,12.78401
8/1/2025 5:30,0.000277778,0.002777778,0.9254767,12.7894
8/1/2025 6:00,0.001566667,0.01311667,0.8290823,12.84508
8/1/2025 6:30,0.003,0.02435,0.829947,12.92631
8/1/2025 7:00,0.004377778,0.03494444,0.8298427,13.04775
8/1/2025 7:30,0.005672222,0.04475556,0.8287449,13.14321
8/1/2025 8:00,0.006972222,0.05325,0.8238519,13.21782
8/1/2025 8:30,0.008211111,0.06003333,0.8166513,13.30264
8/1/2025 9:00,0.009333332,0.06555555,0.8097168,13.38271
8/1/2025 9:30,0.01017222,0.06975,0.8052077,13.42449
8/1/2025 10:00,0.01106667,0.07273333,0.7972557,13.61596
8/1/2025 10:30,0.01199444,0.07456111,0.7863899,13.5653
8/1/2025 11:00,0.012,0.075,0.7868493,13.95101
8/1/2025 11:30,0.012,0.07438888,0.7846838,14.16842
8/1/2025 12:00,0.01127778,0.07204444,0.7897333,14.13693
8/1/2025 12:30,0.01038889,0.06863888,0.7952914,14.10879
8/1/2025 13:00,0.009311111,0.06474444,0.803408,14.08834
8/1/2025 13:30,0.008083333,0.05950555,0.8120034,14.06645
8/1/2025 14:00,0.0067,0.05312222,0.8226233,14.0454
8/1/2025 14:30,0.005361111,0.04536111,0.8305575,14.04031
8/1/2025 15:00,0.003844444,0.03622222,0.8431264,14.02397
8/1/2025 15:30,0.002405555,0.02416111,0.8450986,14.02428
8/1/2025 16:00,0.000805556,0.009166666,0.8642945,13.59664
8/1/2025 16:30,0,0.000616667,NAN,13.2007
8/1/2025 17:00,0,0,NAN,13.11959
8/1/2025 17:30,0,0,NAN,13.08316
8/1/2025 18:00,0,0,NAN,13.05533
8/1/2025 18:30,0,0,NAN,13.03151
8/1/2025 19:00,0,0,NAN,13.00917
8/1/2025 19:30,0,0,NAN,12.98662
8/1/2025 20:00,0,0,NAN,12.97614
8/1/2025 20:30,0,0,NAN,12.95996
8/1/2025 21:00,0,0,NAN,12.94274
8/1/2025 21:30,0,0,NAN,12.92694
8/1/2025 22:00,0,0,NAN,12.91517
8/1/2025 22:30,0,0,NAN,12.90352
8/1/2025 23:00,0,0,NAN,12.89216
8/1/2025 23:30,0,0,NAN,12.87924
8/2/2025 0:00,0,0,NAN,12.87475
8/2/2025 0:30,0,0,NAN,12.86602
8/2/2025 1:00,0,0,NAN,12.85674
8/2/2025 1:30,0,0,NAN,12.85385
8/2/2025 2:00,0,0,NAN,12.85055
8/2/2025 2:30,0,0,NAN,12.84682
8/2/2025 3:00,0,0,NAN,12.84171
8/2/2025 3:30,0,0,NAN,12.84092
8/2/2025 4:00,0,0,NAN,12.83573
8/2/2025 4:30,0,0,NAN,12.82932
8/2/2025 5:00,0,0.000155556,NAN,12.82197
8/2/2025 5:30,0.000183333,0.002877778,0.9551473,12.82345
8/2/2025 6:00,0.001361111,0.0121,0.8421876,12.88035
8/2/2025 6:30,0.002655555,0.02483333,0.8548648,12.94973
8/2/2025 7:00,0.004072222,0.03564445,0.8475348,13.0789
8/2/2025 7:30,0.0053,0.0455,0.8454881,13.18879
8/2/2025 8:00,0.006583333,0.05529444,0.8420812,13.30395
8/2/2025 8:30,0.004472222,0.03278333,0.8191907,13.63371
8/2/2025 9:00,0.003772222,0.02581667,0.8032603,13.81875
8/2/2025 9:30,0.00545,0.03937222,0.8097484,13.79644
8/2/2025 10:00,0.002372222,0.01665,0.8047313,13.65934
8/2/2025 10:30,0.00195,0.01537222,0.8270218,13.57553
8/2/2025 11:00,0.008283333,0.06131111,0.8203306,13.88009
8/2/2025 11:30,0.008716667,0.06313889,0.817914,14.14713
8/2/2025 12:00,0.0095,0.06805556,0.8144788,14.10391
8/2/2025 12:30,0.005944444,0.0435,0.8183203,14.07808
8/2/2025 13:00,0.008227778,0.06357222,0.8239365,14.0476
8/2/2025 13:30,0.008422222,0.06591666,0.8264042,14.01359
8/2/2025 14:00,0.006811111,0.05771111,0.837907,13.98133
8/2/2025 14:30,0.004783333,0.04417777,0.8512895,13.98572
8/2/2025 15:00,0.003522222,0.03468333,0.8569994,13.98496
8/2/2025 15:30,0.0015,0.01556111,0.8595021,13.84378
8/2/2025 16:00,2.22E-05,0.002527778,0.9951322,13.25844
8/2/2025 16:30,0,0.000244444,NAN,13.13569
8/2/2025 17:00,0,0,NAN,13.10124
8/2/2025 17:30,0,0,NAN,13.07565
8/2/2025 18:00,0,0,NAN,13.05872
8/2/2025 18:30,0,0,NAN,13.04246
8/2/2025 19:00,0,0,NAN,13.02663
8/2/2025 19:30,0,0,NAN,13.00893
8/2/2025 20:00,0,0,NAN,12.99967
8/2/2025 20:30,0,0,NAN,12.98991
8/2/2025 21:00,0,0,NAN,12.97567
8/2/2025 21:30,0,0,NAN,12.96804
8/2/2025 22:00,0,0,NAN,12.95765
8/2/2025 22:30,0,0,NAN,12.94552
8/2/2025 23:00,0,0,NAN,12.93054
8/2/2025 23:30,0,0,NAN,12.92602
8/3/2025 0:00,0,0,NAN,12.91606
8/3/2025 0:30,0,0,NAN,12.90528
8/3/2025 1:00,0,0,NAN,12.90203
8/3/2025 1:30,0,0,NAN,12.89696
8/3/2025 2:00,0,0,NAN,12.8929
8/3/2025 2:30,0,0,NAN,12.89227
8/3/2025 3:00,0,0,NAN,12.89521
8/3/2025 3:30,0,0,NAN,12.89111
8/3/2025 4:00,0,0,NAN,12.88728
8/3/2025 4:30,0,0,NAN,12.8875
8/3/2025 5:00,0,0,NAN,12.8806
8/3/2025 5:30,0,0.001516667,NAN,12.88103
8/3/2025 6:00,0,0.001777778,1,12.882
8/3/2025 6:30,0,0.003033333,1,12.88983
8/3/2025 7:00,0.000155556,0.003733333,0.9645064,12.89815
8/3/2025 7:30,0.001272222,0.01064444,0.831121,12.94028
8/3/2025 8:00,0.002266667,0.01995,0.8454344,13.10177
8/3/2025 8:30,0.002838889,0.02523333,0.8499423,13.50756
8/3/2025 9:00,0.002527778,0.02246667,0.8489878,13.7408
8/3/2025 9:30,0.003527778,0.03023889,0.8439546,13.81809
8/3/2025 10:00,0.002172222,0.01883333,0.842432,13.72146
8/3/2025 10:30,0.002805555,0.02362778,0.8410103,13.74245
8/3/2025 11:00,0.002866667,0.02407222,0.8401451,13.82698
8/3/2025 11:30,0.004016667,0.03408333,0.8430229,13.86362
8/3/2025 12:00,0.003983333,0.03332778,0.83982,14.14814
8/3/2025 12:30,0.005072222,0.04462222,0.8468574,14.13879
8/3/2025 13:00,0.005633333,0.04967222,0.848891,14.10429
8/3/2025 13:30,0.003183333,0.02756111,0.8451322,14.10073
8/3/2025 14:00,0.002611111,0.02177778,0.8379958,13.94591
8/3/2025 14:30,0.001655556,0.01487222,0.8488142,13.69214
8/3/2025 15:00,0.001,0.01127222,0.8735337,13.59008
8/3/2025 15:30,0.000988889,0.00795,0.8196468,13.38564
8/3/2025 16:00,0.000133333,0.003022222,0.9677483,13.18652
8/3/2025 16:30,0,0.000283333,NAN,13.1086
8/3/2025 17:00,0,0,NAN,13.08006
8/3/2025 17:30,0,0,NAN,13.06023
8/3/2025 18:00,0,0,NAN,13.04421
8/3/2025 18:30,0,0,NAN,13.03346
8/3/2025 19:00,0,0,NAN,13.01837
8/3/2025 19:30,0,0,NAN,13.00446
8/3/2025 20:00,0,0,NAN,12.98748
8/3/2025 20:30,0,0,NAN,12.97544
8/3/2025 21:00,0,0,NAN,12.9634
8/3/2025 21:30,0,0,NAN,12.95178
8/3/2025 22:00,0,0,NAN,12.93865
8/3/2025 22:30,0,0,NAN,12.93517
8/3/2025 23:00,0,0,NAN,12.92576
8/3/2025 23:30,0,0,NAN,12.91465
8/4/2025 0:00,0,0,NAN,12.91085
8/4/2025 0:30,0,0,NAN,12.90512
8/4/2025 1:00,0,0,NAN,12.89899
8/4/2025 1:30,0,0,NAN,12.89328
8/4/2025 2:00,0,0,NAN,12.88792
8/4/2025 2:30,0,0,NAN,12.88944
8/4/2025 3:00,0,0,NAN,12.88458
8/4/2025 3:30,0,0,NAN,12.88216
8/4/2025 4:00,0,0,NAN,12.88073
8/4/2025 4:30,0,0,NAN,12.88266
8/4/2025 5:00,0,0,NAN,12.87897
8/4/2025 5:30,0,0.000138889,NAN,12.86866
8/4/2025 6:00,0,0.001738889,NAN,12.8737
8/4/2025 6:30,0,0.003194444,1,12.89842
8/4/2025 7:00,2.22E-05,0.003888889,0.9942687,12.9005
8/4/2025 7:30,0.000705556,0.00625,0.8566633,12.93829
8/4/2025 8:00,0.001455556,0.01368889,0.852074,12.97136
8/4/2025 8:30,0.002555556,0.02608889,0.8685676,13.22304
8/4/2025 9:00,0.006455555,0.06547222,0.8695948,13.6853
8/4/2025 9:30,0.006938889,0.06957222,0.8684155,13.97739
8/4/2025 10:00,0.004383333,0.04127778,0.858145,14.00761
8/4/2025 10:30,0.005133333,0.05153888,0.8680019,14.13702
8/4/2025 11:00,0.006833333,0.06854444,0.8660254,14.12662
8/4/2025 11:30,0.008027777,0.07914444,0.8632436,14.03346
8/4/2025 12:00,0.007255556,0.07350556,0.8682947,13.97159
8/4/2025 12:30,0.006988889,0.07421111,0.8721466,14.07362
8/4/2025 13:00,0.0065,0.06934444,0.8724424,14.06005
8/4/2025 13:30,0.005216666,0.05752778,0.8775926,14.05256
8/4/2025 14:00,0.004033334,0.04436111,0.8733888,14.05778
8/4/2025 14:30,0.004027777,0.04589444,0.8789209,13.76083
8/4/2025 15:00,0.002138889,0.02803889,0.9129785,13.50758
8/4/2025 15:30,5.56E-06,0.0034,0.9986075,13.32192
8/4/2025 16:00,0,0.000938889,NAN,13.15402
8/4/2025 16:30,0,0,NAN,13.10356
8/4/2025 17:00,0,0,NAN,13.08045
8/4/2025 17:30,0,0,NAN,13.06499
8/4/2025 18:00,0,0,NAN,13.04922
8/4/2025 18:30,0,0,NAN,13.03551
8/4/2025 19:00,0,0,NAN,13.02382
8/4/2025 19:30,0,0,NAN,13.00716
8/4/2025 20:00,0,0,NAN,12.99646
8/4/2025 20:30,0,0,NAN,12.9801
8/4/2025 21:00,0,0,NAN,12.97007
8/4/2025 21:30,0,0,NAN,12.95055
8/4/2025 22:00,0,0,NAN,12.93318
8/4/2025 22:30,0,0,NAN,12.92294
8/4/2025 23:00,0,0,NAN,12.9099
8/4/2025 23:30,0,0,NAN,12.89855
8/5/2025 0:00,0,0,NAN,12.88772
8/5/2025 0:30,0,0,NAN,12.88267
8/5/2025 1:00,0,0,NAN,12.87512
8/5/2025 1:30,0,0,NAN,12.86892
8/5/2025 2:00,0,0,NAN,12.86114
8/5/2025 2:30,0,0,NAN,12.85938
8/5/2025 3:00,0,0,NAN,12.8509
8/5/2025 3:30,0,0,NAN,12.84194
8/5/2025 4:00,0,0,NAN,12.84002
8/5/2025 4:30,0,0,NAN,12.8351
8/5/2025 5:00,0,5.56E-06,NAN,12.82396
8/5/2025 5:30,0,0.00225,NAN,12.82681
8/5/2025 6:00,0.000905556,0.01305555,0.8889174,12.8745
8/5/2025 6:30,0.001861111,0.02557222,0.8939487,12.94853
8/5/2025 7:00,0.002822222,0.03688333,0.8908089,13.04798
8/5/2025 7:30,0.003766667,0.04758333,0.8879519,13.11751
8/5/2025 8:00,0.004566667,0.05677222,0.8868729,13.18134
8/5/2025 8:30,0.005333333,0.06431667,0.8837374,13.25953
8/5/2025 9:00,0.006,0.07049444,0.8807252,13.35146
8/5/2025 9:30,0.006883333,0.07486667,0.871843,13.41527
8/5/2025 10:00,0.006922222,0.07717778,0.8746173,13.6744
8/5/2025 10:30,0.007422222,0.07832778,0.8686263,13.59453
8/5/2025 11:00,0.007966666,0.08112222,0.8628807,14.11177
8/5/2025 11:30,0.007816667,0.08071111,0.8641282,14.31059
8/5/2025 12:00,0.007011111,0.07898334,0.874099,14.30869
8/5/2025 12:30,0.006805556,0.07572778,0.8719759,14.29047
8/5/2025 13:00,0.006005555,0.07132778,0.878502,14.28511
8/5/2025 13:30,0.005388889,0.06539445,0.8802833,14.27392
8/5/2025 14:00,0.004594444,0.05785555,0.883409,14.27221
8/5/2025 14:30,0.003566667,0.04854999,0.8901409,14.25598
8/5/2025 15:00,0.002661111,0.03757222,0.8912181,14.26172
8/5/2025 15:30,0.001516667,0.02314444,0.8947493,14.26137
8/5/2025 16:00,0.000477778,0.008344444,0.9277049,13.64114
8/5/2025 16:30,0,0.000494445,NAN,13.25864
8/5/2025 17:00,0,0,NAN,13.11881
8/5/2025 17:30,0,0,NAN,13.06215
8/5/2025 18:00,0,0,NAN,13.02763
8/5/2025 18:30,0,0,NAN,12.99792
8/5/2025 19:00,0,0,NAN,12.97306
8/5/2025 19:30,0,0,NAN,12.95199
8/5/2025 20:00,0,0,NAN,12.93095
8/5/2025 20:30,0,0,NAN,12.91408
8/5/2025 21:00,0,0,NAN,12.89564
8/5/2025 21:30,0,0,NAN,12.8847
8/5/2025 22:00,0,0,NAN,12.8726
8/5/2025 22:30,0,0,NAN,12.86034
8/5/2025 23:00,0,0,NAN,12.84863
8/5/2025 23:30,0,0,NAN,12.8373
8/6/2025 0:00,0,0,NAN,12.82743
8/6/2025 0:30,0,0,NAN,12.81723
8/6/2025 1:00,0,0,NAN,12.8069
8/6/2025 1:30,0,0,NAN,12.80092
8/6/2025 2:00,0,0,NAN,12.79561
8/6/2025 2:30,0,0,NAN,12.79377
8/6/2025 3:00,0,0,NAN,12.79434
8/6/2025 3:30,0,0,NAN,12.79543
8/6/2025 4:00,0,0,NAN,12.79682
8/6/2025 4:30,0,0,NAN,12.79845
8/6/2025 5:00,0,0,NAN,12.7917
8/6/2025 5:30,0,0.001083333,NAN,12.79408
8/6/2025 6:00,0.000627778,0.007244444,0.9057388,12.81292
8/6/2025 6:30,0.000972222,0.01010556,0.8663607,12.91055
8/6/2025 7:00,0.001261111,0.01591111,0.8914074,13.00005
8/6/2025 7:30,0.001905555,0.02186111,0.8777603,13.16772
8/6/2025 8:00,0.002166667,0.02583333,0.8824733,13.51916
8/6/2025 8:30,0.004183333,0.04702222,0.8749621,13.94744
8/6/2025 9:00,0.004788889,0.05192777,0.8720141,14.42921
8/6/2025 9:30,0.004394445,0.04845,0.8744302,14.39432
8/6/2025 10:00,0.003911111,0.04098889,0.8661103,14.34863
8/6/2025 10:30,0.005538889,0.06059444,0.873382,14.34667
8/6/2025 11:00,0.007944444,0.08562222,0.8716708,14.30609
8/6/2025 11:30,0.006099999,0.06473333,0.8697382,14.2864
8/6/2025 12:00,0.007388888,0.08306666,0.876382,14.25072
8/6/2025 12:30,0.005555556,0.06230555,0.876649,14.24036
8/6/2025 13:00,0.005972222,0.06922222,0.8792835,14.22714
8/6/2025 13:30,0.003511111,0.03976667,0.8770045,14.22643
8/6/2025 14:00,0.003205555,0.03893889,0.8843982,14.22342
8/6/2025 14:30,0.002811111,0.03483889,0.8824192,14.21211
8/6/2025 15:00,0.0015,0.01979444,0.8931559,14.20729
8/6/2025 15:30,0.000666667,0.009544444,0.9375705,13.44484
8/6/2025 16:00,0,0.000972222,NAN,13.19064
8/6/2025 16:30,0,0,NAN,13.10896
8/6/2025 17:00,0,0,NAN,13.07652
8/6/2025 17:30,0,0,NAN,13.05506
8/6/2025 18:00,0,0,NAN,13.03665
8/6/2025 18:30,0,0,NAN,13.02054
8/6/2025 19:00,0,0,NAN,13.00163
8/6/2025 19:30,0,0,NAN,12.9912
8/6/2025 20:00,0,0,NAN,12.9755
8/6/2025 20:30,0,0,NAN,12.96047
8/6/2025 21:00,0,0,NAN,12.94906
8/6/2025 21:30,0,0,NAN,12.93338
8/6/2025 22:00,0,0,NAN,12.91952
8/6/2025 22:30,0,0,NAN,12.9038
8/6/2025 23:00,0,0,NAN,12.89447
8/6/2025 23:30,0,0,NAN,12.89132
8/7/2025 0:00,0,0,NAN,12.88623
8/7/2025 0:30,0,0,NAN,12.87973
8/7/2025 1:00,0,0,NAN,12.87449
8/7/2025 1:30,0,0,NAN,12.86808
8/7/2025 2:00,0,0,NAN,12.86129
8/7/2025 2:30,0,0,NAN,12.85324
8/7/2025 3:00,0,0,NAN,12.84859
8/7/2025 3:30,0,0,NAN,12.84249
8/7/2025 4:00,0,0,NAN,12.83633
8/7/2025 4:30,0,0,NAN,12.83348
8/7/2025 5:00,0,0,NAN,12.82268
8/7/2025 5:30,0,0.000338889,NAN,12.81856
8/7/2025 6:00,0.000411111,0.005694444,0.9354871,12.83659
8/7/2025 6:30,0.001155556,0.01340555,0.8712127,12.95721
8/7/2025 7:00,0.002233333,0.02437778,0.8667331,13.16443
8/7/2025 7:30,0.002611111,0.02871666,0.8678538,13.56288
8/7/2025 8:00,0.002388889,0.02603889,0.8622552,13.88698
8/7/2025 8:30,0.003244444,0.03807222,0.8773652,14.13107
8/7/2025 9:00,0.003338889,0.03935,0.8780634,14.07618
8/7/2025 9:30,0.004277778,0.05043888,0.8830061,14.26305
8/7/2025 10:00,0.0029,0.03187222,0.8726987,14.1239
8/7/2025 10:30,0.002416667,0.02692222,0.8744398,14.08572
8/7/2025 11:00,0.002183333,0.02583889,0.8820096,14.02324
8/7/2025 11:30,0.004011111,0.04649444,0.8798858,14.27756
8/7/2025 12:00,0.0057,0.06821667,0.8847027,14.23402
8/7/2025 12:30,0.00175,0.02133333,0.8874242,13.90012
8/7/2025 13:00,0.002544445,0.02751666,0.8718087,14.22329
8/7/2025 13:30,0.002511111,0.02931111,0.8799725,13.80451
8/7/2025 14:00,0.004444444,0.05625555,0.8897042,14.20731
8/7/2025 14:30,0.003461111,0.04596666,0.8935149,14.1874
8/7/2025 15:00,0.001166667,0.01836111,0.9431347,13.66817
8/7/2025 15:30,0.001466667,0.02045,0.8924074,14.20537
8/7/2025 16:00,0.000322222,0.004505556,NAN,13.3637
8/7/2025 16:30,0,0.000105556,NAN,13.15534
8/7/2025 17:00,0,0,NAN,13.0937
8/7/2025 17:30,0,0,NAN,13.06136
8/7/2025 18:00,0,0,NAN,13.03954
8/7/2025 18:30,0,0,NAN,13.01979
8/7/2025 19:00,0,0,NAN,13.00215
8/7/2025 19:30,0,0,NAN,12.99736
8/7/2025 20:00,0,0,NAN,12.98363
8/7/2025 20:30,0,0,NAN,12.96736
8/7/2025 21:00,0,0,NAN,12.95354
8/7/2025 21:30,0,0,NAN,12.93869
8/7/2025 22:00,0,0,NAN,12.92447
8/7/2025 22:30,0,0,NAN,12.91079
8/7/2025 23:00,0,0,NAN,12.90541
8/7/2025 23:30,0,0,NAN,12.89418
8/8/2025 0:00,0,0,NAN,12.88088
8/8/2025 0:30,0,0,NAN,12.87229
8/8/2025 1:00,0,0,NAN,12.86144
8/8/2025 1:30,0,0,NAN,12.8517
8/8/2025 2:00,0,0,NAN,12.84317
8/8/2025 2:30,0,0,NAN,12.84124
8/8/2025 3:00,0,0,NAN,12.83578
8/8/2025 3:30,0,0,NAN,12.83104
8/8/2025 4:00,0,0,NAN,12.83049
8/8/2025 4:30,0,0,NAN,12.8288
8/8/2025 5:00,0,0,NAN,12.82574
8/8/2025 5:30,0,0.00035,NAN,12.82491
8/8/2025 6:00,0,0.001144444,1,12.83584
8/8/2025 6:30,0.000988889,0.01078889,0.9079879,12.85998
8/8/2025 7:00,0.001955556,0.01954444,0.8584034,13.03712
8/8/2025 7:30,0.0021,0.02127222,0.8530573,13.33426
8/8/2025 8:00,0.002055556,0.02137778,0.8648569,13.56288
8/8/2025 8:30,0.002344444,0.02458333,0.8622888,13.79859
8/8/2025 9:00,0.002694444,0.02970555,0.8731326,13.85873
8/8/2025 9:30,0.003866666,0.04577222,0.8827187,14.12568
8/8/2025 10:00,0.002022222,0.02287778,0.8743613,14.04126
8/8/2025 10:30,0.002538889,0.03103333,0.8849624,14.02344
8/8/2025 11:00,0.004916667,0.06017222,0.8883814,14.054
8/8/2025 11:30,0.003777778,0.04526111,0.8838473,14.17625
8/8/2025 12:00,0.005583333,0.06934444,0.8875999,14.17456
8/8/2025 12:30,0.005483333,0.06740555,0.8852142,14.13279
8/8/2025 13:00,0.005155555,0.06411111,0.8844827,14.09844
8/8/2025 13:30,0.003583333,0.04613889,0.8889357,14.08151
8/8/2025 14:00,0.004905555,0.06447778,0.8892832,14.10744
8/8/2025 14:30,0.002711111,0.0357,0.8879998,14.09683
8/8/2025 15:00,0.000266667,0.007177778,0.9793494,13.35583
8/8/2025 15:30,0.000111111,0.005516666,0.9875834,13.27097
8/8/2025 16:00,0.00035,0.007188888,0.9499902,13.40264
8/8/2025 16:30,0,0.000172222,NAN,13.15379
8/8/2025 17:00,0,0,NAN,13.08815
8/8/2025 17:30,0,0,NAN,13.05804
8/8/2025 18:00,0,0,NAN,13.0388
8/8/2025 18:30,0,0,NAN,13.02208
8/8/2025 19:00,0,0,NAN,12.99932
8/8/2025 19:30,0,0,NAN,12.98776
8/8/2025 20:00,0,0,NAN,12.97072
8/8/2025 20:30,0,0,NAN,12.95329
8/8/2025 21:00,0,0,NAN,12.94078
8/8/2025 21:30,0,0,NAN,12.9286
8/8/2025 22:00,0,0,NAN,12.91752
8/8/2025 22:30,0,0,NAN,12.90407
8/8/2025 23:00,0,0,NAN,12.8987
8/8/2025 23:30,0,0,NAN,12.88859
8/9/2025 0:00,0,0,NAN,12.87752
8/9/2025 0:30,0,0,NAN,12.87173
8/9/2025 1:00,0,0,NAN,12.86464
8/9/2025 1:30,0,0,NAN,12.85687
8/9/2025 2:00,0,0,NAN,12.84694
8/9/2025 2:30,0,0,NAN,12.83527
8/9/2025 3:00,0,0,NAN,12.83201
8/9/2025 3:30,0,0,NAN,12.82698
8/9/2025 4:00,0,0,NAN,12.82191
8/9/2025 4:30,0,0,NAN,12.8211
8/9/2025 5:00,0,0,NAN,12.81401
8/9/2025 5:30,5.56E-06,0.003783333,NAN,12.81608
8/9/2025 6:00,0.00055,0.009788889,0.9226765,12.90706
8/9/2025 6:30,0.001505556,0.02213889,0.8978766,13.01049
8/9/2025 7:00,0.002433333,0.03446667,0.9000593,13.31318
8/9/2025 7:30,0.003522222,0.04716666,0.8949428,13.61039
8/9/2025 8:00,0.002861111,0.03551111,0.8885871,13.9446
8/9/2025 8:30,0.004716666,0.06233333,0.8942484,13.99765
8/9/2025 9:00,0.00515,0.06889445,0.8964291,13.92267
8/9/2025 9:30,0.003477778,0.04455555,0.8904988,14.16513
8/9/2025 10:00,0.0033,0.04141667,0.8867559,14.21138
8/9/2025 10:30,0.0047,0.05971666,0.8895567,14.31053
8/9/2025 11:00,0.006377778,0.0781,0.8848644,14.28921
8/9/2025 11:30,0.005438889,0.06505555,0.8816189,14.26245
8/9/2025 12:00,0.005661111,0.07405555,0.8905388,14.26305
8/9/2025 12:30,0.005616666,0.07375555,0.8922425,14.16851
8/9/2025 13:00,0.005011111,0.07156111,0.9001537,14.24157
8/9/2025 13:30,0.004683333,0.06475,0.8964227,14.24307
8/9/2025 14:00,0.003422222,0.05023333,0.9010116,14.23127
8/9/2025 14:30,0.002672222,0.03973333,0.8998364,14.23993
8/9/2025 15:00,0.002438889,0.03733333,0.8991725,14.24516
8/9/2025 15:30,0.001305556,0.02111667,0.8993872,14.24633
8/9/2025 16:00,0.000244444,0.006083333,0.9599561,13.72758
8/9/2025 16:30,0,0.000283333,NAN,13.21703
8/9/2025 17:00,0,0,NAN,13.10511
8/9/2025 17:30,0,0,NAN,13.05943
8/9/2025 18:00,0,0,NAN,13.03217
8/9/2025 18:30,0,0,NAN,13.00588
8/9/2025 19:00,0,0,NAN,12.99098
8/9/2025 19:30,0,0,NAN,12.96981
8/9/2025 20:00,0,0,NAN,12.94816
8/9/2025 20:30,0,0,NAN,12.93041
8/9/2025 21:00,0,0,NAN,12.91238
8/9/2025 21:30,0,0,NAN,12.89758
8/9/2025 22:00,0,0,NAN,12.88285
8/9/2025 22:30,0,0,NAN,12.87529
8/9/2025 23:00,0,0,NAN,12.86402
8/9/2025 23:30,0,0,NAN,12.85234
8/10/2025 0:00,0,0,NAN,12.84197
8/10/2025 0:30,0,0,NAN,12.83154
8/10/2025 1:00,0,0,NAN,12.82125
8/10/2025 1:30,0,0,NAN,12.81093
8/10/2025 2:00,0,0,NAN,12.80469
8/10/2025 2:30,0,0,NAN,12.79684
8/10/2025 3:00,0,0,NAN,12.78951
8/10/2025 3:30,0,0,NAN,12.78268
8/10/2025 4:00,0,0,NAN,12.77724
8/10/2025 4:30,0,0,NAN,12.77516
8/10/2025 5:00,0,0,NAN,12.76689
8/10/2025 5:30,0,0.001566667,NAN,12.76781
8/10/2025 6:00,0.000916667,0.009016667,0.8426341,12.81049
8/10/2025 6:30,0.001794445,0.02048333,0.8766022,12.90167
8/10/2025 7:00,0.0022,0.03119444,0.9012479,13.00763
8/10/2025 7:30,0.003,0.04196667,0.8999299,13.09217
8/10/2025 8:00,0.003861111,0.05182222,0.8966243,13.17512
8/10/2025 8:30,0.004261111,0.06032222,0.901911,13.27365
8/10/2025 9:00,0.005,0.06683889,0.8962265,13.38073
8/10/2025 9:30,0.005016666,0.07186111,0.9027266,13.45684
8/10/2025 10:00,0.005644444,0.0752,0.8956598,13.69116
8/10/2025 10:30,0.006,0.07737777,0.8919414,13.74142
8/10/2025 11:00,0.006,0.07892778,0.8935862,14.27206
8/10/2025 11:30,0.005799999,0.0779,0.8950056,14.33039
8/10/2025 12:00,0.005127778,0.06875,0.8934704,14.29106
8/10/2025 12:30,0.005177778,0.07489999,0.9015182,14.27892
8/10/2025 13:00,0.004972222,0.0689,0.8968695,14.26386
8/10/2025 13:30,0.004044444,0.06254444,0.9066296,14.24672
8/10/2025 14:00,0.003838889,0.05506111,0.8989511,14.24783
8/10/2025 14:30,0.002683333,0.03985,0.8994237,14.2083
8/10/2025 15:00,0.002555556,0.03923889,0.8991886,14.23535
8/10/2025 15:30,0.001222222,0.0199,0.896499,14.23546
8/10/2025 16:00,7.78E-05,0.004444444,0.9864683,13.54434
8/10/2025 16:30,0,0.000466667,NAN,13.22386
8/10/2025 17:00,0,0,NAN,13.10488
8/10/2025 17:30,0,0,NAN,13.06305
8/10/2025 18:00,0,0,NAN,13.03265
8/10/2025 18:30,0,0,NAN,13.00729
8/10/2025 19:00,0,0,NAN,12.98454
8/10/2025 19:30,0,0,NAN,12.96605
8/10/2025 20:00,0,0,NAN,12.94974
8/10/2025 20:30,0,0,NAN,12.93553
8/10/2025 21:00,0,0,NAN,12.92365
8/10/2025 21:30,0,0,NAN,12.91783
8/10/2025 22:00,0,0,NAN,12.9021
8/10/2025 22:30,0,0,NAN,12.88462
8/10/2025 23:00,0,0,NAN,12.87044
8/10/2025 23:30,0,0,NAN,12.85646
8/11/2025 0:00,0,0,NAN,12.8434
8/11/2025 0:30,0,0,NAN,12.83324
8/11/2025 1:00,0,0,NAN,12.82825
8/11/2025 1:30,0,0,NAN,12.82168
8/11/2025 2:00,0,0,NAN,12.8171
8/11/2025 2:30,0,0,NAN,12.81489
8/11/2025 3:00,0,0,NAN,12.80996
8/11/2025 3:30,0,0,NAN,12.8043
8/11/2025 4:00,0,0,NAN,12.79788
8/11/2025 4:30,0,0,NAN,12.79382
8/11/2025 5:00,0,0,NAN,12.78175
8/11/2025 5:30,0,0.001488889,NAN,12.77849
8/11/2025 6:00,0.000833333,0.00925,0.8670622,12.81684
8/11/2025 6:30,0.00155,0.02094444,0.8957261,12.91827
8/11/2025 7:00,0.002133333,0.03225555,0.9064648,13.02747
8/11/2025 7:30,0.003,0.04328333,0.9025241,13.10233
8/11/2025 8:00,0.003861111,0.05364444,0.8995978,13.17061
8/11/2025 8:30,0.004161111,0.06206111,0.9061765,13.27404
8/11/2025 9:00,0.004983333,0.06851666,0.8983558,13.38159
8/11/2025 9:30,0.005,0.07311666,0.9039699,13.45107
8/11/2025 10:00,0.005599999,0.07651111,0.8974931,13.65627
8/11/2025 10:30,0.006,0.07866666,0.893078,13.704
8/11/2025 11:00,0.006,0.079,0.8932307,14.19629
8/11/2025 11:30,0.006,0.07825,0.8919551,14.24665
8/11/2025 12:00,0.005505555,0.07642222,0.8979511,14.22063
8/11/2025 12:30,0.005005555,0.07335556,0.9025953,14.20441
8/11/2025 13:00,0.004927778,0.06872778,0.8973844,14.18933
8/11/2025 13:30,0.004016667,0.06276111,0.9071241,14.17884
8/11/2025 14:00,0.003672222,0.05514999,0.9030597,14.16637
8/11/2025 14:30,0.002994444,0.04569444,0.9022458,14.16294
8/11/2025 15:00,0.002061111,0.03407222,0.906298,14.16955
8/11/2025 15:30,0.001116667,0.01847778,0.8986668,14.17744
8/11/2025 16:00,2.22E-05,0.004644444,0.9961164,13.48006
8/11/2025 16:30,0,0.000177778,NAN,13.19391
8/11/2025 17:00,0,0,NAN,13.10601
8/11/2025 17:30,0,0,NAN,13.0636
8/11/2025 18:00,0,0,NAN,13.03624
8/11/2025 18:30,0,0,NAN,13.01139
8/11/2025 19:00,0,0,NAN,12.99421
8/11/2025 19:30,0,0,NAN,12.97572
8/11/2025 20:00,0,0,NAN,12.95715
8/11/2025 20:30,0,0,NAN,12.94321
8/11/2025 21:00,0,0,NAN,12.93315
8/11/2025 21:30,0,0,NAN,12.91931
8/11/2025 22:00,0,0,NAN,12.9055
8/11/2025 22:30,0,0,NAN,12.88787
8/11/2025 23:00,0,0,NAN,12.87184
8/11/2025 23:30,0,0,NAN,12.85722
8/12/2025 0:00,0,0,NAN,12.84656
8/12/2025 0:30,0,0,NAN,12.83689
8/12/2025 1:00,0,0,NAN,12.82934
8/12/2025 1:30,0,0,NAN,12.81828
8/12/2025 2:00,0,0,NAN,12.80918
8/12/2025 2:30,0,0,NAN,12.80088
8/12/2025 3:00,0,0,NAN,12.79364
8/12/2025 3:30,0,0,NAN,12.78613
8/12/2025 4:00,0,0,NAN,12.7809
8/12/2025 4:30,0,0,NAN,12.7773
8/12/2025 5:00,0,0,NAN,12.76857
8/12/2025 5:30,0,0.001188889,NAN,12.76765
8/12/2025 6:00,0.001066667,0.009205556,0.8289235,12.80864
8/12/2025 6:30,0.002,0.02022778,0.8593159,12.89711
8/12/2025 7:00,0.002122222,0.03032778,0.9023787,12.99573
8/12/2025 7:30,0.002994444,0.04055,0.8973593,13.0708
8/12/2025 8:00,0.003361111,0.04998333,0.9067834,13.15406
8/12/2025 8:30,0.004,0.05813888,0.9043649,13.25342
8/12/2025 9:00,0.004622222,0.06537222,0.9021184,13.35217
8/12/2025 9:30,0.005,0.07094444,0.9019823,13.42613
8/12/2025 10:00,0.005138888,0.07482222,0.9041868,13.62775
8/12/2025 10:30,0.005888889,0.07689444,0.8933583,13.69679
8/12/2025 11:00,0.006,0.07793888,0.8924583,14.18148
8/12/2025 11:30,0.005944444,0.07672222,0.8912855,14.23029
8/12/2025 12:00,0.005072222,0.07457222,0.9036576,14.19524
8/12/2025 12:30,0.005,0.07153889,0.9005607,14.16882
8/12/2025 13:00,0.004877778,0.06763888,0.8969775,14.13711
8/12/2025 13:30,0.004016667,0.06154444,0.9055089,14.11405
8/12/2025 14:00,0.003483333,0.05369445,0.9056995,14.10309
8/12/2025 14:30,0.002927778,0.04418889,0.9017661,14.09354
8/12/2025 15:00,0.001994445,0.03229444,0.9046849,14.10323
8/12/2025 15:30,0.001,0.01687778,0.9039859,14.1138
8/12/2025 16:00,0,0.003716666,1,13.43441
8/12/2025 16:30,0,7.78E-05,NAN,13.18212
8/12/2025 17:00,0,0,NAN,13.10806
8/12/2025 17:30,0,0,NAN,13.07353
8/12/2025 18:00,0,0,NAN,13.04741
8/12/2025 18:30,0,0,NAN,13.02332
8/12/2025 19:00,0,0,NAN,13.00248
8/12/2025 19:30,0,0,NAN,12.98312
8/12/2025 20:00,0,0,NAN,12.96995
8/12/2025 20:30,0,0,NAN,12.95722
8/12/2025 21:00,0,0,NAN,12.94232
8/12/2025 21:30,0,0,NAN,12.92775
8/12/2025 22:00,0,0,NAN,12.91664
8/12/2025 22:30,0,0,NAN,12.9104
8/12/2025 23:00,0,0,NAN,12.90296
8/12/2025 23:30,0,0,NAN,12.89786
8/13/2025 0:00,0,0,NAN,12.90165
8/13/2025 0:30,0,0,NAN,12.89948
8/13/2025 1:00,0,0,NAN,12.89719
8/13/2025 1:30,0,0,NAN,12.89133
8/13/2025 2:00,0,0,NAN,12.88828
8/13/2025 2:30,0,0,NAN,12.8804
8/13/2025 3:00,0,0,NAN,12.87353
8/13/2025 3:30,0,0,NAN,12.8671
8/13/2025 4:00,0,0,NAN,12.86437
8/13/2025 4:30,0,0,NAN,12.85809
8/13/2025 5:00,0,0,NAN,12.84757
8/13/2025 5:30,0,0.0013,NAN,12.84419
8/13/2025 6:00,0.000683333,0.01282778,0.9231536,12.87679
8/13/2025 6:30,0.001916667,0.02708889,0.8916517,12.9908
8/13/2025 7:00,0.002188889,0.03150555,0.8989426,13.18721
8/13/2025 7:30,0.003027778,0.04255556,0.8972436,13.42029
8/13/2025 8:00,0.003477778,0.05026666,0.9008584,13.7088
8/13/2025 8:30,0.004377778,0.06521111,0.9037663,13.68581
8/13/2025 9:00,0.004972222,0.06911667,0.8973188,13.63487
8/13/2025 9:30,0.005533333,0.07711111,0.8976381,13.64283
8/13/2025 10:00,0.006,0.08142222,0.8946553,13.75006
8/13/2025 10:30,0.006,0.0829,0.8962402,13.80148
8/13/2025 11:00,0.006,0.08314443,0.8963298,14.25049
8/13/2025 11:30,0.006,0.08132778,0.8939249,14.24134
8/13/2025 12:00,0.00575,0.07848889,0.8944328,14.22903
8/13/2025 12:30,0.005061111,0.07507778,0.9019113,14.21197
8/13/2025 13:00,0.005,0.07057222,0.8964277,14.20525
8/13/2025 13:30,0.0042,0.06443889,0.9035971,14.19873
8/13/2025 14:00,0.003683333,0.05656666,0.9025356,14.20282
8/13/2025 14:30,0.003,0.04696111,0.9015452,14.2012
8/13/2025 15:00,0.00205,0.03511111,0.9058095,14.20179
8/13/2025 15:30,0.00105,0.01807222,0.8953797,14.21683
8/13/2025 16:00,1.11E-05,0.004366667,0.99781,13.44538
8/13/2025 16:30,0,0.0001,NAN,13.18193
8/13/2025 17:00,0,0,NAN,13.08321
8/13/2025 17:30,0,0,NAN,13.03749
8/13/2025 18:00,0,0,NAN,13.00698
8/13/2025 18:30,0,0,NAN,12.98371
8/13/2025 19:00,0,0,NAN,12.97218
8/13/2025 19:30,0,0,NAN,12.95901
8/13/2025 20:00,0,0,NAN,12.94201
8/13/2025 20:30,0,0,NAN,12.928
8/13/2025 21:00,0,0,NAN,12.91256
8/13/2025 21:30,0,0,NAN,12.89673
8/13/2025 22:00,0,0,NAN,12.88206
8/13/2025 22:30,0,0,NAN,12.86755
8/13/2025 23:00,0,0,NAN,12.85822
8/13/2025 23:30,0,0,NAN,12.84428
8/14/2025 0:00,0,0,NAN,12.83144
8/14/2025 0:30,0,0,NAN,12.81641
8/14/2025 1:00,0,0,NAN,12.80158
8/14/2025 1:30,0,0,NAN,12.79202
8/14/2025 2:00,0,0,NAN,12.78203
8/14/2025 2:30,0,0,NAN,12.76679
8/14/2025 3:00,0,0,NAN,12.75792
8/14/2025 3:30,0,0,NAN,12.7534
8/14/2025 4:00,0,0,NAN,12.74675
8/14/2025 4:30,0,0,NAN,12.7389
8/14/2025 5:00,0,0,NAN,12.72725
8/14/2025 5:30,0,0.001027778,NAN,12.72532
8/14/2025 6:00,0.001055556,0.009538889,0.8391049,12.76227
8/14/2025 6:30,0.002144445,0.02052778,0.8485439,12.85004
8/14/2025 7:00,0.003,0.03121667,0.8631939,12.94615
8/14/2025 7:30,0.003561111,0.04056666,0.8770034,13.0256
8/14/2025 8:00,0.004,0.04914444,0.8851577,13.12095
8/14/2025 8:30,0.004638889,0.05689444,0.8855855,13.22967
8/14/2025 9:00,0.005,0.06382778,0.8895629,13.3511
8/14/2025 9:30,0.005,0.06982222,0.898524,13.45164
8/14/2025 10:00,0.005522222,0.07425556,0.894835,13.7042
8/14/2025 10:30,0.006,0.07660555,0.889167,13.86088
8/14/2025 11:00,0.006,0.07697777,0.889401,14.34329
8/14/2025 11:30,0.006,0.07571667,0.8873076,14.30916
8/14/2025 12:00,0.005338889,0.07290555,0.8951813,14.28378
8/14/2025 12:30,0.005,0.06952222,0.8963617,14.26659
8/14/2025 13:00,0.004688889,0.06531667,0.8961328,14.24529
8/14/2025 13:30,0.004,0.05991667,0.9020806,14.23425
8/14/2025 14:00,0.003288889,0.05266111,0.9074159,14.22643
8/14/2025 14:30,0.00285,0.04386667,0.9019846,14.22894
8/14/2025 15:00,0.001988889,0.03278889,0.9039131,14.23385
8/14/2025 15:30,0.000916667,0.01699444,0.9100093,14.24083
8/14/2025 16:00,0,0.003611111,NAN,13.46948
8/14/2025 16:30,0,2.78E-05,NAN,13.19367
8/14/2025 17:00,0,0,NAN,13.0942
8/14/2025 17:30,0,0,NAN,13.04673
8/14/2025 18:00,0,0,NAN,13.01392
8/14/2025 18:30,0,0,NAN,12.98559
8/14/2025 19:00,0,0,NAN,12.96604
8/14/2025 19:30,0,0,NAN,12.95338
8/14/2025 20:00,0,0,NAN,12.9347
8/14/2025 20:30,0,0,NAN,12.91722
8/14/2025 21:00,0,0,NAN,12.89866
8/14/2025 21:30,0,0,NAN,12.88028
8/14/2025 22:00,0,0,NAN,12.86882
8/14/2025 22:30,0,0,NAN,12.85492
8/14/2025 23:00,0,0,NAN,12.84694
8/14/2025 23:30,0,0,NAN,12.83334
8/15/2025 0:00,0,0,NAN,12.81932
8/15/2025 0:30,0,0,NAN,12.80557
8/15/2025 1:00,0,0,NAN,12.79325
8/15/2025 1:30,0,0,NAN,12.78247
8/15/2025 2:00,0,0,NAN,12.77459
8/15/2025 2:30,0,0,NAN,12.76764
8/15/2025 3:00,0,0,NAN,12.75767
8/15/2025 3:30,0,0,NAN,12.74934
8/15/2025 4:00,0,0,NAN,12.74221
8/15/2025 4:30,0,0,NAN,12.73748
8/15/2025 5:00,0,0,NAN,12.73105
8/15/2025 5:30,0,0.001072222,NAN,12.7299
8/15/2025 6:00,0.001294445,0.008911111,0.7934728,12.77179
8/15/2025 6:30,0.0026,0.02002778,0.8176978,12.87437
8/15/2025 7:00,0.003,0.03055,0.8613827,12.96372
8/15/2025 7:30,0.003033333,0.03971666,0.8919678,13.0303
8/15/2025 8:00,0.003961111,0.04838333,0.88506,13.13007
8/15/2025 8:30,0.004122222,0.05592222,0.8963217,13.24354
8/15/2025 9:00,0.004977778,0.06281666,0.8888561,13.36195
8/15/2025 9:30,0.004883333,0.06661111,0.8964533,13.49987
8/15/2025 10:00,0.005305556,0.07126111,0.8946667,13.83539
8/15/2025 10:30,0.005583333,0.07582777,0.8957196,14.11304
8/15/2025 11:00,0.004888889,0.06405,0.8909816,14.30894
8/15/2025 11:30,0.004605555,0.05795,0.8858165,14.28908
8/15/2025 12:00,0.004494444,0.06013333,0.892778,14.26326
8/15/2025 12:30,0.004661111,0.06340556,0.8978502,14.21231
8/15/2025 13:00,0.002966667,0.04200555,0.9008499,14.17041
8/15/2025 13:30,0.004233333,0.06103333,0.8983845,14.20415
8/15/2025 14:00,0.002544445,0.03838889,0.9083546,13.9389
8/15/2025 14:30,0.002005556,0.03192222,0.9250573,13.664
8/15/2025 15:00,0.00095,0.01621667,0.9249736,13.64567
8/15/2025 15:30,0.000422222,0.008827778,0.9680186,13.45811
8/15/2025 16:00,0,0.001333333,NAN,13.30278
8/15/2025 16:30,0,0,NAN,13.13688
8/15/2025 17:00,0,0,NAN,13.07118
8/15/2025 17:30,0,0,NAN,13.03815
8/15/2025 18:00,0,0,NAN,13.01555
8/15/2025 18:30,0,0,NAN,12.99888
8/15/2025 19:00,0,0,NAN,12.98129
8/15/2025 19:30,0,0,NAN,12.97314
8/15/2025 20:00,0,0,NAN,12.95845
8/15/2025 20:30,0,0,NAN,12.94055
8/15/2025 21:00,0,0,NAN,12.92304
8/15/2025 21:30,0,0,NAN,12.9025
8/15/2025 22:00,0,0,NAN,12.88384
8/15/2025 22:30,0,0,NAN,12.86672
8/15/2025 23:00,0,0,NAN,12.86042
8/15/2025 23:30,0,0,NAN,12.8495
8/16/2025 0:00,0,0,NAN,12.84085
8/16/2025 0:30,0,0,NAN,12.8372
8/16/2025 1:00,0,0,NAN,12.83344
8/16/2025 1:30,0,0,NAN,12.83035
8/16/2025 2:00,0,0,NAN,12.82835
8/16/2025 2:30,0,0,NAN,12.83029
8/16/2025 3:00,0,0,NAN,12.83035
8/16/2025 3:30,0,0,NAN,12.82891
8/16/2025 4:00,0,0,NAN,12.82917
8/16/2025 4:30,0,0,NAN,12.82655
8/16/2025 5:00,0,0,NAN,12.82412
8/16/2025 5:30,0,0.000666667,NAN,12.81956
8/16/2025 6:00,0,0.003844444,1,12.83056
8/16/2025 6:30,0.001405556,0.02032778,0.8960248,12.89282
8/16/2025 7:00,0.001494444,0.01960555,0.8836242,13.34609
8/16/2025 7:30,0.001177778,0.01621667,0.8948265,13.42341
8/16/2025 8:00,0.001205556,0.01897222,0.9093202,13.50708
8/16/2025 8:30,0.001133333,0.01746111,0.9070579,13.5755
8/16/2025 9:00,0.001005556,0.01758333,0.9167003,13.58363
8/16/2025 9:30,0.001861111,0.02511667,0.8959395,13.62
8/16/2025 10:00,0.003288889,0.03937222,0.8816227,13.90479
8/16/2025 10:30,0.003522222,0.04332222,0.8859958,14.25933
8/16/2025 11:00,0.003622222,0.04605556,0.8888893,14.27469
8/16/2025 11:30,0.003872222,0.04775555,0.8852003,14.26045
8/16/2025 12:00,0.00245,0.03021666,0.8817575,14.06964
8/16/2025 12:30,0.002388889,0.03041667,0.8872291,14.05913
8/16/2025 13:00,0.004944444,0.06378888,0.8902314,14.22629
8/16/2025 13:30,0.003722222,0.05028888,0.8944777,14.21888
8/16/2025 14:00,0.002038889,0.02750555,0.8974985,14.20284
8/16/2025 14:30,0.00195,0.02567222,0.8761309,13.95838
8/16/2025 15:00,0.000488889,0.007716666,0.9155331,13.52011
8/16/2025 15:30,5.56E-06,0.004588889,0.9987451,13.3112
8/16/2025 16:00,0,0.001388889,1,13.14582
8/16/2025 16:30,0,1.11E-05,NAN,13.08272
8/16/2025 17:00,0,0,NAN,13.05068
8/16/2025 17:30,0,0,NAN,13.02799
8/16/2025 18:00,0,0,NAN,13.00773
8/16/2025 18:30,0,0,NAN,12.99567
8/16/2025 19:00,0,0,NAN,12.97946
8/16/2025 19:30,0,0,NAN,12.96116
8/16/2025 20:00,0,0,NAN,12.94015
8/16/2025 20:30,0,0,NAN,12.92241
8/16/2025 21:00,0,0,NAN,12.90451
8/16/2025 21:30,0,0,NAN,12.8904
8/16/2025 22:00,0,0,NAN,12.8792
8/16/2025 22:30,0,0,NAN,12.87735
8/16/2025 23:00,0,0,NAN,12.87277
8/16/2025 23:30,0,0,NAN,12.86572
8/17/2025 0:00,0,0,NAN,12.85762
8/17/2025 0:30,0,0,NAN,12.84704
8/17/2025 1:00,0,0,NAN,12.83945
8/17/2025 1:30,0,0,NAN,12.83051
8/17/2025 2:00,0,0,NAN,12.82589
8/17/2025 2:30,0,0,NAN,12.81642
8/17/2025 3:00,0,0,NAN,12.80722
8/17/2025 3:30,0,0,NAN,12.80071
8/17/2025 4:00,0,0,NAN,12.79399
8/17/2025 4:30,0,0,NAN,12.78726
8/17/2025 5:00,0,0,NAN,12.77958
8/17/2025 5:30,0,0.000722222,NAN,12.77283
8/17/2025 6:00,0.000538889,0.007555555,0.9189208,12.79749
8/17/2025 6:30,0.001161111,0.01942222,0.9139953,12.88216
8/17/2025 7:00,0.002011111,0.03057778,0.9068609,12.9668
8/17/2025 7:30,0.002872222,0.04186666,0.9046518,13.04661
8/17/2025 8:00,0.003611111,0.05226111,0.9043872,13.13494
8/17/2025 8:30,0.004055555,0.0607,0.9068955,13.21996
8/17/2025 9:00,0.004961111,0.06787778,0.898428,13.32069
8/17/2025 9:30,0.0051,0.07340555,0.9030073,13.40988
8/17/2025 10:00,0.005688888,0.07586111,0.8954988,13.62855
8/17/2025 10:30,0.006,0.07703888,0.8913773,13.82859
8/17/2025 11:00,0.006,0.07757222,0.8917385,14.26467
8/17/2025 11:30,0.006,0.07663888,0.8902254,14.23519
8/17/2025 12:00,0.005288889,0.07438333,0.8995684,14.21327
8/17/2025 12:30,0.005,0.07086111,0.8996994,14.17854
8/17/2025 13:00,0.004944444,0.06613889,0.8934352,14.1635
8/17/2025 13:30,0.004038889,0.06008888,0.9028416,14.1482
8/17/2025 14:00,0.003494445,0.05227222,0.9027048,14.14359
8/17/2025 14:30,0.002883333,0.04276111,0.8995222,14.14109
8/17/2025 15:00,0.001972222,0.03103333,0.9005048,14.14338
8/17/2025 15:30,0.000805556,0.01435556,0.9117158,14.15421
8/17/2025 16:00,0,0.002077778,NAN,13.32019
8/17/2025 16:30,0,0,NAN,13.14649
8/17/2025 17:00,0,0,NAN,13.08418
8/17/2025 17:30,0,0,NAN,13.05473
8/17/2025 18:00,0,0,NAN,13.02622
8/17/2025 18:30,0,0,NAN,13.00413
8/17/2025 19:00,0,0,NAN,12.98406
8/17/2025 19:30,0,0,NAN,12.9641
8/17/2025 20:00,0,0,NAN,12.94511
8/17/2025 20:30,0,0,NAN,12.93138
8/17/2025 21:00,0,0,NAN,12.91536
8/17/2025 21:30,0,0,NAN,12.90098
8/17/2025 22:00,0,0,NAN,12.89208
8/17/2025 22:30,0,0,NAN,12.87842
8/17/2025 23:00,0,0,NAN,12.86403
8/17/2025 23:30,0,0,NAN,12.85141
8/18/2025 0:00,0,0,NAN,12.83889
8/18/2025 0:30,0,0,NAN,12.82688
8/18/2025 1:00,0,0,NAN,12.81505
8/18/2025 1:30,0,0,NAN,12.80824
8/18/2025 2:00,0,0,NAN,12.79858
8/18/2025 2:30,0,0,NAN,12.79085
8/18/2025 3:00,0,0,NAN,12.78443
8/18/2025 3:30,0,0,NAN,12.77658
8/18/2025 4:00,0,0,NAN,12.76939
8/18/2025 4:30,0,0,NAN,12.76415
8/18/2025 5:00,0,5.56E-06,NAN,12.75581
8/18/2025 5:30,0,0.001833333,NAN,12.75684
8/18/2025 6:00,0.001316667,0.009855555,0.8040351,12.8035
8/18/2025 6:30,0.001555556,0.01385,0.8408791,12.9409
8/18/2025 7:00,0.001688889,0.01933889,0.8797652,13.06432
8/18/2025 7:30,0.003072222,0.03931111,0.889892,13.24318
8/18/2025 8:00,0.003622222,0.04471111,0.8846492,13.73853
8/18/2025 8:30,0.003,0.03463889,0.8751923,14.2825
8/18/2025 9:00,0.003216667,0.04132222,0.8881356,14.29448
8/18/2025 9:30,0.005033333,0.07037777,0.8987838,14.33131
8/18/2025 10:00,0.005161111,0.06782222,0.8919907,14.31943
8/18/2025 10:30,0.005172222,0.06958333,0.8951057,14.29553
8/18/2025 11:00,0.005172222,0.06831111,0.8925745,14.27938
8/18/2025 11:30,0.004583333,0.05918888,0.8907537,14.24848
8/18/2025 12:00,0.005372222,0.07236111,0.8943787,14.21436
8/18/2025 12:30,0.004433333,0.05793889,0.8901861,14.18841
8/18/2025 13:00,0.003455556,0.04612222,0.8913804,14.16879
8/18/2025 13:30,0.00245,0.03463333,0.8968019,14.17931
8/18/2025 14:00,0.001833333,0.02610555,0.8981692,14.19291
8/18/2025 14:30,0.000994445,0.01235,0.8784496,13.57805
8/18/2025 15:00,0.000222222,0.006733333,0.9596469,13.3561
8/18/2025 15:30,0,0.004777778,1,13.29739
8/18/2025 16:00,0,0.001527778,NAN,13.19396
8/18/2025 16:30,0,0,NAN,13.10322
8/18/2025 17:00,0,0,NAN,13.05896
8/18/2025 17:30,0,0,NAN,13.03934
8/18/2025 18:00,0,0,NAN,13.01737
8/18/2025 18:30,0,0,NAN,12.99868
8/18/2025 19:00,0,0,NAN,12.98369
8/18/2025 19:30,0,0,NAN,12.96843
8/18/2025 20:00,0,0,NAN,12.95471
8/18/2025 20:30,0,0,NAN,12.94039
8/18/2025 21:00,0,0,NAN,12.92385
8/18/2025 21:30,0,0,NAN,12.91715
8/18/2025 22:00,0,0,NAN,12.90643
8/18/2025 22:30,0,0,NAN,12.89442
8/18/2025 23:00,0,0,NAN,12.88762
8/18/2025 23:30,0,0,NAN,12.87858
8/19/2025 0:00,0,0,NAN,12.87026
8/19/2025 0:30,0,0,NAN,12.85995
8/19/2025 1:00,0,0,NAN,12.85397
8/19/2025 1:30,0,0,NAN,12.84863
8/19/2025 2:00,0,0,NAN,12.83704
8/19/2025 2:30,0,0,NAN,12.82556
8/19/2025 3:00,0,0,NAN,12.81437
8/19/2025 3:30,0,0,NAN,12.80545
8/19/2025 4:00,0,0,NAN,12.7973
8/19/2025 4:30,0,0,NAN,12.79325
8/19/2025 5:00,0,0,NAN,12.79064
8/19/2025 5:30,0,0.000105556,NAN,12.78428
8/19/2025 6:00,0,0.002488889,NAN,12.78947
8/19/2025 6:30,0.000711111,0.01115556,0.9495564,12.82809
8/19/2025 7:00,0.001716667,0.02353889,0.8938615,12.93537
8/19/2025 7:30,0.001,0.01275,0.8840958,13.1764
8/19/2025 8:00,0.001033333,0.01186667,0.8671606,13.17615
8/19/2025 8:30,0.001922222,0.02527222,0.8896239,13.29755
8/19/2025 9:00,0.001355556,0.01699444,0.8810096,13.5735
8/19/2025 9:30,0.00265,0.0331,0.886201,13.73848
8/19/2025 10:00,0.002961111,0.03729444,0.8872012,14.06764
8/19/2025 10:30,0.001533333,0.02124444,0.8976654,13.93901
8/19/2025 11:00,0.001961111,0.02343889,0.8791701,13.94699
8/19/2025 11:30,0.0022,0.02913333,0.8912401,14.00866
8/19/2025 12:00,0.00405,0.05117222,0.8880284,14.30132
8/19/2025 12:30,0.002994444,0.03819444,0.8916072,14.27379
8/19/2025 13:00,0.004955556,0.06375,0.8895603,14.20524
8/19/2025 13:30,0.004977778,0.06508888,0.8905991,14.16224
8/19/2025 14:00,0.003177778,0.0427,0.8940452,14.14686
8/19/2025 14:30,0.001344444,0.01838889,0.8934836,13.82284
8/19/2025 15:00,0.000438889,0.007605555,0.9278964,13.63692
8/19/2025 15:30,5.56E-06,0.004605555,0.998755,13.40206
8/19/2025 16:00,0,0.000872222,NAN,13.23635
8/19/2025 16:30,0,0,NAN,13.11965
8/19/2025 17:00,0,0,NAN,13.06819
8/19/2025 17:30,0,0,NAN,13.04276
8/19/2025 18:00,0,0,NAN,13.02739
8/19/2025 18:30,0,0,NAN,13.00969
8/19/2025 19:00,0,0,NAN,12.99123
8/19/2025 19:30,0,0,NAN,12.97754
8/19/2025 20:00,0,0,NAN,12.95925
8/19/2025 20:30,0,0,NAN,12.93869
8/19/2025 21:00,0,0,NAN,12.91604
8/19/2025 21:30,0,0,NAN,12.9036
8/19/2025 22:00,0,0,NAN,12.88887
8/19/2025 22:30,0,0,NAN,12.87696
8/19/2025 23:00,0,0,NAN,12.87324
8/19/2025 23:30,0,0,NAN,12.86839
8/20/2025 0:00,0,0,NAN,12.86144
8/20/2025 0:30,0,0,NAN,12.85212
8/20/2025 1:00,0,0,NAN,12.84505
8/20/2025 1:30,0,0,NAN,12.83976
8/20/2025 2:00,0,0,NAN,12.8296
8/20/2025 2:30,0,0,NAN,12.818
8/20/2025 3:00,0,0,NAN,12.80985
8/20/2025 3:30,0,0,NAN,12.80254
8/20/2025 4:00,0,0,NAN,12.79527
8/20/2025 4:30,0,0,NAN,12.78938
8/20/2025 5:00,0,0,NAN,12.78805
8/20/2025 5:30,0,0.000288889,NAN,12.77839
8/20/2025 6:00,5.56E-06,0.003733333,0.998712,12.78728
8/20/2025 6:30,0.000616667,0.009938888,0.9213791,12.85718
8/20/2025 7:00,0.000655556,0.01030555,0.9374925,12.94956
8/20/2025 7:30,0.00295,0.03877222,0.8905001,13.05046
8/20/2025 8:00,0.003227778,0.04477222,0.9000702,13.5265
8/20/2025 8:30,0.004266667,0.05817222,0.898844,13.51496
8/20/2025 9:00,0.005,0.06543333,0.89446,13.50855
8/20/2025 9:30,0.005788888,0.07002223,0.885942,13.55716
8/20/2025 10:00,0.006038888,0.07253888,0.8845075,13.73398
8/20/2025 10:30,0.006488889,0.07436112,0.8790253,13.89625
8/20/2025 11:00,0.006505555,0.07426666,0.8781772,14.22337
8/20/2025 11:30,0.006516667,0.07348888,0.8757772,14.23867
8/20/2025 12:00,0.006288889,0.07212777,0.8771236,14.24369
8/20/2025 12:30,0.006055555,0.06877222,0.8755915,14.24176
8/20/2025 13:00,0.0059,0.06415,0.8690462,14.2586
8/20/2025 13:30,0.005055555,0.05743333,0.8729108,14.28017
8/20/2025 14:00,0.004322222,0.04965555,0.8720476,14.28267
8/20/2025 14:30,0.003566667,0.04012222,0.8661532,14.3084
8/20/2025 15:00,0.002488889,0.02784444,0.8587486,14.32583
8/20/2025 15:30,0.000927778,0.01180556,0.8715421,14.35007
8/20/2025 16:00,0,0.001538889,NAN,13.35879
8/20/2025 16:30,0,0,NAN,13.14886
8/20/2025 17:00,0,0,NAN,13.07367
8/20/2025 17:30,0,0,NAN,13.03705
8/20/2025 18:00,0,0,NAN,13.01217
8/20/2025 18:30,0,0,NAN,12.98707
8/20/2025 19:00,0,0,NAN,12.96531
8/20/2025 19:30,0,0,NAN,12.94365
8/20/2025 20:00,0,0,NAN,12.92134
8/20/2025 20:30,0,0,NAN,12.89507
8/20/2025 21:00,0,0,NAN,12.87888
8/20/2025 21:30,0,0,NAN,12.85903
8/20/2025 22:00,0,0,NAN,12.8399
8/20/2025 22:30,0,0,NAN,12.82404
8/20/2025 23:00,0,0,NAN,12.81089
8/20/2025 23:30,0,0,NAN,12.7977
8/21/2025 0:00,0,0,NAN,12.78934
8/21/2025 0:30,0,0,NAN,12.78215
8/21/2025 1:00,0,0,NAN,12.76905
8/21/2025 1:30,0,0,NAN,12.75602
8/21/2025 2:00,0,0,NAN,12.74331
8/21/2025 2:30,0,0,NAN,12.73259
8/21/2025 3:00,0,0,NAN,12.72486
8/21/2025 3:30,0,0,NAN,12.71913
8/21/2025 4:00,0,0,NAN,12.711
8/21/2025 4:30,0,0,NAN,12.70435
8/21/2025 5:00,0,0,NAN,12.69778
8/21/2025 5:30,0,0.000522222,NAN,12.69159
8/21/2025 6:00,0.000611111,0.007127778,0.8930895,12.71203
8/21/2025 6:30,0.001866667,0.01841111,0.8520415,12.80856
8/21/2025 7:00,0.003,0.02834444,0.8480641,12.90011
8/21/2025 7:30,0.003544444,0.03756667,0.8670678,12.98544
8/21/2025 8:00,0.004111111,0.0456,0.8727549,13.07457
8/21/2025 8:30,0.004994444,0.05219444,0.8656816,13.19414
8/21/2025 9:00,0.005422222,0.05808888,0.8691795,13.31675
8/21/2025 9:30,0.006,0.06272222,0.8659005,13.45993
8/21/2025 10:00,0.006,0.06626111,0.8724736,13.7523
8/21/2025 10:30,0.006,0.06878889,0.8767248,13.82649
8/21/2025 11:00,0.006,0.07,0.8784475,14.45541
8/21/2025 11:30,0.006,0.0694,0.8771639,14.4429
8/21/2025 12:00,0.006,0.06700555,0.8726808,14.42477
8/21/2025 12:30,0.005966667,0.06402222,0.8671703,14.41781
8/21/2025 13:00,0.005122222,0.0601,0.8770499,14.40475
8/21/2025 13:30,0.004655555,0.05435555,0.8756047,14.38908
8/21/2025 14:00,0.003972223,0.04757222,0.8764494,14.38519
8/21/2025 14:30,0.003038889,0.03904444,0.8815106,14.39343
8/21/2025 15:00,0.002116667,0.02739444,0.8770233,14.3899
8/21/2025 15:30,0.000711111,0.01048333,0.9015113,13.91277
8/21/2025 16:00,0,0.001194444,NAN,13.46543
8/21/2025 16:30,0,0,NAN,13.18314
8/21/2025 17:00,0,0,NAN,13.07194
8/21/2025 17:30,0,0,NAN,13.01745
8/21/2025 18:00,0,0,NAN,12.98158
8/21/2025 18:30,0,0,NAN,12.95387
8/21/2025 19:00,0,0,NAN,12.92889
8/21/2025 19:30,0,0,NAN,12.9049
8/21/2025 20:00,0,0,NAN,12.88926
8/21/2025 20:30,0,0,NAN,12.86694
8/21/2025 21:00,0,0,NAN,12.84647
8/21/2025 21:30,0,0,NAN,12.83021
8/21/2025 22:00,0,0,NAN,12.8157
8/21/2025 22:30,0,0,NAN,12.80224
8/21/2025 23:00,0,0,NAN,12.78999
8/21/2025 23:30,0,0,NAN,12.77759
8/22/2025 0:00,0,0,NAN,12.76699
8/22/2025 0:30,0,0,NAN,12.75987
8/22/2025 1:00,0,0,NAN,12.75115
8/22/2025 1:30,0,0,NAN,12.74038
8/22/2025 2:00,0,0,NAN,12.72712
8/22/2025 2:30,0,0,NAN,12.7211
8/22/2025 3:00,0,0,NAN,12.71351
8/22/2025 3:30,0,0,NAN,12.7066
8/22/2025 4:00,0,0,NAN,12.70053
8/22/2025 4:30,0,0,NAN,12.69664
8/22/2025 5:00,0,0,NAN,12.69238
8/22/2025 5:30,0,0.000455556,NAN,12.68695
8/22/2025 6:00,0.000622222,0.006355555,0.8813989,12.70121
8/22/2025 6:30,0.002055556,0.0171,0.8297327,12.78591
8/22/2025 7:00,0.003016667,0.02720555,0.8443811,12.87483
8/22/2025 7:30,0.00385,0.03718333,0.8569992,12.95681
8/22/2025 8:00,0.004,0.04547222,0.8774992,13.06305
8/22/2025 8:30,0.004694444,0.05274444,0.8767361,13.18626
8/22/2025 9:00,0.005,0.05895555,0.8819897,13.31181
8/22/2025 9:30,0.005683333,0.0642,0.8772468,13.45126
8/22/2025 10:00,0.006,0.06781667,0.8769314,13.73059
8/22/2025 10:30,0.006033333,0.06974445,0.8792564,13.82118
8/22/2025 11:00,0.006483333,0.07065,0.8720444,14.45787
8/22/2025 11:30,0.006316666,0.06977221,0.8733079,14.43122
8/22/2025 12:00,0.006,0.0677,0.8752943,14.40065
8/22/2025 12:30,0.006,0.06384444,0.8675244,14.36864
8/22/2025 13:00,0.005211111,0.05888333,0.8739108,14.34448
8/22/2025 13:30,0.004755555,0.05287778,0.8706794,14.329
8/22/2025 14:00,0.003994444,0.04540555,0.8712046,14.32498
8/22/2025 14:30,0.003077778,0.03691667,0.8746697,14.31663
8/22/2025 15:00,0.002122222,0.02540556,0.8679499,14.32676
8/22/2025 15:30,0.000644445,0.009761111,0.905044,14.33433
8/22/2025 16:00,0,0.001111111,NAN,13.41528
8/22/2025 16:30,0,0,NAN,13.17704
8/22/2025 17:00,0,0,NAN,13.07683
8/22/2025 17:30,0,0,NAN,13.03046
8/22/2025 18:00,0,0,NAN,12.99811
8/22/2025 18:30,0,0,NAN,12.97666
8/22/2025 19:00,0,0,NAN,12.95416
8/22/2025 19:30,0,0,NAN,12.93232
8/22/2025 20:00,0,0,NAN,12.91091
8/22/2025 20:30,0,0,NAN,12.89238
8/22/2025 21:00,0,0,NAN,12.87467
8/22/2025 21:30,0,0,NAN,12.8591
8/22/2025 22:00,0,0,NAN,12.84089
8/22/2025 22:30,0,0,NAN,12.82421
8/22/2025 23:00,0,0,NAN,12.812
8/22/2025 23:30,0,0,NAN,12.79911
8/23/2025 0:00,0,0,NAN,12.78656
8/23/2025 0:30,0,0,NAN,12.7752
8/23/2025 1:00,0,0,NAN,12.76797
8/23/2025 1:30,0,0,NAN,12.7612
8/23/2025 2:00,0,0,NAN,12.75511
8/23/2025 2:30,0,0,NAN,12.74682
8/23/2025 3:00,0,0,NAN,12.73793
8/23/2025 3:30,0,0,NAN,12.73013
8/23/2025 4:00,0,0,NAN,12.72256
8/23/2025 4:30,0,0,NAN,12.71872
8/23/2025 5:00,0,0,NAN,12.71542
8/23/2025 5:30,0,0.000461111,NAN,12.71008
8/23/2025 6:00,0.000611111,0.005977778,0.8754247,12.72317
8/23/2025 6:30,0.002211111,0.01675555,0.8108225,12.80789
8/23/2025 7:00,0.003194444,0.02695,0.8321325,12.89751
8/23/2025 7:30,0.004,0.03666111,0.8466245,12.9879
8/23/2025 8:00,0.004011111,0.04457222,0.8728476,13.1114
8/23/2025 8:30,0.00485,0.05181666,0.8687012,13.23485
8/23/2025 9:00,0.005166667,0.05836111,0.8756607,13.34997
8/23/2025 9:30,0.006,0.06362222,0.8679404,13.4858
8/23/2025 10:00,0.006222222,0.06766111,0.8710229,13.75143
8/23/2025 10:30,0.006994444,0.06989444,0.8602026,13.9361
8/23/2025 11:00,0.007,0.07097222,0.8617768,14.39503
8/23/2025 11:30,0.007,0.07013333,0.8597634,14.35531
8/23/2025 12:00,0.006538888,0.06812222,0.8642066,14.31903
8/23/2025 12:30,NAN,0,NAN,12.87331
8/23/2025 13:00,NAN,0.07661666,NAN,12.86996
8/23/2025 13:30,0.01336667,0.06763888,NAN,13.48842
8/23/2025 14:00,0.01174444,0.06033333,NAN,13.80101
8/23/2025 14:30,0.0048,0.02652778,NAN,13.44227
8/23/2025 15:00,0.008183333,0.04671666,NAN,13.89219
8/23/2025 15:30,0.006916667,0.04234444,NAN,13.90992
8/23/2025 16:00,0.005433333,0.03545555,NAN,13.90169
8/23/2025 16:30,0.003744444,0.02776667,NAN,13.90811
8/23/2025 17:00,0.001944444,0.01636667,NAN,13.49973
8/23/2025 17:30,0.000394444,0.0042,NAN,13.26136
8/23/2025 18:00,0,0.00015,NAN,13.17953
8/23/2025 18:30,0,0,NAN,13.14858
8/23/2025 19:00,0,0,NAN,13.12652
8/23/2025 19:30,0,0,NAN,13.10659
8/23/2025 20:00,0,0,NAN,13.09234
8/23/2025 20:30,0,0,NAN,13.08188
8/23/2025 21:00,0,0,NAN,13.06832
8/23/2025 21:30,0,0,NAN,13.05847
8/23/2025 22:00,0,0,NAN,13.04814
8/23/2025 22:30,0,0,NAN,13.03917
8/23/2025 23:00,0,0,NAN,13.02735
8/23/2025 23:30,0,0,NAN,13.01417
8/24/2025 0:00,0,0,NAN,13.00845
8/24/2025 0:30,0,0,NAN,13.00008
8/24/2025 1:00,0,0,NAN,12.99182
8/24/2025 1:30,0,0,NAN,12.98181
8/24/2025 2:00,0,0,NAN,12.97744
8/24/2025 2:30,0,0,NAN,12.97233
8/24/2025 3:00,0,0,NAN,12.96403
8/24/2025 3:30,0,0,NAN,12.95799
8/24/2025 4:00,0,0,NAN,12.95113
8/24/2025 4:30,0,0,NAN,12.94456
8/24/2025 5:00,0,0,NAN,12.93707
8/24/2025 5:30,0,0,NAN,12.93534
8/24/2025 6:00,0,0.0005,NAN,12.92426
8/24/2025 6:30,0.000461111,0.004777777,NAN,12.93967
8/24/2025 7:00,0.002477778,0.01604444,NAN,12.99388
8/24/2025 7:30,0.004466666,0.02606111,NAN,13.05854
8/24/2025 8:00,0.006311111,0.03557778,NAN,13.15022
8/24/2025 8:30,0.008116666,0.04394444,NAN,13.21686
8/24/2025 9:00,0.009733332,0.05091667,NAN,13.23858
8/24/2025 9:30,0.01134444,0.05667222,NAN,13.25388
8/24/2025 10:00,0.01258889,0.06096666,NAN,13.27983
8/24/2025 10:30,0.01350556,0.06341111,NAN,13.30531
8/24/2025 11:00,0.01403889,0.0651,NAN,13.39218
8/24/2025 11:30,0.01490556,0.06587222,NAN,13.40005
8/24/2025 12:00,0.01496111,0.06550555,NAN,13.59279
8/24/2025 12:30,0.01406667,0.06434444,NAN,14.00556
8/24/2025 13:00,0.01382222,0.06285556,NAN,13.98589
8/24/2025 13:30,0.01291667,0.06157777,NAN,13.9583
8/24/2025 14:00,0.01107222,0.05523889,NAN,13.93145
8/24/2025 14:30,0.005261111,0.02666667,NAN,13.92382
8/24/2025 15:00,0.008172222,0.04458888,NAN,13.92408
8/24/2025 15:30,0.005027778,0.02920556,NAN,13.61435
8/24/2025 16:00,0.000988889,0.004927778,NAN,13.36575
8/24/2025 16:30,0.002577778,0.01449444,NAN,13.37065
8/24/2025 17:00,0.002461111,0.01822778,NAN,13.53193
8/24/2025 17:30,0.00025,0.003083333,NAN,13.2677
8/24/2025 18:00,0,0,NAN,13.17609
8/24/2025 18:30,0,0,NAN,13.14558
8/24/2025 19:00,0,0,NAN,13.12291
8/24/2025 19:30,0,0,NAN,13.10998
8/24/2025 20:00,0,0,NAN,13.09578
8/24/2025 20:30,0,0,NAN,13.08298
8/24/2025 21:00,0,0,NAN,13.07431
8/24/2025 21:30,0,0,NAN,13.0614
8/24/2025 22:00,0,0,NAN,13.05001
8/24/2025 22:30,0,0,NAN,13.04012
8/24/2025 23:00,0,0,NAN,13.03471
8/24/2025 23:30,0,0,NAN,13.02414
8/25/2025 0:00,0,0,NAN,13.01521
8/25/2025 0:30,0,0,NAN,13.00213
8/25/2025 1:00,0,0,NAN,12.99553
8/25/2025 1:30,0,0,NAN,12.98885
8/25/2025 2:00,0,0,NAN,12.98337
8/25/2025 2:30,0,0,NAN,12.98122
8/25/2025 3:00,0,0,NAN,12.97733
8/25/2025 3:30,0,0,NAN,12.96918
8/25/2025 4:00,0,0,NAN,12.96111
8/25/2025 4:30,0,0,NAN,12.95712
8/25/2025 5:00,0,0,NAN,12.9493
8/25/2025 5:30,0,0,NAN,12.94467
8/25/2025 6:00,0,0,NAN,12.93599
8/25/2025 6:30,3.89E-05,0.000844444,NAN,12.93725
8/25/2025 7:00,0.00055,0.002655556,NAN,12.97489
8/25/2025 7:30,0.001788889,0.007983332,NAN,13.01242
8/25/2025 8:00,0.006833333,0.02810555,NAN,13.14699
8/25/2025 8:30,0.0044,0.01755556,NAN,13.34958
8/25/2025 9:00,0.005116667,0.01946111,NAN,13.49432
8/25/2025 9:30,0.0042,0.01598333,NAN,13.72102
8/25/2025 10:00,0.004922222,0.01881667,NAN,13.70481
8/25/2025 10:30,0.01037778,0.03747778,NAN,14.10582
8/25/2025 11:00,0.01319444,0.0473,NAN,13.8362
8/25/2025 11:30,0.01619444,0.05606111,NAN,13.76643
8/25/2025 12:00,0.0113,0.03860556,NAN,14.05297
8/25/2025 12:30,0.00595,0.0203,NAN,14.03878
8/25/2025 13:00,0.006266667,0.02186667,NAN,14.03505
8/25/2025 13:30,0.008611111,0.02854444,NAN,14.05764
8/25/2025 14:00,0.008177778,0.02882778,NAN,14.05362
8/25/2025 14:30,0.009772222,0.03676111,NAN,14.03115
8/25/2025 15:00,0.009522221,0.03867222,NAN,14.02238
8/25/2025 15:30,0.00445,0.01810556,NAN,13.90558
8/25/2025 16:00,0.001511111,0.0062,NAN,13.61818
8/25/2025 16:30,0.0032,0.01618889,NAN,14.05906
8/25/2025 17:00,0.001172222,0.005483333,NAN,13.44002
8/25/2025 17:30,0,0.001511111,NAN,13.30925
8/25/2025 18:00,0,1.11E-05,NAN,13.16897
8/25/2025 18:30,0,0,NAN,13.1306
8/25/2025 19:00,0,0,NAN,13.10696
8/25/2025 19:30,0,0,NAN,13.08953
8/25/2025 20:00,0,0,NAN,13.07807
8/25/2025 20:30,0,0,NAN,13.06188
8/25/2025 21:00,0,0,NAN,13.04761
8/25/2025 21:30,0,0,NAN,13.03127
8/25/2025 22:00,0,0,NAN,13.02197
8/25/2025 22:30,0,0,NAN,13.01255
8/25/2025 23:00,0,0,NAN,13.00484
8/25/2025 23:30,0,0,NAN,12.99827
8/26/2025 0:00,0,0,NAN,12.99069
8/26/2025 0:30,0,0,NAN,12.98419
8/26/2025 1:00,0,0,NAN,12.97188
8/26/2025 1:30,0,0,NAN,12.96573
8/26/2025 2:00,0,0,NAN,12.95735
8/26/2025 2:30,0,0,NAN,12.94911
8/26/2025 3:00,0,0,NAN,12.93933
8/26/2025 3:30,0,0,NAN,12.93377
8/26/2025 4:00,0,0,NAN,12.92617
8/26/2025 4:30,0,0,NAN,12.91668
8/26/2025 5:00,0,0,NAN,12.91256
8/26/2025 5:30,0,0,NAN,12.90603
8/26/2025 6:00,0,0.000355556,NAN,12.89459
8/26/2025 6:30,0.000866667,0.004433333,NAN,12.9094
8/26/2025 7:00,0.003088889,0.01319444,NAN,12.99633
8/26/2025 7:30,0.005666667,0.02228333,NAN,13.05873
8/26/2025 8:00,0.007961111,0.03046666,NAN,13.17126
8/26/2025 8:30,0.01001111,0.03737222,NAN,13.25329
8/26/2025 9:00,0.01186111,0.04289444,NAN,13.2918
8/26/2025 9:30,0.01355556,0.04746667,NAN,13.32273
8/26/2025 10:00,0.01500555,0.05091667,NAN,13.36229
8/26/2025 10:30,0.01617222,0.05324444,NAN,13.39886
8/26/2025 11:00,0.017,0.05478333,NAN,13.51175
8/26/2025 11:30,0.01700556,0.05516111,NAN,13.55421
8/26/2025 12:00,0.01701111,0.05522778,NAN,13.88077
8/26/2025 12:30,0.01694444,0.05427222,NAN,14.08137
8/26/2025 13:00,0.01592778,0.05222222,NAN,14.05951
8/26/2025 13:30,0.01477222,0.04974444,NAN,14.02682
8/26/2025 14:00,0.01324444,0.04660555,NAN,13.94057
8/26/2025 14:30,0.01112222,0.04012222,NAN,13.96885
8/26/2025 15:00,NAN,0.03990555,NAN,13.90025
8/26/2025 15:30,0.0103,0.03179444,0.6109765,13.95214
8/26/2025 16:00,0.001566667,0.004383333,0.6310762,13.55663
8/26/2025 16:30,0.003377778,0.01213889,0.6510105,13.47488
8/26/2025 17:00,0.001611111,0.0056,0.6681665,13.38632
8/26/2025 17:30,0.000111111,0.001211111,NAN,13.30909
8/26/2025 18:00,0,0,NAN,13.16961
8/26/2025 18:30,0,0,NAN,13.11542
8/26/2025 19:00,0,0,NAN,13.08746
8/26/2025 19:30,0,0,NAN,13.06695
8/26/2025 20:00,0,0,NAN,13.04767
8/26/2025 20:30,0,0,NAN,13.02703
8/26/2025 21:00,0,0,NAN,13.01917
8/26/2025 21:30,0,0,NAN,13.00628
8/26/2025 22:00,0,0,NAN,12.98963
8/26/2025 22:30,0,0,NAN,12.97975
8/26/2025 23:00,0,0,NAN,12.96867
8/26/2025 23:30,0,0,NAN,12.95654
8/27/2025 0:00,0,0,NAN,12.94289
8/27/2025 0:30,0,0,NAN,12.93823
8/27/2025 1:00,0,0,NAN,12.92984
8/27/2025 1:30,0,0,NAN,12.92002
8/27/2025 2:00,0,0,NAN,12.91357
8/27/2025 2:30,0,0,NAN,12.90888
8/27/2025 3:00,0,0,NAN,12.90131
8/27/2025 3:30,0,0,NAN,12.8934
8/27/2025 4:00,0,0,NAN,12.88443
8/27/2025 4:30,0,0,NAN,12.88336
8/27/2025 5:00,0,0,NAN,12.8779
8/27/2025 5:30,0,0,NAN,12.87142
8/27/2025 6:00,0,0.000116667,NAN,12.86544
8/27/2025 6:30,0.000361111,0.0017,0.8155428,12.86917
8/27/2025 7:00,0.001327778,0.004316666,0.607969,12.9166
8/27/2025 7:30,0.002216667,0.007161111,0.6157659,12.99416
8/27/2025 8:00,0.003488889,0.01063333,0.6005009,13.13791
8/27/2025 8:30,0.004416666,0.01345,0.6015561,13.3638
8/27/2025 9:00,0.006916667,0.02097222,0.6013915,13.62589
8/27/2025 9:30,0.005844444,0.01745556,0.5994178,13.88203
8/27/2025 10:00,0.005816666,0.01738889,0.5997095,13.93601
8/27/2025 10:30,0.01031111,0.03033333,0.598871,13.98063
8/27/2025 11:00,0.01718889,0.04868889,0.5894609,14.15389
8/27/2025 11:30,0.01043333,0.02912222,0.5840176,14.12076
8/27/2025 12:00,0.01377222,0.03847222,0.5841125,14.10616
8/27/2025 12:30,0.01765556,0.04845,0.5787231,14.0638
8/27/2025 13:00,0.01817222,0.04985556,0.5763793,14.03541
8/27/2025 13:30,0.01453889,0.04074444,0.583939,14.02075
8/27/2025 14:00,0.0188,0.05301111,0.5829907,13.98911
8/27/2025 14:30,0.01258333,0.03635,0.5892019,13.96713
8/27/2025 15:00,0.006622222,0.01944445,0.5950641,13.97538
8/27/2025 15:30,0.00465,0.01357778,0.589133,14.00116
8/27/2025 16:00,0.003227778,0.009961111,0.6082655,13.92559
8/27/2025 16:30,0.0019,0.005361111,0.5627887,13.3617
8/27/2025 17:00,0.000288889,0.001422222,0.851911,13.18242
8/27/2025 17:30,0.000483333,0.002644445,0.7563724,13.17611
8/27/2025 18:00,0,5.56E-06,NAN,13.11013
8/27/2025 18:30,0,0,NAN,13.08052
8/27/2025 19:00,0,0,NAN,13.06093
8/27/2025 19:30,0,0,NAN,13.04261
8/27/2025 20:00,0,0,NAN,13.03012
8/27/2025 20:30,0,0,NAN,13.01409
8/27/2025 21:00,0,0,NAN,12.99902
8/27/2025 21:30,0,0,NAN,12.98208
8/27/2025 22:00,0,0,NAN,12.97308
8/27/2025 22:30,0,0,NAN,12.96268
8/27/2025 23:00,0,0,NAN,12.95405
8/27/2025 23:30,0,0,NAN,12.94601
8/28/2025 0:00,0,0,NAN,12.93281
8/28/2025 0:30,0,0,NAN,12.92885
8/28/2025 1:00,0,0,NAN,12.91949
8/28/2025 1:30,0,0,NAN,12.9092
8/28/2025 2:00,0,0,NAN,12.90604
8/28/2025 2:30,0,0,NAN,12.90311
8/28/2025 3:00,0,0,NAN,12.90103
8/28/2025 3:30,0,0,NAN,12.89678
8/28/2025 4:00,0,0,NAN,12.89472
8/28/2025 4:30,0,0,NAN,12.88734
8/28/2025 5:00,0,0,NAN,12.87931
8/28/2025 5:30,0,0,NAN,12.87595
8/28/2025 6:00,0,0.000261111,NAN,12.86585
8/28/2025 6:30,0.000927778,0.004066667,0.7378311,12.87741
8/28/2025 7:00,0.003022222,0.01265,0.6980945,12.95438
8/28/2025 7:30,0.005044444,0.0195,0.6846288,13.01586
8/28/2025 8:00,0.007866667,0.02893889,0.6731041,13.15693
8/28/2025 8:30,0.01005,0.03528333,0.6621377,13.27072
8/28/2025 9:00,0.01234444,0.04079444,0.6444416,13.31845
8/28/2025 9:30,0.01446111,0.04556111,0.6296873,13.14537
8/28/2025 10:00,0.01622222,0.04945,0.6186229,13.27571
8/28/2025 10:30,0.01799444,0.05320555,0.6083081,13.40055
8/28/2025 11:00,0.01930555,0.05551111,0.5985717,13.53965
8/28/2025 11:30,0.02003333,0.05698333,0.594335,13.4562
8/28/2025 12:00,0.02089444,0.05730555,0.5815995,13.70469
8/28/2025 12:30,0.02015555,0.05696667,0.5901278,14.09786
8/28/2025 13:00,0.01937778,0.05521667,0.5918041,14.07443
8/28/2025 13:30,0.01807222,0.05251666,0.5969238,14.04791
8/28/2025 14:00,0.01627778,0.04898889,0.6065016,14.02433
8/28/2025 14:30,0.01423889,0.0449,0.6206425,13.99931
8/28/2025 15:00,0.01195,0.03983889,0.6356354,13.98983
8/28/2025 15:30,0.009572222,0.03360555,0.6481559,13.98185
8/28/2025 16:00,0.007088889,0.02702778,0.6680764,13.97611
8/28/2025 16:30,0.004711111,0.01977778,0.6875582,13.98033
8/28/2025 17:00,0.002161111,0.0106,0.7171195,13.27758
8/28/2025 17:30,0.000322222,0.001966667,NAN,13.17825
8/28/2025 18:00,0,0,NAN,13.12293
8/28/2025 18:30,0,0,NAN,13.09513
8/28/2025 19:00,0,0,NAN,13.07123
8/28/2025 19:30,0,0,NAN,13.05316
8/28/2025 20:00,0,0,NAN,13.03523
8/28/2025 20:30,0,0,NAN,13.01675
8/28/2025 21:00,0,0,NAN,13.00035
8/28/2025 21:30,0,0,NAN,12.98241
8/28/2025 22:00,0,0,NAN,12.97028
8/28/2025 22:30,0,0,NAN,12.95664
8/28/2025 23:00,0,0,NAN,12.94145
8/28/2025 23:30,0,0,NAN,12.93118
8/29/2025 0:00,0,0,NAN,12.92047
8/29/2025 0:30,0,0,NAN,12.90936
8/29/2025 1:00,0,0,NAN,12.89827
8/29/2025 1:30,0,0,NAN,12.89511
8/29/2025 2:00,0,0,NAN,12.88875
8/29/2025 2:30,0,0,NAN,12.88042
8/29/2025 3:00,0,0,NAN,12.86946
8/29/2025 3:30,0,0,NAN,12.86693
8/29/2025 4:00,0,0,NAN,12.86035
8/29/2025 4:30,0,0,NAN,12.85209
8/29/2025 5:00,0,0,NAN,12.84826
8/29/2025 5:30,0,0,NAN,12.84253
8/29/2025 6:00,0,0.000244444,NAN,12.83433
8/29/2025 6:30,0.000672222,0.003355555,0.8012241,12.84662
8/29/2025 7:00,0.002966667,0.01332222,0.7154933,12.90515
8/29/2025 7:30,0.005288889,0.02243889,0.7071499,12.97307
8/29/2025 8:00,0.007588889,0.03036666,0.6942964,13.09133
8/29/2025 8:30,0.009822221,0.0372,0.6806479,13.17554
8/29/2025 9:00,0.01195556,0.04276667,0.6653211,13.22521
8/29/2025 9:30,0.01393889,0.04778333,0.6529496,13.27055
8/29/2025 10:00,0.01560556,0.05191666,0.6436906,13.31545
8/29/2025 10:30,0.01740555,0.05524444,0.6291401,13.35462
8/29/2025 11:00,0.01871666,0.05778333,0.6200914,13.46864
8/29/2025 11:30,0.01951111,0.05932222,0.6144847,13.489
8/29/2025 12:00,0.02,0.05961666,0.60777,13.62672
8/29/2025 12:30,0.0196,0.05890555,0.6093466,14.05139
8/29/2025 13:00,0.01856111,0.05752778,0.6176533,14.02073
8/29/2025 13:30,0.01736111,0.05475,0.6218129,13.99529
8/29/2025 14:00,0.01546667,0.05131111,0.6358179,13.97243
8/29/2025 14:30,0.01348333,0.04721666,0.6501337,13.95338
8/29/2025 15:00,0.01123889,0.04227778,0.6683852,13.93517
8/29/2025 15:30,0.008977777,0.03623333,0.6851591,13.92569
8/29/2025 16:00,0.006655555,0.02915,0.7028426,13.91909
8/29/2025 16:30,0.004277778,0.02118889,0.7267753,13.93568
8/29/2025 17:00,0.00205,0.01137778,0.7386713,13.86067
8/29/2025 17:30,5.00E-05,0.001566667,NAN,13.37995
8/29/2025 18:00,0,0,NAN,13.17374
8/29/2025 18:30,0,0,NAN,13.11695
8/29/2025 19:00,0,0,NAN,13.08755
8/29/2025 19:30,0,0,NAN,13.06497
8/29/2025 20:00,0,0,NAN,13.04788
8/29/2025 20:30,0,0,NAN,13.02558
8/29/2025 21:00,0,0,NAN,13.01135
8/29/2025 21:30,0,0,NAN,12.99264
8/29/2025 22:00,0,0,NAN,12.98112
8/29/2025 22:30,0,0,NAN,12.9721
8/29/2025 23:00,0,0,NAN,12.95711
8/29/2025 23:30,0,0,NAN,12.94652
8/30/2025 0:00,0,0,NAN,12.93331
8/30/2025 0:30,0,0,NAN,12.92256
8/30/2025 1:00,0,0,NAN,12.91194
8/30/2025 1:30,0,0,NAN,12.90783
8/30/2025 2:00,0,0,NAN,12.90227
8/30/2025 2:30,0,0,NAN,12.89747
8/30/2025 3:00,0,0,NAN,12.89701
8/30/2025 3:30,0,0,NAN,12.892
8/30/2025 4:00,0,0,NAN,12.8868
8/30/2025 4:30,0,0,NAN,12.8795
8/30/2025 5:00,0,0,NAN,12.87051
8/30/2025 5:30,0,0,NAN,12.86533
8/30/2025 6:00,0,0.000261111,NAN,12.85553
8/30/2025 6:30,0.000322222,0.001994445,0.8772278,12.86592
8/30/2025 7:00,0.002666667,0.01322222,0.7560562,12.89434
8/30/2025 7:30,0.004894444,0.02346111,0.7401553,12.96373
8/30/2025 8:00,0.0069,0.03183333,0.7316802,13.08323
8/30/2025 8:30,0.008977777,0.03911667,0.7170471,13.15732
8/30/2025 9:00,0.01099444,0.04530555,0.7028435,13.20102
8/30/2025 9:30,0.01278333,0.05039444,0.6915175,13.23874
8/30/2025 10:00,0.01436111,0.05474444,0.6819512,13.27965
8/30/2025 10:30,0.01582222,0.05817222,0.6709986,13.3168
8/30/2025 11:00,0.0173,0.06079444,0.6571697,13.42973
8/30/2025 11:30,0.01807222,0.06306666,0.6539804,13.44039
8/30/2025 12:00,0.01884444,0.06412222,0.6455994,13.63964
8/30/2025 12:30,0.01857222,0.06442222,0.6500699,13.92763
8/30/2025 13:00,0.01785555,0.06406666,0.6587126,13.90479
8/30/2025 13:30,0.01671667,0.06170555,0.6651153,13.89183
8/30/2025 14:00,0.01533333,0.0583,0.6713843,13.8703
8/30/2025 14:30,0.01320555,0.0525,0.682277,13.87315
8/30/2025 15:00,0.01094444,0.04607222,0.6955931,13.87149
8/30/2025 15:30,0.008733333,0.04015555,0.7150931,13.87473
8/30/2025 16:00,0.00605,0.03071111,0.7354809,13.88719
8/30/2025 16:30,0.003794444,0.02122222,0.751191,13.8998
8/30/2025 17:00,0.001455556,0.009338889,0.779949,13.63234
8/30/2025 17:30,0,0.000377778,NAN,13.20262
8/30/2025 18:00,0,0,NAN,13.1287
8/30/2025 18:30,0,0,NAN,13.09539
8/30/2025 19:00,0,0,NAN,13.07138
8/30/2025 19:30,0,0,NAN,13.05114
8/30/2025 20:00,0,0,NAN,13.03849
8/30/2025 20:30,0,0,NAN,13.02598
8/30/2025 21:00,0,0,NAN,13.0136
8/30/2025 21:30,0,0,NAN,12.99882
8/30/2025 22:00,0,0,NAN,12.98079
8/30/2025 22:30,0,0,NAN,12.9722
8/30/2025 23:00,0,0,NAN,12.96298
8/30/2025 23:30,0,0,NAN,12.95136
8/31/2025 0:00,0,0,NAN,12.94302
8/31/2025 0:30,0,0,NAN,12.93361
8/31/2025 1:00,0,0,NAN,12.92537
8/31/2025 1:30,0,0,NAN,12.91572
8/31/2025 2:00,0,0,NAN,12.90812
8/31/2025 2:30,0,0,NAN,12.9065
8/31/2025 3:00,0,0,NAN,12.8991
8/31/2025 3:30,0,0,NAN,12.89138
8/31/2025 4:00,0,0,NAN,12.89123
8/31/2025 4:30,0,0,NAN,12.89036
8/31/2025 5:00,0,0,NAN,12.89398
8/31/2025 5:30,0,0,NAN,12.89403
8/31/2025 6:00,0,7.22E-05,NAN,12.88929
8/31/2025 6:30,0,0.00165,1,12.89474
8/31/2025 7:00,0.000227778,0.002183333,0.9032506,12.9072
8/31/2025 7:30,0.001105556,0.005844444,0.745955,12.92528
8/31/2025 8:00,0.006099999,0.03520555,0.7718317,13.04208
8/31/2025 8:30,0.003788889,0.01905555,0.7383541,13.41284
8/31/2025 9:00,0.008405555,0.04407222,0.7513666,13.57412
8/31/2025 9:30,0.01018333,0.05164444,0.7466389,13.64215
8/31/2025 10:00,0.01245,0.06026111,0.737581,13.58027
8/31/2025 10:30,0.01151111,0.05403333,0.7284907,13.58522
8/31/2025 11:00,0.005744444,0.0274,0.724571,13.64689
8/31/2025 11:30,0.0099,0.046,0.7209951,13.99723
8/31/2025 12:00,0.006938889,0.03248889,0.7209541,13.85795
8/31/2025 12:30,0.005327778,0.02647778,0.7280754,13.84888
8/31/2025 13:00,0.01184444,0.05709444,0.7299353,14.18514
8/31/2025 13:30,0.007944444,0.03828889,0.728495,14.16873
8/31/2025 14:00,0.002288889,0.01160556,0.744254,13.67838
8/31/2025 14:30,0.002072222,0.01052222,0.7363946,13.58648
8/31/2025 15:00,0.003638889,0.01821111,0.7296755,14.23209
8/31/2025 15:30,0.0026,0.01285,0.7272144,13.7746
8/31/2025 16:00,0.002338889,0.01234444,0.7409217,13.7816
8/31/2025 16:30,0.001333333,0.006894444,0.7361518,13.51338
8/31/2025 17:00,0.001183333,0.007655555,0.7328087,13.43664
8/31/2025 17:30,0.000511111,0.003927778,NAN,13.3908
8/31/2025 18:00,0,0,NAN,13.15208
8/31/2025 18:30,0,0,NAN,13.08564
8/31/2025 19:00,0,0,NAN,13.05739
8/31/2025 19:30,0,0,NAN,13.03349
8/31/2025 20:00,0,0,NAN,13.01834
8/31/2025 20:30,0,0,NAN,13.00222
8/31/2025 21:00,0,0,NAN,12.98707
8/31/2025 21:30,0,0,NAN,12.96883
8/31/2025 22:00,0,0,NAN,12.96099
8/31/2025 22:30,0,0,NAN,12.94789
8/31/2025 23:00,0,0,NAN,12.93455
8/31/2025 23:30,0,0,NAN,12.92257
9/1/2025 0:00,0,0,NAN,12.90871
9/1/2025 0:30,0,0,NAN,12.89563
9/1/2025 1:00,0,0,NAN,12.88478
9/1/2025 1:30,0,0,NAN,12.8716
9/1/2025 2:00,0,0,NAN,12.86618
9/1/2025 2:30,0,0,NAN,12.85595
9/1/2025 3:00,0,0,NAN,12.84537
9/1/2025 3:30,0,0,NAN,12.84148
9/1/2025 4:00,0,0,NAN,12.83887
9/1/2025 4:30,0,0,NAN,12.8355
9/1/2025 5:00,0,0,NAN,12.82916
9/1/2025 5:30,0,0,NAN,12.82661
9/1/2025 6:00,0,0.000183333,NAN,12.81591
9/1/2025 6:30,0.000388889,0.003044444,0.8946298,12.82132
9/1/2025 7:00,0.002027778,0.01342222,0.7965428,12.87259
9/1/2025 7:30,0.003588889,0.02381111,0.7999859,12.94237
9/1/2025 8:00,0.0053,0.03348889,0.7933191,13.06459
9/1/2025 8:30,0.006988889,0.04215556,0.7851416,13.16092
9/1/2025 9:00,0.008477777,0.04830555,0.7737753,13.23677
9/1/2025 9:30,0.009488889,0.05181666,0.7649468,13.35394
9/1/2025 10:00,0.01129444,0.05883333,0.7540621,13.52008
9/1/2025 10:30,0.01272222,0.06405,0.7462991,13.6443
9/1/2025 11:00,0.01364444,0.06652778,0.7388305,13.81974
9/1/2025 11:30,0.01218889,0.05790555,0.7343109,13.90168
9/1/2025 12:00,0.01243889,0.05983333,0.7346925,14.25747
9/1/2025 12:30,0.01279444,0.06224444,0.7342891,14.22512
9/1/2025 13:00,0.01169444,0.05830555,0.736922,14.20866
9/1/2025 13:30,0.009988889,0.05076111,0.7391037,14.1782
9/1/2025 14:00,0.01001667,0.05382777,0.7509915,14.16333
9/1/2025 14:30,0.008516666,0.04772222,0.760959,14.15515
9/1/2025 15:00,0.005294445,0.03072222,0.7679046,14.15003
9/1/2025 15:30,0.004144445,0.02352222,0.7581564,14.16175
9/1/2025 16:00,0.005005555,0.03293333,0.784528,14.15506
9/1/2025 16:30,0.001011111,0.006955556,0.7987403,13.68955
9/1/2025 17:00,0.000994445,0.006777777,0.7658159,13.55889
9/1/2025 17:30,8.89E-05,0.002383333,0.9692584,13.29146
9/1/2025 18:00,0,6.11E-05,NAN,13.13602
9/1/2025 18:30,0,0,NAN,13.08598
9/1/2025 19:00,0,0,NAN,13.05805
9/1/2025 19:30,0,0,NAN,13.03419
9/1/2025 20:00,0,0,NAN,13.01611
9/1/2025 20:30,0,0,NAN,12.99812
9/1/2025 21:00,0,0,NAN,12.97826
9/1/2025 21:30,0,0,NAN,12.95527
9/1/2025 22:00,0,0,NAN,12.94274
9/1/2025 22:30,0,0,NAN,12.92686
9/1/2025 23:00,0,0,NAN,12.91186
9/1/2025 23:30,0,0,NAN,12.90075
9/2/2025 0:00,0,0,NAN,12.88781
9/2/2025 0:30,0,0,NAN,12.87614
9/2/2025 1:00,0,0,NAN,12.86422
9/2/2025 1:30,0,0,NAN,12.8595
9/2/2025 2:00,0,0,NAN,12.85094
9/2/2025 2:30,0,0,NAN,12.84293
9/2/2025 3:00,0,0,NAN,12.83876
9/2/2025 3:30,0,0,NAN,12.83452
9/2/2025 4:00,0,0,NAN,12.82979
9/2/2025 4:30,0,0,NAN,12.82454
9/2/2025 5:00,0,0,NAN,12.81867
9/2/2025 5:30,0,0,NAN,12.81716
9/2/2025 6:00,0,0.000211111,NAN,12.80765
9/2/2025 6:30,0.0003,0.002961111,0.8894314,12.81074
9/2/2025 7:00,0.000766667,0.007005555,0.9184354,12.84926
9/2/2025 7:30,0.003433333,0.02428889,0.8088712,12.92652
9/2/2025 8:00,0.004944444,0.03439444,0.8090793,13.06773
9/2/2025 8:30,0.006455555,0.04293889,0.8018808,13.19782
9/2/2025 9:00,0.007999999,0.05074444,0.7934917,13.29631
9/2/2025 9:30,0.009449999,0.05693333,0.7838938,13.40434
9/2/2025 10:00,0.01071111,0.06197222,0.7756643,13.4796
9/2/2025 10:30,0.01200556,0.06556667,0.7636592,13.54451
9/2/2025 11:00,0.01309444,0.06951667,0.7570816,13.72084
9/2/2025 11:30,0.01378889,0.07076667,0.7493035,13.78324
9/2/2025 12:00,0.014,0.07137222,0.7469341,14.1686
9/2/2025 12:30,0.01388333,0.07113889,0.7470904,14.21903
9/2/2025 13:00,0.013,0.06918333,0.7543636,14.19831
9/2/2025 13:30,0.01190555,0.0663,0.7630228,14.18865
9/2/2025 14:00,0.01059444,0.06198889,0.7722836,14.17194
9/2/2025 14:30,0.009299999,0.05683333,0.7796692,14.16293
9/2/2025 15:00,0.007716666,0.05057777,0.7910094,14.15465
9/2/2025 15:30,0.006094445,0.04278333,0.8012285,14.15017
9/2/2025 16:00,0.004461111,0.03367778,0.8099206,14.14469
9/2/2025 16:30,0.002716667,0.02273889,0.8213406,14.14956
9/2/2025 17:00,0.001105556,0.009866666,0.8161913,14.16756
9/2/2025 17:30,0,0.000861111,NAN,13.26769
9/2/2025 18:00,0,0,NAN,13.12761
9/2/2025 18:30,0,0,NAN,13.07724
9/2/2025 19:00,0,0,NAN,13.05084
9/2/2025 19:30,0,0,NAN,13.03233
9/2/2025 20:00,0,0,NAN,13.01716
9/2/2025 20:30,0,0,NAN,12.9992
9/2/2025 21:00,0,0,NAN,12.98464
9/2/2025 21:30,0,0,NAN,12.96655
9/2/2025 22:00,0,0,NAN,12.95155
9/2/2025 22:30,0,0,NAN,12.93433
9/2/2025 23:00,0,0,NAN,12.91937
9/2/2025 23:30,0,0,NAN,12.90174
9/3/2025 0:00,0,0,NAN,12.88745
9/3/2025 0:30,0,0,NAN,12.87368
9/3/2025 1:00,0,0,NAN,12.86005
9/3/2025 1:30,0,0,NAN,12.85131
9/3/2025 2:00,0,0,NAN,12.84183
9/3/2025 2:30,0,0,NAN,12.83416
9/3/2025 3:00,0,0,NAN,12.82749
9/3/2025 3:30,0,0,NAN,12.82033
9/3/2025 4:00,0,0,NAN,12.81476
9/3/2025 4:30,0,0,NAN,12.81107
9/3/2025 5:00,0,0,NAN,12.80678
9/3/2025 5:30,0,0,NAN,12.80451
9/3/2025 6:00,0,0.000233333,NAN,12.79581
9/3/2025 6:30,0.000294444,0.0029,0.9205018,12.80604
9/3/2025 7:00,0.001622222,0.01340555,0.8243062,12.86373
9/3/2025 7:30,0.003188889,0.02458333,0.8200303,12.93386
9/3/2025 8:00,0.004561111,0.03491667,0.8221861,13.06739
9/3/2025 8:30,0.005994444,0.04407222,0.816698,13.18013
9/3/2025 9:00,0.007416667,0.05216111,0.8095046,13.27514
9/3/2025 9:30,0.008644444,0.05903889,0.8045845,13.37292
9/3/2025 10:00,0.009922221,0.06416111,0.7946554,13.45386
9/3/2025 10:30,0.01103889,0.0682,0.7859133,13.50158
9/3/2025 11:00,0.01198333,0.07113889,0.777778,13.65767
9/3/2025 11:30,0.01257222,0.07317777,0.7737335,13.61637
9/3/2025 12:00,0.013,0.07384444,0.7683398,14.03266
9/3/2025 12:30,0.0128,0.07353888,0.7700912,14.22008
9/3/2025 13:00,0.012,0.07125,0.7760024,14.1986
9/3/2025 13:30,0.01103333,0.06802778,0.7828207,14.18862
9/3/2025 14:00,0.009727777,0.06373889,0.7934992,14.16535
9/3/2025 14:30,0.008588889,0.05854444,0.7994124,14.15104
9/3/2025 15:00,0.007227778,0.05201111,0.8073035,14.12868
9/3/2025 15:30,0.005611111,0.04416111,0.8202714,14.11425
9/3/2025 16:00,0.004205555,0.03508333,0.8259253,14.11743
9/3/2025 16:30,0.002522222,0.02359444,0.8368635,14.11813
9/3/2025 17:00,0.000955556,0.009588889,0.84073,14.13766
9/3/2025 17:30,0,0.000716667,NAN,13.23939
9/3/2025 18:00,0,0,NAN,13.11673
9/3/2025 18:30,0,0,NAN,13.07715
9/3/2025 19:00,0,0,NAN,13.04672
9/3/2025 19:30,0,0,NAN,13.02262
9/3/2025 20:00,0,0,NAN,13.00419
9/3/2025 20:30,0,0,NAN,12.98617
9/3/2025 21:00,0,0,NAN,12.97039
9/3/2025 21:30,0,0,NAN,12.95279
9/3/2025 22:00,0,0,NAN,12.94392
9/3/2025 22:30,0,0,NAN,12.92654
9/3/2025 23:00,0,0,NAN,12.9103
9/3/2025 23:30,0,0,NAN,12.89878
9/4/2025 0:00,0,0,NAN,12.88649
9/4/2025 0:30,0,0,NAN,12.8741
9/4/2025 1:00,0,0,NAN,12.8617
9/4/2025 1:30,0,0,NAN,12.85713
9/4/2025 2:00,0,0,NAN,12.8473
9/4/2025 2:30,0,0,NAN,12.83656
9/4/2025 3:00,0,0,NAN,12.82927
9/4/2025 3:30,0,0,NAN,12.8188
9/4/2025 4:00,0,0,NAN,12.81026
9/4/2025 4:30,0,0,NAN,12.80298
9/4/2025 5:00,0,0,NAN,12.79788
9/4/2025 5:30,0,0,NAN,12.79435
9/4/2025 6:00,0,0.0002,NAN,12.78401
9/4/2025 6:30,0.000277778,0.002777778,0.9254767,12.7894
9/4/2025 7:00,0.001566667,0.01311667,0.8290823,12.84508
9/4/2025 7:30,0.003,0.02435,0.829947,12.92631
9/4/2025 8:00,0.004377778,0.03494444,0.8298427,13.04775
9/4/2025 8:30,0.005672222,0.04475556,0.8287449,13.14321
9/4/2025 9:00,0.006972222,0.05325,0.8238519,13.21782
9/4/2025 9:30,0.008211111,0.06003333,0.8166513,13.30264
9/4/2025 10:00,0.009333332,0.06555555,0.8097168,13.38271
9/4/2025 10:30,0.01017222,0.06975,0.8052077,13.42449
9/4/2025 11:00,0.01106667,0.07273333,0.7972557,13.61596
9/4/2025 11:30,0.01199444,0.07456111,0.7863899,13.5653
9/4/2025 12:00,0.012,0.075,0.7868493,13.95101
9/4/2025 12:30,0.012,0.07438888,0.7846838,14.16842
9/4/2025 13:00,0.01127778,0.07204444,0.7897333,14.13693
9/4/2025 13:30,0.01038889,0.06863888,0.7952914,14.10879
9/4/2025 14:00,0.009311111,0.06474444,0.803408,14.08834
9/4/2025 14:30,0.008083333,0.05950555,0.8120034,14.06645
9/4/2025 15:00,0.0067,0.05312222,0.8226233,14.0454
9/4/2025 15:30,0.005361111,0.04536111,0.8305575,14.04031
9/4/2025 16:00,0.003844444,0.03622222,0.8431264,14.02397
9/4/2025 16:30,0.002405555,0.02416111,0.8450986,14.02428
9/4/2025 17:00,0.000805556,0.009166666,0.8642945,13.59664
9/4/2025 17:30,0,0.000616667,NAN,13.2007
9/4/2025 18:00,0,0,NAN,13.11959
9/4/2025 18:30,0,0,NAN,13.08316
9/4/2025 19:00,0,0,NAN,13.05533
9/4/2025 19:30,0,0,NAN,13.03151
9/4/2025 20:00,0,0,NAN,13.00917
9/4/2025 20:30,0,0,NAN,12.98662
9/4/2025 21:00,0,0,NAN,12.97614
9/4/2025 21:30,0,0,NAN,12.95996
9/4/2025 22:00,0,0,NAN,12.94274
9/4/2025 22:30,0,0,NAN,12.92694
9/4/2025 23:00,0,0,NAN,12.91517
9/4/2025 23:30,0,0,NAN,12.90352
9/5/2025 0:00,0,0,NAN,12.89216
9/5/2025 0:30,0,0,NAN,12.87924
9/5/2025 1:00,0,0,NAN,12.87475
9/5/2025 1:30,0,0,NAN,12.86602
9/5/2025 2:00,0,0,NAN,12.85674
9/5/2025 2:30,0,0,NAN,12.85385
9/5/2025 3:00,0,0,NAN,12.85055
9/5/2025 3:30,0,0,NAN,12.84682
9/5/2025 4:00,0,0,NAN,12.84171
9/5/2025 4:30,0,0,NAN,12.84092
9/5/2025 5:00,0,0,NAN,12.83573
9/5/2025 5:30,0,0,NAN,12.82932
9/5/2025 6:00,0,0.000155556,NAN,12.82197
9/5/2025 6:30,0.000183333,0.002877778,0.9551473,12.82345
9/5/2025 7:00,0.001361111,0.0121,0.8421876,12.88035
9/5/2025 7:30,0.002655555,0.02483333,0.8548648,12.94973
9/5/2025 8:00,0.004072222,0.03564445,0.8475348,13.0789
9/5/2025 8:30,0.0053,0.0455,0.8454881,13.18879
9/5/2025 9:00,0.006583333,0.05529444,0.8420812,13.30395
9/5/2025 9:30,0.004472222,0.03278333,0.8191907,13.63371
9/5/2025 10:00,0.003772222,0.02581667,0.8032603,13.81875
9/5/2025 10:30,0.00545,0.03937222,0.8097484,13.79644
9/5/2025 11:00,0.002372222,0.01665,0.8047313,13.65934
9/5/2025 11:30,0.00195,0.01537222,0.8270218,13.57553
9/5/2025 12:00,0.008283333,0.06131111,0.8203306,13.88009
9/5/2025 12:30,0.008716667,0.06313889,0.817914,14.14713
9/5/2025 13:00,0.0095,0.06805556,0.8144788,14.10391
9/5/2025 13:30,0.005944444,0.0435,0.8183203,14.07808
9/5/2025 14:00,0.008227778,0.06357222,0.8239365,14.0476
9/5/2025 14:30,0.008422222,0.06591666,0.8264042,14.01359
9/5/2025 15:00,0.006811111,0.05771111,0.837907,13.98133
9/5/2025 15:30,0.004783333,0.04417777,0.8512895,13.98572
9/5/2025 16:00,0.003522222,0.03468333,0.8569994,13.98496
9/5/2025 16:30,0.0015,0.01556111,0.8595021,13.84378
9/5/2025 17:00,2.22E-05,0.002527778,0.9951322,13.25844
9/5/2025 17:30,0,0.000244444,NAN,13.13569
9/5/2025 18:00,0,0,NAN,13.10124
9/5/2025 18:30,0,0,NAN,13.07565
9/5/2025 19:00,0,0,NAN,13.05872
9/5/2025 19:30,0,0,NAN,13.04246
9/5/2025 20:00,0,0,NAN,13.02663
9/5/2025 20:30,0,0,NAN,13.00893
9/5/2025 21:00,0,0,NAN,12.99967
9/5/2025 21:30,0,0,NAN,12.98991
9/5/2025 22:00,0,0,NAN,12.97567
9/5/2025 22:30,0,0,NAN,12.96804
9/5/2025 23:00,0,0,NAN,12.95765
9/5/2025 23:30,0,0,NAN,12.94552
9/6/2025 0:00,0,0,NAN,12.93054
9/6/2025 0:30,0,0,NAN,12.92602
9/6/2025 1:00,0,0,NAN,12.91606
9/6/2025 1:30,0,0,NAN,12.90528
9/6/2025 2:00,0,0,NAN,12.90203
9/6/2025 2:30,0,0,NAN,12.89696
9/6/2025 3:00,0,0,NAN,12.8929
9/6/2025 3:30,0,0,NAN,12.89227
9/6/2025 4:00,0,0,NAN,12.89521
9/6/2025 4:30,0,0,NAN,12.89111
9/6/2025 5:00,0,0,NAN,12.88728
9/6/2025 5:30,0,0,NAN,12.8875
9/6/2025 6:00,0,0,NAN,12.8806
9/6/2025 6:30,0,0.001516667,NAN,12.88103
9/6/2025 7:00,0,0.001777778,1,12.882
9/6/2025 7:30,0,0.003033333,1,12.88983
9/6/2025 8:00,0.000155556,0.003733333,0.9645064,12.89815
9/6/2025 8:30,0.001272222,0.01064444,0.831121,12.94028
9/6/2025 9:00,0.002266667,0.01995,0.8454344,13.10177
9/6/2025 9:30,0.002838889,0.02523333,0.8499423,13.50756
9/6/2025 10:00,0.002527778,0.02246667,0.8489878,13.7408
9/6/2025 10:30,0.003527778,0.03023889,0.8439546,13.81809
9/6/2025 11:00,0.002172222,0.01883333,0.842432,13.72146
9/6/2025 11:30,0.002805555,0.02362778,0.8410103,13.74245
9/6/2025 12:00,0.002866667,0.02407222,0.8401451,13.82698
9/6/2025 12:30,0.004016667,0.03408333,0.8430229,13.86362
9/6/2025 13:00,0.003983333,0.03332778,0.83982,14.14814
9/6/2025 13:30,0.005072222,0.04462222,0.8468574,14.13879
9/6/2025 14:00,0.005633333,0.04967222,0.848891,14.10429
9/6/2025 14:30,0.003183333,0.02756111,0.8451322,14.10073
9/6/2025 15:00,0.002611111,0.02177778,0.8379958,13.94591
9/6/2025 15:30,0.001655556,0.01487222,0.8488142,13.69214
9/6/2025 16:00,0.001,0.01127222,0.8735337,13.59008
9/6/2025 16:30,0.000988889,0.00795,0.8196468,13.38564
9/6/2025 17:00,0.000133333,0.003022222,0.9677483,13.18652
9/6/2025 17:30,0,0.000283333,NAN,13.1086
9/6/2025 18:00,0,0,NAN,13.08006
9/6/2025 18:30,0,0,NAN,13.06023
9/6/2025 19:00,0,0,NAN,13.04421
9/6/2025 19:30,0,0,NAN,13.03346
9/6/2025 20:00,0,0,NAN,13.01837
9/6/2025 20:30,0,0,NAN,13.00446
9/6/2025 21:00,0,0,NAN,12.98748
9/6/2025 21:30,0,0,NAN,12.97544
9/6/2025 22:00,0,0,NAN,12.9634
9/6/2025 22:30,0,0,NAN,12.95178
9/6/2025 23:00,0,0,NAN,12.93865
9/6/2025 23:30,0,0,NAN,12.93517
9/7/2025 0:00,0,0,NAN,12.92576
9/7/2025 0:30,0,0,NAN,12.91465
9/7/2025 1:00,0,0,NAN,12.91085
9/7/2025 1:30,0,0,NAN,12.90512
9/7/2025 2:00,0,0,NAN,12.89899
9/7/2025 2:30,0,0,NAN,12.89328
9/7/2025 3:00,0,0,NAN,12.88792
9/7/2025 3:30,0,0,NAN,12.88944
9/7/2025 4:00,0,0,NAN,12.88458
9/7/2025 4:30,0,0,NAN,12.88216
9/7/2025 5:00,0,0,NAN,12.88073
9/7/2025 5:30,0,0,NAN,12.88266
9/7/2025 6:00,0,0,NAN,12.87897
9/7/2025 6:30,0,0.000138889,NAN,12.86866
9/7/2025 7:00,0,0.001738889,NAN,12.8737
9/7/2025 7:30,0,0.003194444,1,12.89842
9/7/2025 8:00,2.22E-05,0.003888889,0.9942687,12.9005
9/7/2025 8:30,0.000705556,0.00625,0.8566633,12.93829
9/7/2025 9:00,0.001455556,0.01368889,0.852074,12.97136
9/7/2025 9:30,0.002555556,0.02608889,0.8685676,13.22304
9/7/2025 10:00,0.006455555,0.06547222,0.8695948,13.6853
9/7/2025 10:30,0.006938889,0.06957222,0.8684155,13.97739
9/7/2025 11:00,0.004383333,0.04127778,0.858145,14.00761
9/7/2025 11:30,0.005133333,0.05153888,0.8680019,14.13702
9/7/2025 12:00,0.006833333,0.06854444,0.8660254,14.12662
9/7/2025 12:30,0.008027777,0.07914444,0.8632436,14.03346
9/7/2025 13:00,0.007255556,0.07350556,0.8682947,13.97159
9/7/2025 13:30,0.006988889,0.07421111,0.8721466,14.07362
9/7/2025 14:00,0.0065,0.06934444,0.8724424,14.06005
9/7/2025 14:30,0.005216666,0.05752778,0.8775926,14.05256
9/7/2025 15:00,0.004033334,0.04436111,0.8733888,14.05778
9/7/2025 15:30,0.004027777,0.04589444,0.8789209,13.76083
9/7/2025 16:00,0.002138889,0.02803889,0.9129785,13.50758
9/7/2025 16:30,5.56E-06,0.0034,0.9986075,13.32192
9/7/2025 17:00,0,0.000938889,NAN,13.15402
9/7/2025 17:30,0,0,NAN,13.10356
9/7/2025 18:00,0,0,NAN,13.08045
9/7/2025 18:30,0,0,NAN,13.06499
9/7/2025 19:00,0,0,NAN,13.04922
9/7/2025 19:30,0,0,NAN,13.03551
9/7/2025 20:00,0,0,NAN,13.02382
9/7/2025 20:30,0,0,NAN,13.00716
9/7/2025 21:00,0,0,NAN,12.99646
9/7/2025 21:30,0,0,NAN,12.9801
9/7/2025 22:00,0,0,NAN,12.97007
9/7/2025 22:30,0,0,NAN,12.95055
9/7/2025 23:00,0,0,NAN,12.93318
9/7/2025 23:30,0,0,NAN,12.92294
9/8/2025 0:00,0,0,NAN,12.9099
9/8/2025 0:30,0,0,NAN,12.89855
9/8/2025 1:00,0,0,NAN,12.88772
9/8/2025 1:30,0,0,NAN,12.88267
9/8/2025 2:00,0,0,NAN,12.87512
9/8/2025 2:30,0,0,NAN,12.86892
9/8/2025 3:00,0,0,NAN,12.86114
9/8/2025 3:30,0,0,NAN,12.85938
9/8/2025 4:00,0,0,NAN,12.8509
9/8/2025 4:30,0,0,NAN,12.84194
9/8/2025 5:00,0,0,NAN,12.84002
9/8/2025 5:30,0,0,NAN,12.8351
9/8/2025 6:00,0,5.56E-06,NAN,12.82396
9/8/2025 6:30,0,0.00225,NAN,12.82681
9/8/2025 7:00,0.000905556,0.01305555,0.8889174,12.8745
9/8/2025 7:30,0.001861111,0.02557222,0.8939487,12.94853
9/8/2025 8:00,0.002822222,0.03688333,0.8908089,13.04798
9/8/2025 8:30,0.003766667,0.04758333,0.8879519,13.11751
9/8/2025 9:00,0.004566667,0.05677222,0.8868729,13.18134
9/8/2025 9:30,0.005333333,0.06431667,0.8837374,13.25953
9/8/2025 10:00,0.006,0.07049444,0.8807252,13.35146
9/8/2025 10:30,0.006883333,0.07486667,0.871843,13.41527
9/8/2025 11:00,0.006922222,0.07717778,0.8746173,13.6744
9/8/2025 11:30,0.007422222,0.07832778,0.8686263,13.59453
9/8/2025 12:00,0.007966666,0.08112222,0.8628807,14.11177
9/8/2025 12:30,0.007816667,0.08071111,0.8641282,14.31059
9/8/2025 13:00,0.007011111,0.07898334,0.874099,14.30869
9/8/2025 13:30,0.006805556,0.07572778,0.8719759,14.29047
9/8/2025 14:00,0.006005555,0.07132778,0.878502,14.28511
9/8/2025 14:30,0.005388889,0.06539445,0.8802833,14.27392
9/8/2025 15:00,0.004594444,0.05785555,0.883409,14.27221
9/8/2025 15:30,0.003566667,0.04854999,0.8901409,14.25598
9/8/2025 16:00,0.002661111,0.03757222,0.8912181,14.26172
9/8/2025 16:30,0.001516667,0.02314444,0.8947493,14.26137
9/8/2025 17:00,0.000477778,0.008344444,0.9277049,13.64114
9/8/2025 17:30,0,0.000494445,NAN,13.25864
9/8/2025 18:00,0,0,NAN,13.11881
9/8/2025 18:30,0,0,NAN,13.06215
9/8/2025 19:00,0,0,NAN,13.02763
9/8/2025 19:30,0,0,NAN,12.99792
9/8/2025 20:00,0,0,NAN,12.97306
9/8/2025 20:30,0,0,NAN,12.95199
9/8/2025 21:00,0,0,NAN,12.93095
9/8/2025 21:30,0,0,NAN,12.91408
9/8/2025 22:00,0,0,NAN,12.89564
9/8/2025 22:30,0,0,NAN,12.8847
9/8/2025 23:00,0,0,NAN,12.8726
9/8/2025 23:30,0,0,NAN,12.86034
9/9/2025 0:00,0,0,NAN,12.84863
9/9/2025 0:30,0,0,NAN,12.8373
9/9/2025 1:00,0,0,NAN,12.82743
9/9/2025 1:30,0,0,NAN,12.81723
9/9/2025 2:00,0,0,NAN,12.8069
9/9/2025 2:30,0,0,NAN,12.80092
9/9/2025 3:00,0,0,NAN,12.79561
9/9/2025 3:30,0,0,NAN,12.79377
9/9/2025 4:00,0,0,NAN,12.79434
9/9/2025 4:30,0,0,NAN,12.79543
9/9/2025 5:00,0,0,NAN,12.79682
9/9/2025 5:30,0,0,NAN,12.79845
9/9/2025 6:00,0,0,NAN,12.7917
9/9/2025 6:30,0,0.001083333,NAN,12.79408
9/9/2025 7:00,0.000627778,0.007244444,0.9057388,12.81292
9/9/2025 7:30,0.000972222,0.01010556,0.8663607,12.91055
9/9/2025 8:00,0.001261111,0.01591111,0.8914074,13.00005
9/9/2025 8:30,0.001905555,0.02186111,0.8777603,13.16772
9/9/2025 9:00,0.002166667,0.02583333,0.8824733,13.51916
9/9/2025 9:30,0.004183333,0.04702222,0.8749621,13.94744
9/9/2025 10:00,0.004788889,0.05192777,0.8720141,14.42921
9/9/2025 10:30,0.004394445,0.04845,0.8744302,14.39432
9/9/2025 11:00,0.003911111,0.04098889,0.8661103,14.34863
9/9/2025 11:30,0.005538889,0.06059444,0.873382,14.34667
9/9/2025 12:00,0.007944444,0.08562222,0.8716708,14.30609
9/9/2025 12:30,0.006099999,0.06473333,0.8697382,14.2864
9/9/2025 13:00,0.007388888,0.08306666,0.876382,14.25072
9/9/2025 13:30,0.005555556,0.06230555,0.876649,14.24036
9/9/2025 14:00,0.005972222,0.06922222,0.8792835,14.22714
9/9/2025 14:30,0.003511111,0.03976667,0.8770045,14.22643
9/9/2025 15:00,0.003205555,0.03893889,0.8843982,14.22342
9/9/2025 15:30,0.002811111,0.03483889,0.8824192,14.21211
9/9/2025 16:00,0.0015,0.01979444,0.8931559,14.20729
9/9/2025 16:30,0.000666667,0.009544444,0.9375705,13.44484
9/9/2025 17:00,0,0.000972222,NAN,13.19064
9/9/2025 17:30,0,0,NAN,13.10896
9/9/2025 18:00,0,0,NAN,13.07652
9/9/2025 18:30,0,0,NAN,13.05506
9/9/2025 19:00,0,0,NAN,13.03665
9/9/2025 19:30,0,0,NAN,13.02054
9/9/2025 20:00,0,0,NAN,13.00163
9/9/2025 20:30,0,0,NAN,12.9912
9/9/2025 21:00,0,0,NAN,12.9755
9/9/2025 21:30,0,0,NAN,12.96047
9/9/2025 22:00,0,0,NAN,12.94906
9/9/2025 22:30,0,0,NAN,12.93338
9/9/2025 23:00,0,0,NAN,12.91952
9/9/2025 23:30,0,0,NAN,12.9038
9/10/2025 0:00,0,0,NAN,12.89447
9/10/2025 0:30,0,0,NAN,12.89132
9/10/2025 1:00,0,0,NAN,12.88623
9/10/2025 1:30,0,0,NAN,12.87973
9/10/2025 2:00,0,0,NAN,12.87449
9/10/2025 2:30,0,0,NAN,12.86808
9/10/2025 3:00,0,0,NAN,12.86129
9/10/2025 3:30,0,0,NAN,12.85324
9/10/2025 4:00,0,0,NAN,12.84859
9/10/2025 4:30,0,0,NAN,12.84249
9/10/2025 5:00,0,0,NAN,12.83633
9/10/2025 5:30,0,0,NAN,12.83348
9/10/2025 6:00,0,0,NAN,12.82268
9/10/2025 6:30,0,0.000338889,NAN,12.81856
9/10/2025 7:00,0.000411111,0.005694444,0.9354871,12.83659
9/10/2025 7:30,0.001155556,0.01340555,0.8712127,12.95721
9/10/2025 8:00,0.002233333,0.02437778,0.8667331,13.16443
9/10/2025 8:30,0.002611111,0.02871666,0.8678538,13.56288
9/10/2025 9:00,0.002388889,0.02603889,0.8622552,13.88698
9/10/2025 9:30,0.003244444,0.03807222,0.8773652,14.13107
9/10/2025 10:00,0.003338889,0.03935,0.8780634,14.07618
9/10/2025 10:30,0.004277778,0.05043888,0.8830061,14.26305
9/10/2025 11:00,0.0029,0.03187222,0.8726987,14.1239
9/10/2025 11:30,0.002416667,0.02692222,0.8744398,14.08572
9/10/2025 12:00,0.002183333,0.02583889,0.8820096,14.02324
9/10/2025 12:30,0.004011111,0.04649444,0.8798858,14.27756
9/10/2025 13:00,0.0057,0.06821667,0.8847027,14.23402
9/10/2025 13:30,0.00175,0.02133333,0.8874242,13.90012
9/10/2025 14:00,0.002544445,0.02751666,0.8718087,14.22329
9/10/2025 14:30,0.002511111,0.02931111,0.8799725,13.80451
9/10/2025 15:00,0.004444444,0.05625555,0.8897042,14.20731
9/10/2025 15:30,0.003461111,0.04596666,0.8935149,14.1874
9/10/2025 16:00,0.001166667,0.01836111,0.9431347,13.66817
9/10/2025 16:30,0.001466667,0.02045,0.8924074,14.20537
9/10/2025 17:00,0.000322222,0.004505556,NAN,13.3637
9/10/2025 17:30,0,0.000105556,NAN,13.15534
9/10/2025 18:00,0,0,NAN,13.0937
9/10/2025 18:30,0,0,NAN,13.06136
9/10/2025 19:00,0,0,NAN,13.03954
9/10/2025 19:30,0,0,NAN,13.01979
9/10/2025 20:00,0,0,NAN,13.00215
9/10/2025 20:30,0,0,NAN,12.99736
9/10/2025 21:00,0,0,NAN,12.98363
9/10/2025 21:30,0,0,NAN,12.96736
9/10/2025 22:00,0,0,NAN,12.95354
9/10/2025 22:30,0,0,NAN,12.93869
9/10/2025 23:00,0,0,NAN,12.92447
9/10/2025 23:30,0,0,NAN,12.91079
9/11/2025 0:00,0,0,NAN,12.90541
9/11/2025 0:30,0,0,NAN,12.89418
9/11/2025 1:00,0,0,NAN,12.88088
9/11/2025 1:30,0,0,NAN,12.87229
9/11/2025 2:00,0,0,NAN,12.86144
9/11/2025 2:30,0,0,NAN,12.8517
9/11/2025 3:00,0,0,NAN,12.84317
9/11/2025 3:30,0,0,NAN,12.84124
9/11/2025 4:00,0,0,NAN,12.83578
9/11/2025 4:30,0,0,NAN,12.83104
9/11/2025 5:00,0,0,NAN,12.83049
9/11/2025 5:30,0,0,NAN,12.8288
9/11/2025 6:00,0,0,NAN,12.82574
9/11/2025 6:30,0,0.00035,NAN,12.82491
9/11/2025 7:00,0,0.001144444,1,12.83584
9/11/2025 7:30,0.000988889,0.01078889,0.9079879,12.85998
9/11/2025 8:00,0.001955556,0.01954444,0.8584034,13.03712
9/11/2025 8:30,0.0021,0.02127222,0.8530573,13.33426
9/11/2025 9:00,0.002055556,0.02137778,0.8648569,13.56288
9/11/2025 9:30,0.002344444,0.02458333,0.8622888,13.79859
9/11/2025 10:00,0.002694444,0.02970555,0.8731326,13.85873
9/11/2025 10:30,0.003866666,0.04577222,0.8827187,14.12568
9/11/2025 11:00,0.002022222,0.02287778,0.8743613,14.04126
9/11/2025 11:30,0.002538889,0.03103333,0.8849624,14.02344
9/11/2025 12:00,0.004916667,0.06017222,0.8883814,14.054
9/11/2025 12:30,0.003777778,0.04526111,0.8838473,14.17625
9/11/2025 13:00,0.005583333,0.06934444,0.8875999,14.17456
9/11/2025 13:30,0.005483333,0.06740555,0.8852142,14.13279
9/11/2025 14:00,0.005155555,0.06411111,0.8844827,14.09844
9/11/2025 14:30,0.003583333,0.04613889,0.8889357,14.08151
9/11/2025 15:00,0.004905555,0.06447778,0.8892832,14.10744
9/11/2025 15:30,0.002711111,0.0357,0.8879998,14.09683
9/11/2025 16:00,0.000266667,0.007177778,0.9793494,13.35583
9/11/2025 16:30,0.000111111,0.005516666,0.9875834,13.27097
9/11/2025 17:00,0.00035,0.007188888,0.9499902,13.40264
9/11/2025 17:30,0,0.000172222,NAN,13.15379
9/11/2025 18:00,0,0,NAN,13.08815
9/11/2025 18:30,0,0,NAN,13.05804
9/11/2025 19:00,0,0,NAN,13.0388
9/11/2025 19:30,0,0,NAN,13.02208
9/11/2025 20:00,0,0,NAN,12.99932
9/11/2025 20:30,0,0,NAN,12.98776
9/11/2025 21:00,0,0,NAN,12.97072
9/11/2025 21:30,0,0,NAN,12.95329
9/11/2025 22:00,0,0,NAN,12.94078
9/11/2025 22:30,0,0,NAN,12.9286
9/11/2025 23:00,0,0,NAN,12.91752
9/11/2025 23:30,0,0,NAN,12.90407
9/12/2025 0:00,0,0,NAN,12.8987
9/12/2025 0:30,0,0,NAN,12.88859
9/12/2025 1:00,0,0,NAN,12.87752
9/12/2025 1:30,0,0,NAN,12.87173
9/12/2025 2:00,0,0,NAN,12.86464
9/12/2025 2:30,0,0,NAN,12.85687
9/12/2025 3:00,0,0,NAN,12.84694
9/12/2025 3:30,0,0,NAN,12.83527
9/12/2025 4:00,0,0,NAN,12.83201
9/12/2025 4:30,0,0,NAN,12.82698
9/12/2025 5:00,0,0,NAN,12.82191
9/12/2025 5:30,0,0,NAN,12.8211
9/12/2025 6:00,0,0,NAN,12.81401
9/12/2025 6:30,5.56E-06,0.003783333,NAN,12.81608
9/12/2025 7:00,0.00055,0.009788889,0.9226765,12.90706
9/12/2025 7:30,0.001505556,0.02213889,0.8978766,13.01049
9/12/2025 8:00,0.002433333,0.03446667,0.9000593,13.31318
9/12/2025 8:30,0.003522222,0.04716666,0.8949428,13.61039
9/12/2025 9:00,0.002861111,0.03551111,0.8885871,13.9446
9/12/2025 9:30,0.004716666,0.06233333,0.8942484,13.99765
9/12/2025 10:00,0.00515,0.06889445,0.8964291,13.92267
9/12/2025 10:30,0.003477778,0.04455555,0.8904988,14.16513
9/12/2025 11:00,0.0033,0.04141667,0.8867559,14.21138
9/12/2025 11:30,0.0047,0.05971666,0.8895567,14.31053
9/12/2025 12:00,0.006377778,0.0781,0.8848644,14.28921
9/12/2025 12:30,0.005438889,0.06505555,0.8816189,14.26245
9/12/2025 13:00,0.005661111,0.07405555,0.8905388,14.26305
9/12/2025 13:30,0.005616666,0.07375555,0.8922425,14.16851
9/12/2025 14:00,0.005011111,0.07156111,0.9001537,14.24157
9/12/2025 14:30,0.004683333,0.06475,0.8964227,14.24307
9/12/2025 15:00,0.003422222,0.05023333,0.9010116,14.23127
9/12/2025 15:30,0.002672222,0.03973333,0.8998364,14.23993
9/12/2025 16:00,0.002438889,0.03733333,0.8991725,14.24516
9/12/2025 16:30,0.001305556,0.02111667,0.8993872,14.24633
9/12/2025 17:00,0.000244444,0.006083333,0.9599561,13.72758
9/12/2025 17:30,0,0.000283333,NAN,13.21703
9/12/2025 18:00,0,0,NAN,13.10511
9/12/2025 18:30,0,0,NAN,13.05943
9/12/2025 19:00,0,0,NAN,13.03217
9/12/2025 19:30,0,0,NAN,13.00588
9/12/2025 20:00,0,0,NAN,12.99098
9/12/2025 20:30,0,0,NAN,12.96981
9/12/2025 21:00,0,0,NAN,12.94816
9/12/2025 21:30,0,0,NAN,12.93041
9/12/2025 22:00,0,0,NAN,12.91238
9/12/2025 22:30,0,0,NAN,12.89758
9/12/2025 23:00,0,0,NAN,12.88285
9/12/2025 23:30,0,0,NAN,12.87529
9/13/2025 0:00,0,0,NAN,12.86402
9/13/2025 0:30,0,0,NAN,12.85234
9/13/2025 1:00,0,0,NAN,12.84197
9/13/2025 1:30,0,0,NAN,12.83154
9/13/2025 2:00,0,0,NAN,12.82125
9/13/2025 2:30,0,0,NAN,12.81093
9/13/2025 3:00,0,0,NAN,12.80469
9/13/2025 3:30,0,0,NAN,12.79684
9/13/2025 4:00,0,0,NAN,12.78951
9/13/2025 4:30,0,0,NAN,12.78268
9/13/2025 5:00,0,0,NAN,12.77724
9/13/2025 5:30,0,0,NAN,12.77516
9/13/2025 6:00,0,0,NAN,12.76689
9/13/2025 6:30,0,0.001566667,NAN,12.76781
9/13/2025 7:00,0.000916667,0.009016667,0.8426341,12.81049
9/13/2025 7:30,0.001794445,0.02048333,0.8766022,12.90167
9/13/2025 8:00,0.0022,0.03119444,0.9012479,13.00763
9/13/2025 8:30,0.003,0.04196667,0.8999299,13.09217
9/13/2025 9:00,0.003861111,0.05182222,0.8966243,13.17512
9/13/2025 9:30,0.004261111,0.06032222,0.901911,13.27365
9/13/2025 10:00,0.005,0.06683889,0.8962265,13.38073
9/13/2025 10:30,0.005016666,0.07186111,0.9027266,13.45684
9/13/2025 11:00,0.005644444,0.0752,0.8956598,13.69116
9/13/2025 11:30,0.006,0.07737777,0.8919414,13.74142
9/13/2025 12:00,0.006,0.07892778,0.8935862,14.27206
9/13/2025 12:30,0.005799999,0.0779,0.8950056,14.33039
9/13/2025 13:00,0.005127778,0.06875,0.8934704,14.29106
9/13/2025 13:30,0.005177778,0.07489999,0.9015182,14.27892
9/13/2025 14:00,0.004972222,0.0689,0.8968695,14.26386
9/13/2025 14:30,0.004044444,0.06254444,0.9066296,14.24672
9/13/2025 15:00,0.003838889,0.05506111,0.8989511,14.24783
9/13/2025 15:30,0.002683333,0.03985,0.8994237,14.2083
9/13/2025 16:00,0.002555556,0.03923889,0.8991886,14.23535
9/13/2025 16:30,0.001222222,0.0199,0.896499,14.23546
9/13/2025 17:00,7.78E-05,0.004444444,0.9864683,13.54434
9/13/2025 17:30,0,0.000466667,NAN,13.22386
9/13/2025 18:00,0,0,NAN,13.10488
9/13/2025 18:30,0,0,NAN,13.06305
9/13/2025 19:00,0,0,NAN,13.03265
9/13/2025 19:30,0,0,NAN,13.00729
9/13/2025 20:00,0,0,NAN,12.98454
9/13/2025 20:30,0,0,NAN,12.96605
9/13/2025 21:00,0,0,NAN,12.94974
9/13/2025 21:30,0,0,NAN,12.93553
9/13/2025 22:00,0,0,NAN,12.92365
9/13/2025 22:30,0,0,NAN,12.91783
9/13/2025 23:00,0,0,NAN,12.9021
9/13/2025 23:30,0,0,NAN,12.88462
9/14/2025 0:00,0,0,NAN,12.87044
9/14/2025 0:30,0,0,NAN,12.85646
9/14/2025 1:00,0,0,NAN,12.8434
9/14/2025 1:30,0,0,NAN,12.83324
9/14/2025 2:00,0,0,NAN,12.82825
9/14/2025 2:30,0,0,NAN,12.82168
9/14/2025 3:00,0,0,NAN,12.8171
9/14/2025 3:30,0,0,NAN,12.81489
9/14/2025 4:00,0,0,NAN,12.80996
9/14/2025 4:30,0,0,NAN,12.8043
9/14/2025 5:00,0,0,NAN,12.79788
9/14/2025 5:30,0,0,NAN,12.79382
9/14/2025 6:00,0,0,NAN,12.78175
9/14/2025 6:30,0,0.001488889,NAN,12.77849
9/14/2025 7:00,0.000833333,0.00925,0.8670622,12.81684
9/14/2025 7:30,0.00155,0.02094444,0.8957261,12.91827
9/14/2025 8:00,0.002133333,0.03225555,0.9064648,13.02747
9/14/2025 8:30,0.003,0.04328333,0.9025241,13.10233
9/14/2025 9:00,0.003861111,0.05364444,0.8995978,13.17061
9/14/2025 9:30,0.004161111,0.06206111,0.9061765,13.27404
9/14/2025 10:00,0.004983333,0.06851666,0.8983558,13.38159
9/14/2025 10:30,0.005,0.07311666,0.9039699,13.45107
9/14/2025 11:00,0.005599999,0.07651111,0.8974931,13.65627
9/14/2025 11:30,0.006,0.07866666,0.893078,13.704
9/14/2025 12:00,0.006,0.079,0.8932307,14.19629
9/14/2025 12:30,0.006,0.07825,0.8919551,14.24665
9/14/2025 13:00,0.005505555,0.07642222,0.8979511,14.22063
9/14/2025 13:30,0.005005555,0.07335556,0.9025953,14.20441
9/14/2025 14:00,0.004927778,0.06872778,0.8973844,14.18933
9/14/2025 14:30,0.004016667,0.06276111,0.9071241,14.17884
9/14/2025 15:00,0.003672222,0.05514999,0.9030597,14.16637
9/14/2025 15:30,0.002994444,0.04569444,0.9022458,14.16294
9/14/2025 16:00,0.002061111,0.03407222,0.906298,14.16955
9/14/2025 16:30,0.001116667,0.01847778,0.8986668,14.17744
9/14/2025 17:00,2.22E-05,0.004644444,0.9961164,13.48006
9/14/2025 17:30,0,0.000177778,NAN,13.19391
9/14/2025 18:00,0,0,NAN,13.10601
9/14/2025 18:30,0,0,NAN,13.0636
9/14/2025 19:00,0,0,NAN,13.03624
9/14/2025 19:30,0,0,NAN,13.01139
9/14/2025 20:00,0,0,NAN,12.99421
9/14/2025 20:30,0,0,NAN,12.97572
9/14/2025 21:00,0,0,NAN,12.95715
9/14/2025 21:30,0,0,NAN,12.94321
9/14/2025 22:00,0,0,NAN,12.93315
9/14/2025 22:30,0,0,NAN,12.91931
9/14/2025 23:00,0,0,NAN,12.9055
9/14/2025 23:30,0,0,NAN,12.88787
9/15/2025 0:00,0,0,NAN,12.87184
9/15/2025 0:30,0,0,NAN,12.85722
9/15/2025 1:00,0,0,NAN,12.84656
9/15/2025 1:30,0,0,NAN,12.83689
9/15/2025 2:00,0,0,NAN,12.82934
9/15/2025 2:30,0,0,NAN,12.81828
9/15/2025 3:00,0,0,NAN,12.80918
9/15/2025 3:30,0,0,NAN,12.80088
9/15/2025 4:00,0,0,NAN,12.79364
9/15/2025 4:30,0,0,NAN,12.78613
9/15/2025 5:00,0,0,NAN,12.7809
9/15/2025 5:30,0,0,NAN,12.7773
9/15/2025 6:00,0,0,NAN,12.76857
9/15/2025 6:30,0,0.001188889,NAN,12.76765
9/15/2025 7:00,0.001066667,0.009205556,0.8289235,12.80864
9/15/2025 7:30,0.002,0.02022778,0.8593159,12.89711
9/15/2025 8:00,0.002122222,0.03032778,0.9023787,12.99573
9/15/2025 8:30,0.002994444,0.04055,0.8973593,13.0708
9/15/2025 9:00,0.003361111,0.04998333,0.9067834,13.15406
9/15/2025 9:30,0.004,0.05813888,0.9043649,13.25342
9/15/2025 10:00,0.004622222,0.06537222,0.9021184,13.35217
9/15/2025 10:30,0.005,0.07094444,0.9019823,13.42613
9/15/2025 11:00,0.005138888,0.07482222,0.9041868,13.62775
9/15/2025 11:30,0.005888889,0.07689444,0.8933583,13.69679
9/15/2025 12:00,0.006,0.07793888,0.8924583,14.18148
9/15/2025 12:30,0.005944444,0.07672222,0.8912855,14.23029
9/15/2025 13:00,0.005072222,0.07457222,0.9036576,14.19524
9/15/2025 13:30,0.005,0.07153889,0.9005607,14.16882
9/15/2025 14:00,0.004877778,0.06763888,0.8969775,14.13711
9/15/2025 14:30,0.004016667,0.06154444,0.9055089,14.11405
9/15/2025 15:00,0.003483333,0.05369445,0.9056995,14.10309
9/15/2025 15:30,0.002927778,0.04418889,0.9017661,14.09354
9/15/2025 16:00,0.001994445,0.03229444,0.9046849,14.10323
9/15/2025 16:30,0.001,0.01687778,0.9039859,14.1138
9/15/2025 17:00,0,0.003716666,1,13.43441
9/15/2025 17:30,0,7.78E-05,NAN,13.18212
9/15/2025 18:00,0,0,NAN,13.10806
9/15/2025 18:30,0,0,NAN,13.07353
9/15/2025 19:00,0,0,NAN,13.04741
9/15/2025 19:30,0,0,NAN,13.02332
9/15/2025 20:00,0,0,NAN,13.00248
9/15/2025 20:30,0,0,NAN,12.98312
9/15/2025 21:00,0,0,NAN,12.96995
9/15/2025 21:30,0,0,NAN,12.95722
9/15/2025 22:00,0,0,NAN,12.94232
9/15/2025 22:30,0,0,NAN,12.92775
9/15/2025 23:00,0,0,NAN,12.91664
9/15/2025 23:30,0,0,NAN,12.9104
9/16/2025 0:00,0,0,NAN,12.90296
9/16/2025 0:30,0,0,NAN,12.89786
9/16/2025 1:00,0,0,NAN,12.90165
9/16/2025 1:30,0,0,NAN,12.89948
9/16/2025 2:00,0,0,NAN,12.89719
9/16/2025 2:30,0,0,NAN,12.89133
9/16/2025 3:00,0,0,NAN,12.88828
9/16/2025 3:30,0,0,NAN,12.8804
9/16/2025 4:00,0,0,NAN,12.87353
9/16/2025 4:30,0,0,NAN,12.8671
9/16/2025 5:00,0,0,NAN,12.86437
9/16/2025 5:30,0,0,NAN,12.85809
9/16/2025 6:00,0,0,NAN,12.84757
9/16/2025 6:30,0,0.0013,NAN,12.84419
9/16/2025 7:00,0.000683333,0.01282778,0.9231536,12.87679
9/16/2025 7:30,0.001916667,0.02708889,0.8916517,12.9908
9/16/2025 8:00,0.002188889,0.03150555,0.8989426,13.18721
9/16/2025 8:30,0.003027778,0.04255556,0.8972436,13.42029
9/16/2025 9:00,0.003477778,0.05026666,0.9008584,13.7088
9/16/2025 9:30,0.004377778,0.06521111,0.9037663,13.68581
9/16/2025 10:00,0.004972222,0.06911667,0.8973188,13.63487
9/16/2025 10:30,0.005533333,0.07711111,0.8976381,13.64283
9/16/2025 11:00,0.006,0.08142222,0.8946553,13.75006
9/16/2025 11:30,0.006,0.0829,0.8962402,13.80148
9/16/2025 12:00,0.006,0.08314443,0.8963298,14.25049
9/16/2025 12:30,0.006,0.08132778,0.8939249,14.24134
9/16/2025 13:00,0.00575,0.07848889,0.8944328,14.22903
9/16/2025 13:30,0.005061111,0.07507778,0.9019113,14.21197
9/16/2025 14:00,0.005,0.07057222,0.8964277,14.20525
9/16/2025 14:30,0.0042,0.06443889,0.9035971,14.19873
9/16/2025 15:00,0.003683333,0.05656666,0.9025356,14.20282
9/16/2025 15:30,0.003,0.04696111,0.9015452,14.2012
9/16/2025 16:00,0.00205,0.03511111,0.9058095,14.20179
9/16/2025 16:30,0.00105,0.01807222,0.8953797,14.21683
9/16/2025 17:00,1.11E-05,0.004366667,0.99781,13.44538
9/16/2025 17:30,0,0.0001,NAN,13.18193
9/16/2025 18:00,0,0,NAN,13.08321
9/16/2025 18:30,0,0,NAN,13.03749
9/16/2025 19:00,0,0,NAN,13.00698
9/16/2025 19:30,0,0,NAN,12.98371
9/16/2025 20:00,0,0,NAN,12.97218
9/16/2025 20:30,0,0,NAN,12.95901
9/16/2025 21:00,0,0,NAN,12.94201
9/16/2025 21:30,0,0,NAN,12.928
9/16/2025 22:00,0,0,NAN,12.91256
9/16/2025 22:30,0,0,NAN,12.89673
9/16/2025 23:00,0,0,NAN,12.88206
9/16/2025 23:30,0,0,NAN,12.86755
9/17/2025 0:00,0,0,NAN,12.85822
9/17/2025 0:30,0,0,NAN,12.84428
9/17/2025 1:00,0,0,NAN,12.83144
9/17/2025 1:30,0,0,NAN,12.81641
9/17/2025 2:00,0,0,NAN,12.80158
9/17/2025 2:30,0,0,NAN,12.79202
9/17/2025 3:00,0,0,NAN,12.78203
9/17/2025 3:30,0,0,NAN,12.76679
9/17/2025 4:00,0,0,NAN,12.75792
9/17/2025 4:30,0,0,NAN,12.7534
9/17/2025 5:00,0,0,NAN,12.74675
9/17/2025 5:30,0,0,NAN,12.7389
9/17/2025 6:00,0,0,NAN,12.72725
9/17/2025 6:30,0,0.001027778,NAN,12.72532
9/17/2025 7:00,0.001055556,0.009538889,0.8391049,12.76227
9/17/2025 7:30,0.002144445,0.02052778,0.8485439,12.85004
9/17/2025 8:00,0.003,0.03121667,0.8631939,12.94615
9/17/2025 8:30,0.003561111,0.04056666,0.8770034,13.0256
9/17/2025 9:00,0.004,0.04914444,0.8851577,13.12095
9/17/2025 9:30,0.004638889,0.05689444,0.8855855,13.22967
9/17/2025 10:00,0.005,0.06382778,0.8895629,13.3511
9/17/2025 10:30,0.005,0.06982222,0.898524,13.45164
9/17/2025 11:00,0.005522222,0.07425556,0.894835,13.7042
9/17/2025 11:30,0.006,0.07660555,0.889167,13.86088
9/17/2025 12:00,0.006,0.07697777,0.889401,14.34329
9/17/2025 12:30,0.006,0.07571667,0.8873076,14.30916
9/17/2025 13:00,0.005338889,0.07290555,0.8951813,14.28378
9/17/2025 13:30,0.005,0.06952222,0.8963617,14.26659
9/17/2025 14:00,0.004688889,0.06531667,0.8961328,14.24529
9/17/2025 14:30,0.004,0.05991667,0.9020806,14.23425
9/17/2025 15:00,0.003288889,0.05266111,0.9074159,14.22643
9/17/2025 15:30,0.00285,0.04386667,0.9019846,14.22894
9/17/2025 16:00,0.001988889,0.03278889,0.9039131,14.23385
9/17/2025 16:30,0.000916667,0.01699444,0.9100093,14.24083
9/17/2025 17:00,0,0.003611111,NAN,13.46948
9/17/2025 17:30,0,2.78E-05,NAN,13.19367
9/17/2025 18:00,0,0,NAN,13.0942
9/17/2025 18:30,0,0,NAN,13.04673
9/17/2025 19:00,0,0,NAN,13.01392
9/17/2025 19:30,0,0,NAN,12.98559
9/17/2025 20:00,0,0,NAN,12.96604
9/17/2025 20:30,0,0,NAN,12.95338
9/17/2025 21:00,0,0,NAN,12.9347
9/17/2025 21:30,0,0,NAN,12.91722
9/17/2025 22:00,0,0,NAN,12.89866
9/17/2025 22:30,0,0,NAN,12.88028
9/17/2025 23:00,0,0,NAN,12.86882
9/17/2025 23:30,0,0,NAN,12.85492
9/18/2025 0:00,0,0,NAN,12.84694
9/18/2025 0:30,0,0,NAN,12.83334
9/18/2025 1:00,0,0,NAN,12.81932
9/18/2025 1:30,0,0,NAN,12.80557
9/18/2025 2:00,0,0,NAN,12.79325
9/18/2025 2:30,0,0,NAN,12.78247
9/18/2025 3:00,0,0,NAN,12.77459
9/18/2025 3:30,0,0,NAN,12.76764
9/18/2025 4:00,0,0,NAN,12.75767
9/18/2025 4:30,0,0,NAN,12.74934
9/18/2025 5:00,0,0,NAN,12.74221
9/18/2025 5:30,0,0,NAN,12.73748
9/18/2025 6:00,0,0,NAN,12.73105
9/18/2025 6:30,0,0.001072222,NAN,12.7299
9/18/2025 7:00,0.001294445,0.008911111,0.7934728,12.77179
9/18/2025 7:30,0.0026,0.02002778,0.8176978,12.87437
9/18/2025 8:00,0.003,0.03055,0.8613827,12.96372
9/18/2025 8:30,0.003033333,0.03971666,0.8919678,13.0303
9/18/2025 9:00,0.003961111,0.04838333,0.88506,13.13007
9/18/2025 9:30,0.004122222,0.05592222,0.8963217,13.24354
9/18/2025 10:00,0.004977778,0.06281666,0.8888561,13.36195
9/18/2025 10:30,0.004883333,0.06661111,0.8964533,13.49987
9/18/2025 11:00,0.005305556,0.07126111,0.8946667,13.83539
9/18/2025 11:30,0.005583333,0.07582777,0.8957196,14.11304
9/18/2025 12:00,0.004888889,0.06405,0.8909816,14.30894
9/18/2025 12:30,0.004605555,0.05795,0.8858165,14.28908
9/18/2025 13:00,0.004494444,0.06013333,0.892778,14.26326
9/18/2025 13:30,0.004661111,0.06340556,0.8978502,14.21231
9/18/2025 14:00,0.002966667,0.04200555,0.9008499,14.17041
9/18/2025 14:30,0.004233333,0.06103333,0.8983845,14.20415
9/18/2025 15:00,0.002544445,0.03838889,0.9083546,13.9389
9/18/2025 15:30,0.002005556,0.03192222,0.9250573,13.664
9/18/2025 16:00,0.00095,0.01621667,0.9249736,13.64567
9/18/2025 16:30,0.000422222,0.008827778,0.9680186,13.45811
9/18/2025 17:00,0,0.001333333,NAN,13.30278
9/18/2025 17:30,0,0,NAN,13.13688
9/18/2025 18:00,0,0,NAN,13.07118
9/18/2025 18:30,0,0,NAN,13.03815
9/18/2025 19:00,0,0,NAN,13.01555
9/18/2025 19:30,0,0,NAN,12.99888
9/18/2025 20:00,0,0,NAN,12.98129
9/18/2025 20:30,0,0,NAN,12.97314
9/18/2025 21:00,0,0,NAN,12.95845
9/18/2025 21:30,0,0,NAN,12.94055
9/18/2025 22:00,0,0,NAN,12.92304
9/18/2025 22:30,0,0,NAN,12.9025
9/18/2025 23:00,0,0,NAN,12.88384
9/18/2025 23:30,0,0,NAN,12.86672
9/19/2025 0:00,0,0,NAN,12.86042
9/19/2025 0:30,0,0,NAN,12.8495
9/19/2025 1:00,0,0,NAN,12.84085
9/19/2025 1:30,0,0,NAN,12.8372
9/19/2025 2:00,0,0,NAN,12.83344
9/19/2025 2:30,0,0,NAN,12.83035
9/19/2025 3:00,0,0,NAN,12.82835
9/19/2025 3:30,0,0,NAN,12.83029
9/19/2025 4:00,0,0,NAN,12.83035
9/19/2025 4:30,0,0,NAN,12.82891
9/19/2025 5:00,0,0,NAN,12.82917
9/19/2025 5:30,0,0,NAN,12.82655
9/19/2025 6:00,0,0,NAN,12.82412
9/19/2025 6:30,0,0.000666667,NAN,12.81956
9/19/2025 7:00,0,0.003844444,1,12.83056
9/19/2025 7:30,0.001405556,0.02032778,0.8960248,12.89282
9/19/2025 8:00,0.001494444,0.01960555,0.8836242,13.34609
9/19/2025 8:30,0.001177778,0.01621667,0.8948265,13.42341
9/19/2025 9:00,0.001205556,0.01897222,0.9093202,13.50708
9/19/2025 9:30,0.001133333,0.01746111,0.9070579,13.5755
9/19/2025 10:00,0.001005556,0.01758333,0.9167003,13.58363
9/19/2025 10:30,0.001861111,0.02511667,0.8959395,13.62
9/19/2025 11:00,0.003288889,0.03937222,0.8816227,13.90479
9/19/2025 11:30,0.003522222,0.04332222,0.8859958,14.25933
9/19/2025 12:00,0.003622222,0.04605556,0.8888893,14.27469
9/19/2025 12:30,0.003872222,0.04775555,0.8852003,14.26045
9/19/2025 13:00,0.00245,0.03021666,0.8817575,14.06964
9/19/2025 13:30,0.002388889,0.03041667,0.8872291,14.05913
9/19/2025 14:00,0.004944444,0.06378888,0.8902314,14.22629
9/19/2025 14:30,0.003722222,0.05028888,0.8944777,14.21888
9/19/2025 15:00,0.002038889,0.02750555,0.8974985,14.20284
9/19/2025 15:30,0.00195,0.02567222,0.8761309,13.95838
9/19/2025 16:00,0.000488889,0.007716666,0.9155331,13.52011
9/19/2025 16:30,5.56E-06,0.004588889,0.9987451,13.3112
9/19/2025 17:00,0,0.001388889,1,13.14582
9/19/2025 17:30,0,1.11E-05,NAN,13.08272
9/19/2025 18:00,0,0,NAN,13.05068
9/19/2025 18:30,0,0,NAN,13.02799
9/19/2025 19:00,0,0,NAN,13.00773
9/19/2025 19:30,0,0,NAN,12.99567
9/19/2025 20:00,0,0,NAN,12.97946
9/19/2025 20:30,0,0,NAN,12.96116
9/19/2025 21:00,0,0,NAN,12.94015
9/19/2025 21:30,0,0,NAN,12.92241
9/19/2025 22:00,0,0,NAN,12.90451
9/19/2025 22:30,0,0,NAN,12.8904
9/19/2025 23:00,0,0,NAN,12.8792
9/19/2025 23:30,0,0,NAN,12.87735
9/20/2025 0:00,0,0,NAN,12.87277
9/20/2025 0:30,0,0,NAN,12.86572
9/20/2025 1:00,0,0,NAN,12.85762
9/20/2025 1:30,0,0,NAN,12.84704
9/20/2025 2:00,0,0,NAN,12.83945
9/20/2025 2:30,0,0,NAN,12.83051
9/20/2025 3:00,0,0,NAN,12.82589
9/20/2025 3:30,0,0,NAN,12.81642
9/20/2025 4:00,0,0,NAN,12.80722
9/20/2025 4:30,0,0,NAN,12.80071
9/20/2025 5:00,0,0,NAN,12.79399
9/20/2025 5:30,0,0,NAN,12.78726
9/20/2025 6:00,0,0,NAN,12.77958
9/20/2025 6:30,0,0.000722222,NAN,12.77283
9/20/2025 7:00,0.000538889,0.007555555,0.9189208,12.79749
9/20/2025 7:30,0.001161111,0.01942222,0.9139953,12.88216
9/20/2025 8:00,0.002011111,0.03057778,0.9068609,12.9668
9/20/2025 8:30,0.002872222,0.04186666,0.9046518,13.04661
9/20/2025 9:00,0.003611111,0.05226111,0.9043872,13.13494
9/20/2025 9:30,0.004055555,0.0607,0.9068955,13.21996
9/20/2025 10:00,0.004961111,0.06787778,0.898428,13.32069
9/20/2025 10:30,0.0051,0.07340555,0.9030073,13.40988
9/20/2025 11:00,0.005688888,0.07586111,0.8954988,13.62855
9/20/2025 11:30,0.006,0.07703888,0.8913773,13.82859
9/20/2025 12:00,0.006,0.07757222,0.8917385,14.26467
9/20/2025 12:30,0.006,0.07663888,0.8902254,14.23519
9/20/2025 13:00,0.005288889,0.07438333,0.8995684,14.21327
9/20/2025 13:30,0.005,0.07086111,0.8996994,14.17854
9/20/2025 14:00,0.004944444,0.06613889,0.8934352,14.1635
9/20/2025 14:30,0.004038889,0.06008888,0.9028416,14.1482
9/20/2025 15:00,0.003494445,0.05227222,0.9027048,14.14359
9/20/2025 15:30,0.002883333,0.04276111,0.8995222,14.14109
9/20/2025 16:00,0.001972222,0.03103333,0.9005048,14.14338
9/20/2025 16:30,0.000805556,0.01435556,0.9117158,14.15421
9/20/2025 17:00,0,0.002077778,NAN,13.32019
9/20/2025 17:30,0,0,NAN,13.14649
9/20/2025 18:00,0,0,NAN,13.08418
9/20/2025 18:30,0,0,NAN,13.05473
9/20/2025 19:00,0,0,NAN,13.02622
9/20/2025 19:30,0,0,NAN,13.00413
9/20/2025 20:00,0,0,NAN,12.98406
9/20/2025 20:30,0,0,NAN,12.9641
9/20/2025 21:00,0,0,NAN,12.94511
9/20/2025 21:30,0,0,NAN,12.93138
9/20/2025 22:00,0,0,NAN,12.91536
9/20/2025 22:30,0,0,NAN,12.90098
9/20/2025 23:00,0,0,NAN,12.89208
9/20/2025 23:30,0,0,NAN,12.87842
9/21/2025 0:00,0,0,NAN,12.86403
9/21/2025 0:30,0,0,NAN,12.85141
9/21/2025 1:00,0,0,NAN,12.83889
9/21/2025 1:30,0,0,NAN,12.82688
9/21/2025 2:00,0,0,NAN,12.81505
9/21/2025 2:30,0,0,NAN,12.80824
9/21/2025 3:00,0,0,NAN,12.79858
9/21/2025 3:30,0,0,NAN,12.79085
9/21/2025 4:00,0,0,NAN,12.78443
9/21/2025 4:30,0,0,NAN,12.77658
9/21/2025 5:00,0,0,NAN,12.76939
9/21/2025 5:30,0,0,NAN,12.76415
9/21/2025 6:00,0,5.56E-06,NAN,12.75581
9/21/2025 6:30,0,0.001833333,NAN,12.75684
9/21/2025 7:00,0.001316667,0.009855555,0.8040351,12.8035
9/21/2025 7:30,0.001555556,0.01385,0.8408791,12.9409
9/21/2025 8:00,0.001688889,0.01933889,0.8797652,13.06432
9/21/2025 8:30,0.003072222,0.03931111,0.889892,13.24318
9/21/2025 9:00,0.003622222,0.04471111,0.8846492,13.73853
9/21/2025 9:30,0.003,0.03463889,0.8751923,14.2825
9/21/2025 10:00,0.003216667,0.04132222,0.8881356,14.29448
9/21/2025 10:30,0.005033333,0.07037777,0.8987838,14.33131
9/21/2025 11:00,0.005161111,0.06782222,0.8919907,14.31943
9/21/2025 11:30,0.005172222,0.06958333,0.8951057,14.29553
9/21/2025 12:00,0.005172222,0.06831111,0.8925745,14.27938
9/21/2025 12:30,0.004583333,0.05918888,0.8907537,14.24848
9/21/2025 13:00,0.005372222,0.07236111,0.8943787,14.21436
9/21/2025 13:30,0.004433333,0.05793889,0.8901861,14.18841
9/21/2025 14:00,0.003455556,0.04612222,0.8913804,14.16879
9/21/2025 14:30,0.00245,0.03463333,0.8968019,14.17931
9/21/2025 15:00,0.001833333,0.02610555,0.8981692,14.19291
9/21/2025 15:30,0.000994445,0.01235,0.8784496,13.57805
9/21/2025 16:00,0.000222222,0.006733333,0.9596469,13.3561
9/21/2025 16:30,0,0.004777778,1,13.29739
9/21/2025 17:00,0,0.001527778,NAN,13.19396
9/21/2025 17:30,0,0,NAN,13.10322
9/21/2025 18:00,0,0,NAN,13.05896
9/21/2025 18:30,0,0,NAN,13.03934
9/21/2025 19:00,0,0,NAN,13.01737
9/21/2025 19:30,0,0,NAN,12.99868
9/21/2025 20:00,0,0,NAN,12.98369
9/21/2025 20:30,0,0,NAN,12.96843
9/21/2025 21:00,0,0,NAN,12.95471
9/21/2025 21:30,0,0,NAN,12.94039
9/21/2025 22:00,0,0,NAN,12.92385
9/21/2025 22:30,0,0,NAN,12.91715
9/21/2025 23:00,0,0,NAN,12.90643
9/21/2025 23:30,0,0,NAN,12.89442
9/22/2025 0:00,0,0,NAN,12.88762
9/22/2025 0:30,0,0,NAN,12.87858
9/22/2025 1:00,0,0,NAN,12.87026
9/22/2025 1:30,0,0,NAN,12.85995
9/22/2025 2:00,0,0,NAN,12.85397
9/22/2025 2:30,0,0,NAN,12.84863
9/22/2025 3:00,0,0,NAN,12.83704
9/22/2025 3:30,0,0,NAN,12.82556
9/22/2025 4:00,0,0,NAN,12.81437
9/22/2025 4:30,0,0,NAN,12.80545
9/22/2025 5:00,0,0,NAN,12.7973
9/22/2025 5:30,0,0,NAN,12.79325
9/22/2025 6:00,0,0,NAN,12.79064
9/22/2025 6:30,0,0.000105556,NAN,12.78428
9/22/2025 7:00,0,0.002488889,NAN,12.78947
9/22/2025 7:30,0.000711111,0.01115556,0.9495564,12.82809
9/22/2025 8:00,0.001716667,0.02353889,0.8938615,12.93537
9/22/2025 8:30,0.001,0.01275,0.8840958,13.1764
9/22/2025 9:00,0.001033333,0.01186667,0.8671606,13.17615
9/22/2025 9:30,0.001922222,0.02527222,0.8896239,13.29755
9/22/2025 10:00,0.001355556,0.01699444,0.8810096,13.5735
9/22/2025 10:30,0.00265,0.0331,0.886201,13.73848
9/22/2025 11:00,0.002961111,0.03729444,0.8872012,14.06764
9/22/2025 11:30,0.001533333,0.02124444,0.8976654,13.93901
9/22/2025 12:00,0.001961111,0.02343889,0.8791701,13.94699
9/22/2025 12:30,0.0022,0.02913333,0.8912401,14.00866
9/22/2025 13:00,0.00405,0.05117222,0.8880284,14.30132
9/22/2025 13:30,0.002994444,0.03819444,0.8916072,14.27379
9/22/2025 14:00,0.004955556,0.06375,0.8895603,14.20524
9/22/2025 14:30,0.004977778,0.06508888,0.8905991,14.16224
9/22/2025 15:00,0.003177778,0.0427,0.8940452,14.14686
9/22/2025 15:30,0.001344444,0.01838889,0.8934836,13.82284
9/22/2025 16:00,0.000438889,0.007605555,0.9278964,13.63692
9/22/2025 16:30,5.56E-06,0.004605555,0.998755,13.40206
9/22/2025 17:00,0,0.000872222,NAN,13.23635
9/22/2025 17:30,0,0,NAN,13.11965
9/22/2025 18:00,0,0,NAN,13.06819
9/22/2025 18:30,0,0,NAN,13.04276
9/22/2025 19:00,0,0,NAN,13.02739
9/22/2025 19:30,0,0,NAN,13.00969
9/22/2025 20:00,0,0,NAN,12.99123
9/22/2025 20:30,0,0,NAN,12.97754
9/22/2025 21:00,0,0,NAN,12.95925
9/22/2025 21:30,0,0,NAN,12.93869
9/22/2025 22:00,0,0,NAN,12.91604
9/22/2025 22:30,0,0,NAN,12.9036
9/22/2025 23:00,0,0,NAN,12.88887
9/22/2025 23:30,0,0,NAN,12.87696
9/23/2025 0:00,0,0,NAN,12.87324
9/23/2025 0:30,0,0,NAN,12.86839
9/23/2025 1:00,0,0,NAN,12.86144
9/23/2025 1:30,0,0,NAN,12.85212
9/23/2025 2:00,0,0,NAN,12.84505
9/23/2025 2:30,0,0,NAN,12.83976
9/23/2025 3:00,0,0,NAN,12.8296
9/23/2025 3:30,0,0,NAN,12.818
9/23/2025 4:00,0,0,NAN,12.80985
9/23/2025 4:30,0,0,NAN,12.80254
9/23/2025 5:00,0,0,NAN,12.79527
9/23/2025 5:30,0,0,NAN,12.78938
9/23/2025 6:00,0,0,NAN,12.78805
9/23/2025 6:30,0,0.000288889,NAN,12.77839
9/23/2025 7:00,5.56E-06,0.003733333,0.998712,12.78728
9/23/2025 7:30,0.000616667,0.009938888,0.9213791,12.85718
9/23/2025 8:00,0.000655556,0.01030555,0.9374925,12.94956
9/23/2025 8:30,0.00295,0.03877222,0.8905001,13.05046
9/23/2025 9:00,0.003227778,0.04477222,0.9000702,13.5265
9/23/2025 9:30,0.004266667,0.05817222,0.898844,13.51496
9/23/2025 10:00,0.005,0.06543333,0.89446,13.50855
9/23/2025 10:30,0.005788888,0.07002223,0.885942,13.55716
9/23/2025 11:00,0.006038888,0.07253888,0.8845075,13.73398
9/23/2025 11:30,0.006488889,0.07436112,0.8790253,13.89625
9/23/2025 12:00,0.006505555,0.07426666,0.8781772,14.22337
9/23/2025 12:30,0.006516667,0.07348888,0.8757772,14.23867
9/23/2025 13:00,0.006288889,0.07212777,0.8771236,14.24369
9/23/2025 13:30,0.006055555,0.06877222,0.8755915,14.24176
9/23/2025 14:00,0.0059,0.06415,0.8690462,14.2586
9/23/2025 14:30,0.005055555,0.05743333,0.8729108,14.28017
9/23/2025 15:00,0.004322222,0.04965555,0.8720476,14.28267
9/23/2025 15:30,0.003566667,0.04012222,0.8661532,14.3084
9/23/2025 16:00,0.002488889,0.02784444,0.8587486,14.32583
9/23/2025 16:30,0.000927778,0.01180556,0.8715421,14.35007
9/23/2025 17:00,0,0.001538889,NAN,13.35879
9/23/2025 17:30,0,0,NAN,13.14886
9/23/2025 18:00,0,0,NAN,13.07367
9/23/2025 18:30,0,0,NAN,13.03705
9/23/2025 19:00,0,0,NAN,13.01217
9/23/2025 19:30,0,0,NAN,12.98707
9/23/2025 20:00,0,0,NAN,12.96531
9/23/2025 20:30,0,0,NAN,12.94365
9/23/2025 21:00,0,0,NAN,12.92134
9/23/2025 21:30,0,0,NAN,12.89507
9/23/2025 22:00,0,0,NAN,12.87888
9/23/2025 22:30,0,0,NAN,12.85903
9/23/2025 23:00,0,0,NAN,12.8399
9/23/2025 23:30,0,0,NAN,12.82404
9/24/2025 0:00,0,0,NAN,12.81089
9/24/2025 0:30,0,0,NAN,12.7977
9/24/2025 1:00,0,0,NAN,12.78934
9/24/2025 1:30,0,0,NAN,12.78215
9/24/2025 2:00,0,0,NAN,12.76905
9/24/2025 2:30,0,0,NAN,12.75602
9/24/2025 3:00,0,0,NAN,12.74331
9/24/2025 3:30,0,0,NAN,12.73259
9/24/2025 4:00,0,0,NAN,12.72486
9/24/2025 4:30,0,0,NAN,12.71913
9/24/2025 5:00,0,0,NAN,12.711
9/24/2025 5:30,0,0,NAN,12.70435
9/24/2025 6:00,0,0,NAN,12.69778
9/24/2025 6:30,0,0.000522222,NAN,12.69159
9/24/2025 7:00,0.000611111,0.007127778,0.8930895,12.71203
9/24/2025 7:30,0.001866667,0.01841111,0.8520415,12.80856
9/24/2025 8:00,0.003,0.02834444,0.8480641,12.90011
9/24/2025 8:30,0.003544444,0.03756667,0.8670678,12.98544
9/24/2025 9:00,0.004111111,0.0456,0.8727549,13.07457
9/24/2025 9:30,0.004994444,0.05219444,0.8656816,13.19414
9/24/2025 10:00,0.005422222,0.05808888,0.8691795,13.31675
9/24/2025 10:30,0.006,0.06272222,0.8659005,13.45993
9/24/2025 11:00,0.006,0.06626111,0.8724736,13.7523
9/24/2025 11:30,0.006,0.06878889,0.8767248,13.82649
9/24/2025 12:00,0.006,0.07,0.8784475,14.45541
9/24/2025 12:30,0.006,0.0694,0.8771639,14.4429
9/24/2025 13:00,0.006,0.06700555,0.8726808,14.42477
9/24/2025 13:30,0.005966667,0.06402222,0.8671703,14.41781
9/24/2025 14:00,0.005122222,0.0601,0.8770499,14.40475
9/24/2025 14:30,0.004655555,0.05435555,0.8756047,14.38908
9/24/2025 15:00,0.003972223,0.04757222,0.8764494,14.38519
9/24/2025 15:30,0.003038889,0.03904444,0.8815106,14.39343
9/24/2025 16:00,0.002116667,0.02739444,0.8770233,14.3899
9/24/2025 16:30,0.000711111,0.01048333,0.9015113,13.91277
9/24/2025 17:00,0,0.001194444,NAN,13.46543
9/24/2025 17:30,0,0,NAN,13.18314
9/24/2025 18:00,0,0,NAN,13.07194
9/24/2025 18:30,0,0,NAN,13.01745
9/24/2025 19:00,0,0,NAN,12.98158
9/24/2025 19:30,0,0,NAN,12.95387
9/24/2025 20:00,0,0,NAN,12.92889
9/24/2025 20:30,0,0,NAN,12.9049
9/24/2025 21:00,0,0,NAN,12.88926
9/24/2025 21:30,0,0,NAN,12.86694
9/24/2025 22:00,0,0,NAN,12.84647
9/24/2025 22:30,0,0,NAN,12.83021
9/24/2025 23:00,0,0,NAN,12.8157
9/24/2025 23:30,0,0,NAN,12.80224
9/25/2025 0:00,0,0,NAN,12.78999
9/25/2025 0:30,0,0,NAN,12.77759
9/25/2025 1:00,0,0,NAN,12.76699
9/25/2025 1:30,0,0,NAN,12.75987
9/25/2025 2:00,0,0,NAN,12.75115
9/25/2025 2:30,0,0,NAN,12.74038
9/25/2025 3:00,0,0,NAN,12.72712
9/25/2025 3:30,0,0,NAN,12.7211
9/25/2025 4:00,0,0,NAN,12.71351
9/25/2025 4:30,0,0,NAN,12.7066
9/25/2025 5:00,0,0,NAN,12.70053
9/25/2025 5:30,0,0,NAN,12.69664
9/25/2025 6:00,0,0,NAN,12.69238
9/25/2025 6:30,0,0.000455556,NAN,12.68695
9/25/2025 7:00,0.000622222,0.006355555,0.8813989,12.70121
9/25/2025 7:30,0.002055556,0.0171,0.8297327,12.78591
9/25/2025 8:00,0.003016667,0.02720555,0.8443811,12.87483
9/25/2025 8:30,0.00385,0.03718333,0.8569992,12.95681
9/25/2025 9:00,0.004,0.04547222,0.8774992,13.06305
9/25/2025 9:30,0.004694444,0.05274444,0.8767361,13.18626
9/25/2025 10:00,0.005,0.05895555,0.8819897,13.31181
9/25/2025 10:30,0.005683333,0.0642,0.8772468,13.45126
9/25/2025 11:00,0.006,0.06781667,0.8769314,13.73059
9/25/2025 11:30,0.006033333,0.06974445,0.8792564,13.82118
9/25/2025 12:00,0.006483333,0.07065,0.8720444,14.45787
9/25/2025 12:30,0.006316666,0.06977221,0.8733079,14.43122
9/25/2025 13:00,0.006,0.0677,0.8752943,14.40065
9/25/2025 13:30,0.006,0.06384444,0.8675244,14.36864
9/25/2025 14:00,0.005211111,0.05888333,0.8739108,14.34448
9/25/2025 14:30,0.004755555,0.05287778,0.8706794,14.329
9/25/2025 15:00,0.003994444,0.04540555,0.8712046,14.32498
9/25/2025 15:30,0.003077778,0.03691667,0.8746697,14.31663
9/25/2025 16:00,0.002122222,0.02540556,0.8679499,14.32676
9/25/2025 16:30,0.000644445,0.009761111,0.905044,14.33433
9/25/2025 17:00,0,0.001111111,NAN,13.41528
9/25/2025 17:30,0,0,NAN,13.17704
9/25/2025 18:00,0,0,NAN,13.07683
9/25/2025 18:30,0,0,NAN,13.03046
9/25/2025 19:00,0,0,NAN,12.99811
9/25/2025 19:30,0,0,NAN,12.97666
9/25/2025 20:00,0,0,NAN,12.95416
9/25/2025 20:30,0,0,NAN,12.93232
9/25/2025 21:00,0,0,NAN,12.91091
9/25/2025 21:30,0,0,NAN,12.89238
9/25/2025 22:00,0,0,NAN,12.87467
9/25/2025 22:30,0,0,NAN,12.8591
9/25/2025 23:00,0,0,NAN,12.84089
9/25/2025 23:30,0,0,NAN,12.82421
9/26/2025 0:00,0,0,NAN,12.812
9/26/2025 0:30,0,0,NAN,12.79911
9/26/2025 1:00,0,0,NAN,12.78656
9/26/2025 1:30,0,0,NAN,12.7752
9/26/2025 2:00,0,0,NAN,12.76797
9/26/2025 2:30,0,0,NAN,12.7612
9/26/2025 3:00,0,0,NAN,12.75511
9/26/2025 3:30,0,0,NAN,12.74682
9/26/2025 4:00,0,0,NAN,12.73793
9/26/2025 4:30,0,0,NAN,12.73013
9/26/2025 5:00,0,0,NAN,12.72256
9/26/2025 5:30,0,0,NAN,12.71872
9/26/2025 6:00,0,0,NAN,12.71542
9/26/2025 6:30,0,0.000461111,NAN,12.71008
9/26/2025 7:00,0.000611111,0.005977778,0.8754247,12.72317
9/26/2025 7:30,0.002211111,0.01675555,0.8108225,12.80789
9/26/2025 8:00,0.003194444,0.02695,0.8321325,12.89751
9/26/2025 8:30,0.004,0.03666111,0.8466245,12.9879
9/26/2025 9:00,0.004011111,0.04457222,0.8728476,13.1114
9/26/2025 9:30,0.00485,0.05181666,0.8687012,13.23485
9/26/2025 10:00,0.005166667,0.05836111,0.8756607,13.34997
9/26/2025 10:30,0.006,0.06362222,0.8679404,13.4858
9/26/2025 11:00,0.006222222,0.06766111,0.8710229,13.75143
9/26/2025 11:30,0.006994444,0.06989444,0.8602026,13.9361
9/26/2025 12:00,0.007,0.07097222,0.8617768,14.39503
9/26/2025 12:30,0.007,0.07013333,0.8597634,14.35531
9/26/2025 13:00,0.006538888,0.06812222,0.8642066,14.31903
9/26/2025 13:30,,,,
9/26/2025 14:00,NAN,0,NAN,12.87331
9/26/2025 14:30,NAN,0.07661666,NAN,12.86996
9/26/2025 15:00,0.01336667,0.06763888,NAN,13.48842
9/26/2025 15:30,0.01174444,0.06033333,NAN,13.80101
9/26/2025 16:00,0.0048,0.02652778,NAN,13.44227
9/26/2025 16:30,0.008183333,0.04671666,NAN,13.89219
9/26/2025 17:00,0.006916667,0.04234444,NAN,13.90992
9/26/2025 17:30,0.005433333,0.03545555,NAN,13.90169
9/26/2025 18:00,0.003744444,0.02776667,NAN,13.90811
9/26/2025 18:30,0.001944444,0.01636667,NAN,13.49973
9/26/2025 19:00,0.000394444,0.0042,NAN,13.26136
9/26/2025 19:30,0,0.00015,NAN,13.17953
9/26/2025 20:00,0,0,NAN,13.14858
9/26/2025 20:30,0,0,NAN,13.12652
9/26/2025 21:00,0,0,NAN,13.10659
9/26/2025 21:30,0,0,NAN,13.09234
9/26/2025 22:00,0,0,NAN,13.08188
9/26/2025 22:30,0,0,NAN,13.06832
9/26/2025 23:00,0,0,NAN,13.05847
9/26/2025 23:30,0,0,NAN,13.04814
9/27/2025 0:00,0,0,NAN,13.03917
9/27/2025 0:30,0,0,NAN,13.02735
9/27/2025 1:00,0,0,NAN,13.01417
9/27/2025 1:30,0,0,NAN,13.00845
9/27/2025 2:00,0,0,NAN,13.00008
9/27/2025 2:30,0,0,NAN,12.99182
9/27/2025 3:00,0,0,NAN,12.98181
9/27/2025 3:30,0,0,NAN,12.97744
9/27/2025 4:00,0,0,NAN,12.97233
9/27/2025 4:30,0,0,NAN,12.96403
9/27/2025 5:00,0,0,NAN,12.95799
9/27/2025 5:30,0,0,NAN,12.95113
9/27/2025 6:00,0,0,NAN,12.94456
9/27/2025 6:30,0,0,NAN,12.93707
9/27/2025 7:00,0,0,NAN,12.93534
9/27/2025 7:30,0,0.0005,NAN,12.92426
9/27/2025 8:00,0.000461111,0.004777777,NAN,12.93967
9/27/2025 8:30,0.002477778,0.01604444,NAN,12.99388
9/27/2025 9:00,0.004466666,0.02606111,NAN,13.05854
9/27/2025 9:30,0.006311111,0.03557778,NAN,13.15022
9/27/2025 10:00,0.008116666,0.04394444,NAN,13.21686
9/27/2025 10:30,0.009733332,0.05091667,NAN,13.23858
9/27/2025 11:00,0.01134444,0.05667222,NAN,13.25388
9/27/2025 11:30,0.01258889,0.06096666,NAN,13.27983
9/27/2025 12:00,0.01350556,0.06341111,NAN,13.30531
9/27/2025 12:30,0.01403889,0.0651,NAN,13.39218
9/27/2025 13:00,0.01490556,0.06587222,NAN,13.40005
9/27/2025 13:30,0.01496111,0.06550555,NAN,13.59279
9/27/2025 14:00,0.01406667,0.06434444,NAN,14.00556
9/27/2025 14:30,0.01382222,0.06285556,NAN,13.98589
9/27/2025 15:00,0.01291667,0.06157777,NAN,13.9583
9/27/2025 15:30,0.01107222,0.05523889,NAN,13.93145
9/27/2025 16:00,0.005261111,0.02666667,NAN,13.92382
9/27/2025 16:30,0.008172222,0.04458888,NAN,13.92408
9/27/2025 17:00,0.005027778,0.02920556,NAN,13.61435
9/27/2025 17:30,0.000988889,0.004927778,NAN,13.36575
9/27/2025 18:00,0.002577778,0.01449444,NAN,13.37065
9/27/2025 18:30,0.002461111,0.01822778,NAN,13.53193
9/27/2025 19:00,0.00025,0.003083333,NAN,13.2677
9/27/2025 19:30,0,0,NAN,13.17609
9/27/2025 20:00,0,0,NAN,13.14558
9/27/2025 20:30,0,0,NAN,13.12291
9/27/2025 21:00,0,0,NAN,13.10998
9/27/2025 21:30,0,0,NAN,13.09578
9/27/2025 22:00,0,0,NAN,13.08298
9/27/2025 22:30,0,0,NAN,13.07431
9/27/2025 23:00,0,0,NAN,13.0614
9/27/2025 23:30,0,0,NAN,13.05001
9/28/2025 0:00,0,0,NAN,13.04012
9/28/2025 0:30,0,0,NAN,13.03471
9/28/2025 1:00,0,0,NAN,13.02414
9/28/2025 1:30,0,0,NAN,13.01521
9/28/2025 2:00,0,0,NAN,13.00213
9/28/2025 2:30,0,0,NAN,12.99553
9/28/2025 3:00,0,0,NAN,12.98885
9/28/2025 3:30,0,0,NAN,12.98337
9/28/2025 4:00,0,0,NAN,12.98122
9/28/2025 4:30,0,0,NAN,12.97733
9/28/2025 5:00,0,0,NAN,12.96918
9/28/2025 5:30,0,0,NAN,12.96111
9/28/2025 6:00,0,0,NAN,12.95712
9/28/2025 6:30,0,0,NAN,12.9493
9/28/2025 7:00,0,0,NAN,12.94467
9/28/2025 7:30,0,0,NAN,12.93599
9/28/2025 8:00,3.89E-05,0.000844444,NAN,12.93725
9/28/2025 8:30,0.00055,0.002655556,NAN,12.97489
9/28/2025 9:00,0.001788889,0.007983332,NAN,13.01242
9/28/2025 9:30,0.006833333,0.02810555,NAN,13.14699
9/28/2025 10:00,0.0044,0.01755556,NAN,13.34958
9/28/2025 10:30,0.005116667,0.01946111,NAN,13.49432
9/28/2025 11:00,0.0042,0.01598333,NAN,13.72102
9/28/2025 11:30,0.004922222,0.01881667,NAN,13.70481
9/28/2025 12:00,0.01037778,0.03747778,NAN,14.10582
9/28/2025 12:30,0.01319444,0.0473,NAN,13.8362
9/28/2025 13:00,0.01619444,0.05606111,NAN,13.76643
9/28/2025 13:30,0.0113,0.03860556,NAN,14.05297
9/28/2025 14:00,0.00595,0.0203,NAN,14.03878
9/28/2025 14:30,0.006266667,0.02186667,NAN,14.03505
9/28/2025 15:00,0.008611111,0.02854444,NAN,14.05764
9/28/2025 15:30,0.008177778,0.02882778,NAN,14.05362
9/28/2025 16:00,0.009772222,0.03676111,NAN,14.03115
9/28/2025 16:30,0.009522221,0.03867222,NAN,14.02238
9/28/2025 17:00,0.00445,0.01810556,NAN,13.90558
9/28/2025 17:30,0.001511111,0.0062,NAN,13.61818
9/28/2025 18:00,0.0032,0.01618889,NAN,14.05906
9/28/2025 18:30,0.001172222,0.005483333,NAN,13.44002
9/28/2025 19:00,0,0.001511111,NAN,13.30925
9/28/2025 19:30,0,1.11E-05,NAN,13.16897
9/28/2025 20:00,0,0,NAN,13.1306
9/28/2025 20:30,0,0,NAN,13.10696
9/28/2025 21:00,0,0,NAN,13.08953
9/28/2025 21:30,0,0,NAN,13.07807
9/28/2025 22:00,0,0,NAN,13.06188
9/28/2025 22:30,0,0,NAN,13.04761
9/28/2025 23:00,0,0,NAN,13.03127
9/28/2025 23:30,0,0,NAN,13.02197
9/29/2025 0:00,0,0,NAN,13.01255
9/29/2025 0:30,0,0,NAN,13.00484
9/29/2025 1:00,0,0,NAN,12.99827
9/29/2025 1:30,0,0,NAN,12.99069
9/29/2025 2:00,0,0,NAN,12.98419
9/29/2025 2:30,0,0,NAN,12.97188
9/29/2025 3:00,0,0,NAN,12.96573
9/29/2025 3:30,0,0,NAN,12.95735
9/29/2025 4:00,0,0,NAN,12.94911
9/29/2025 4:30,0,0,NAN,12.93933
9/29/2025 5:00,0,0,NAN,12.93377
9/29/2025 5:30,0,0,NAN,12.92617
9/29/2025 6:00,0,0,NAN,12.91668
9/29/2025 6:30,0,0,NAN,12.91256
9/29/2025 7:00,0,0,NAN,12.90603
9/29/2025 7:30,0,0.000355556,NAN,12.89459
9/29/2025 8:00,0.000866667,0.004433333,NAN,12.9094
9/29/2025 8:30,0.003088889,0.01319444,NAN,12.99633
9/29/2025 9:00,0.005666667,0.02228333,NAN,13.05873
9/29/2025 9:30,0.007961111,0.03046666,NAN,13.17126
9/29/2025 10:00,0.01001111,0.03737222,NAN,13.25329
9/29/2025 10:30,0.01186111,0.04289444,NAN,13.2918
9/29/2025 11:00,0.01355556,0.04746667,NAN,13.32273
9/29/2025 11:30,0.01500555,0.05091667,NAN,13.36229
9/29/2025 12:00,0.01617222,0.05324444,NAN,13.39886
9/29/2025 12:30,0.017,0.05478333,NAN,13.51175
9/29/2025 13:00,0.01700556,0.05516111,NAN,13.55421
9/29/2025 13:30,0.01701111,0.05522778,NAN,13.88077
9/29/2025 14:00,0.01694444,0.05427222,NAN,14.08137
9/29/2025 14:30,0.01592778,0.05222222,NAN,14.05951
9/29/2025 15:00,0.01477222,0.04974444,NAN,14.02682
9/29/2025 15:30,0.01324444,0.04660555,NAN,13.94057
9/29/2025 16:00,0.01112222,0.04012222,NAN,13.96885
9/29/2025 16:30,NAN,0.03990555,NAN,13.90025
9/29/2025 17:00,0.0103,0.03179444,0.6109765,13.95214
9/29/2025 17:30,0.001566667,0.004383333,0.6310762,13.55663
9/29/2025 18:00,0.003377778,0.01213889,0.6510105,13.47488
9/29/2025 18:30,0.001611111,0.0056,0.6681665,13.38632
9/29/2025 19:00,0.000111111,0.001211111,NAN,13.30909
9/29/2025 19:30,0,0,NAN,13.16961
9/29/2025 20:00,0,0,NAN,13.11542
9/29/2025 20:30,0,0,NAN,13.08746
9/29/2025 21:00,0,0,NAN,13.06695
9/29/2025 21:30,0,0,NAN,13.04767
9/29/2025 22:00,0,0,NAN,13.02703
9/29/2025 22:30,0,0,NAN,13.01917
9/29/2025 23:00,0,0,NAN,13.00628
9/29/2025 23:30,0,0,NAN,12.98963
9/30/2025 0:00,0,0,NAN,12.97975
9/30/2025 0:30,0,0,NAN,12.96867
9/30/2025 1:00,0,0,NAN,12.95654
9/30/2025 1:30,0,0,NAN,12.94289
9/30/2025 2:00,0,0,NAN,12.93823
9/30/2025 2:30,0,0,NAN,12.92984
9/30/2025 3:00,0,0,NAN,12.92002
9/30/2025 3:30,0,0,NAN,12.91357
9/30/2025 4:00,0,0,NAN,12.90888
9/30/2025 4:30,0,0,NAN,12.90131
9/30/2025 5:00,0,0,NAN,12.8934
9/30/2025 5:30,0,0,NAN,12.88443
9/30/2025 6:00,0,0,NAN,12.88336
9/30/2025 6:30,0,0,NAN,12.8779
9/30/2025 7:00,0,0,NAN,12.87142
9/30/2025 7:30,0,0.000116667,NAN,12.86544
9/30/2025 8:00,0.000361111,0.0017,0.8155428,12.86917
9/30/2025 8:30,0.001327778,0.004316666,0.607969,12.9166
9/30/2025 9:00,0.002216667,0.007161111,0.6157659,12.99416
9/30/2025 9:30,0.003488889,0.01063333,0.6005009,13.13791
9/30/2025 10:00,0.004416666,0.01345,0.6015561,13.3638
9/30/2025 10:30,0.006916667,0.02097222,0.6013915,13.62589
9/30/2025 11:00,0.005844444,0.01745556,0.5994178,13.88203
9/30/2025 11:30,0.005816666,0.01738889,0.5997095,13.93601
9/30/2025 12:00,0.01031111,0.03033333,0.598871,13.98063
9/30/2025 12:30,0.01718889,0.04868889,0.5894609,14.15389
9/30/2025 13:00,0.01043333,0.02912222,0.5840176,14.12076
9/30/2025 13:30,0.01377222,0.03847222,0.5841125,14.10616
9/30/2025 14:00,0.01765556,0.04845,0.5787231,14.0638
9/30/2025 14:30,0.01817222,0.04985556,0.5763793,14.03541
9/30/2025 15:00,0.01453889,0.04074444,0.583939,14.02075
9/30/2025 15:30,0.0188,0.05301111,0.5829907,13.98911
9/30/2025 16:00,0.01258333,0.03635,0.5892019,13.96713
9/30/2025 16:30,0.006622222,0.01944445,0.5950641,13.97538
9/30/2025 17:00,0.00465,0.01357778,0.589133,14.00116
9/30/2025 17:30,0.003227778,0.009961111,0.6082655,13.92559
9/30/2025 18:00,0.0019,0.005361111,0.5627887,13.3617
9/30/2025 18:30,0.000288889,0.001422222,0.851911,13.18242
9/30/2025 19:00,0.000483333,0.002644445,0.7563724,13.17611
9/30/2025 19:30,0,5.56E-06,NAN,13.11013
9/30/2025 20:00,0,0,NAN,13.08052
9/30/2025 20:30,0,0,NAN,13.06093
9/30/2025 21:00,0,0,NAN,13.04261
9/30/2025 21:30,0,0,NAN,13.03012
9/30/2025 22:00,0,0,NAN,13.01409
9/30/2025 22:30,0,0,NAN,12.99902
9/30/2025 23:00,0,0,NAN,12.98208
9/30/2025 23:30,0,0,NAN,12.97308
10/1/2025 0:00,0,0,NAN,12.96268
10/1/2025 0:30,0,0,NAN,12.95405
10/1/2025 1:00,0,0,NAN,12.94601
10/1/2025 1:30,0,0,NAN,12.93281
10/1/2025 2:00,0,0,NAN,12.92885
10/1/2025 2:30,0,0,NAN,12.91949
10/1/2025 3:00,0,0,NAN,12.9092
10/1/2025 3:30,0,0,NAN,12.90604
10/1/2025 4:00,0,0,NAN,12.90311
10/1/2025 4:30,0,0,NAN,12.90103
10/1/2025 5:00,0,0,NAN,12.89678
10/1/2025 5:30,0,0,NAN,12.89472
10/1/2025 6:00,0,0,NAN,12.88734
10/1/2025 6:30,0,0,NAN,12.87931
10/1/2025 7:00,0,0,NAN,12.87595
10/1/2025 7:30,0,0.000261111,NAN,12.86585
10/1/2025 8:00,0.000927778,0.004066667,0.7378311,12.87741
10/1/2025 8:30,0.003022222,0.01265,0.6980945,12.95438
10/1/2025 9:00,0.005044444,0.0195,0.6846288,13.01586
10/1/2025 9:30,0.007866667,0.02893889,0.6731041,13.15693
10/1/2025 10:00,0.01005,0.03528333,0.6621377,13.27072
10/1/2025 10:30,0.01234444,0.04079444,0.6444416,13.31845
10/1/2025 11:00,0.01446111,0.04556111,0.6296873,13.14537
10/1/2025 11:30,0.01622222,0.04945,0.6186229,13.27571
10/1/2025 12:00,0.01799444,0.05320555,0.6083081,13.40055
10/1/2025 12:30,0.01930555,0.05551111,0.5985717,13.53965
10/1/2025 13:00,0.02003333,0.05698333,0.594335,13.4562
10/1/2025 13:30,0.02089444,0.05730555,0.5815995,13.70469
10/1/2025 14:00,0.02015555,0.05696667,0.5901278,14.09786
10/1/2025 14:30,0.01937778,0.05521667,0.5918041,14.07443
10/1/2025 15:00,0.01807222,0.05251666,0.5969238,14.04791
10/1/2025 15:30,0.01627778,0.04898889,0.6065016,14.02433
10/1/2025 16:00,0.01423889,0.0449,0.6206425,13.99931
10/1/2025 16:30,0.01195,0.03983889,0.6356354,13.98983
10/1/2025 17:00,0.009572222,0.03360555,0.6481559,13.98185
10/1/2025 17:30,0.007088889,0.02702778,0.6680764,13.97611
10/1/2025 18:00,0.004711111,0.01977778,0.6875582,13.98033
10/1/2025 18:30,0.002161111,0.0106,0.7171195,13.27758
10/1/2025 19:00,0.000322222,0.001966667,NAN,13.17825
10/1/2025 19:30,0,0,NAN,13.12293
10/1/2025 20:00,0,0,NAN,13.09513
10/1/2025 20:30,0,0,NAN,13.07123
10/1/2025 21:00,0,0,NAN,13.05316
10/1/2025 21:30,0,0,NAN,13.03523
10/1/2025 22:00,0,0,NAN,13.01675
10/1/2025 22:30,0,0,NAN,13.00035
10/1/2025 23:00,0,0,NAN,12.98241
10/1/2025 23:30,0,0,NAN,12.97028
10/2/2025 0:00,0,0,NAN,12.95664
10/2/2025 0:30,0,0,NAN,12.94145
10/2/2025 1:00,0,0,NAN,12.93118
10/2/2025 1:30,0,0,NAN,12.92047
10/2/2025 2:00,0,0,NAN,12.90936
10/2/2025 2:30,0,0,NAN,12.89827
10/2/2025 3:00,0,0,NAN,12.89511
10/2/2025 3:30,0,0,NAN,12.88875
10/2/2025 4:00,0,0,NAN,12.88042
10/2/2025 4:30,0,0,NAN,12.86946
10/2/2025 5:00,0,0,NAN,12.86693
10/2/2025 5:30,0,0,NAN,12.86035
10/2/2025 6:00,0,0,NAN,12.85209
10/2/2025 6:30,0,0,NAN,12.84826
10/2/2025 7:00,0,0,NAN,12.84253
10/2/2025 7:30,0,0.000244444,NAN,12.83433
10/2/2025 8:00,0.000672222,0.003355555,0.8012241,12.84662
10/2/2025 8:30,0.002966667,0.01332222,0.7154933,12.90515
10/2/2025 9:00,0.005288889,0.02243889,0.7071499,12.97307
10/2/2025 9:30,0.007588889,0.03036666,0.6942964,13.09133
10/2/2025 10:00,0.009822221,0.0372,0.6806479,13.17554
10/2/2025 10:30,0.01195556,0.04276667,0.6653211,13.22521
10/2/2025 11:00,0.01393889,0.04778333,0.6529496,13.27055
10/2/2025 11:30,0.01560556,0.05191666,0.6436906,13.31545
10/2/2025 12:00,0.01740555,0.05524444,0.6291401,13.35462
10/2/2025 12:30,0.01871666,0.05778333,0.6200914,13.46864
10/2/2025 13:00,0.01951111,0.05932222,0.6144847,13.489
10/2/2025 13:30,0.02,0.05961666,0.60777,13.62672
10/2/2025 14:00,0.0196,0.05890555,0.6093466,14.05139
10/2/2025 14:30,0.01856111,0.05752778,0.6176533,14.02073
10/2/2025 15:00,0.01736111,0.05475,0.6218129,13.99529
10/2/2025 15:30,0.01546667,0.05131111,0.6358179,13.97243
10/2/2025 16:00,0.01348333,0.04721666,0.6501337,13.95338
10/2/2025 16:30,0.01123889,0.04227778,0.6683852,13.93517
10/2/2025 17:00,0.008977777,0.03623333,0.6851591,13.92569
10/2/2025 17:30,0.006655555,0.02915,0.7028426,13.91909
10/2/2025 18:00,0.004277778,0.02118889,0.7267753,13.93568
10/2/2025 18:30,0.00205,0.01137778,0.7386713,13.86067
10/2/2025 19:00,5.00E-05,0.001566667,NAN,13.37995
10/2/2025 19:30,0,0,NAN,13.17374
10/2/2025 20:00,0,0,NAN,13.11695
10/2/2025 20:30,0,0,NAN,13.08755
10/2/2025 21:00,0,0,NAN,13.06497
10/2/2025 21:30,0,0,NAN,13.04788
10/2/2025 22:00,0,0,NAN,13.02558
10/2/2025 22:30,0,0,NAN,13.01135
10/2/2025 23:00,0,0,NAN,12.99264
10/2/2025 23:30,0,0,NAN,12.98112
10/3/2025 0:00,0,0,NAN,12.9721
10/3/2025 0:30,0,0,NAN,12.95711
10/3/2025 1:00,0,0,NAN,12.94652
10/3/2025 1:30,0,0,NAN,12.93331
10/3/2025 2:00,0,0,NAN,12.92256
10/3/2025 2:30,0,0,NAN,12.91194
10/3/2025 3:00,0,0,NAN,12.90783
10/3/2025 3:30,0,0,NAN,12.90227
10/3/2025 4:00,0,0,NAN,12.89747
10/3/2025 4:30,0,0,NAN,12.89701
10/3/2025 5:00,0,0,NAN,12.892
10/3/2025 5:30,0,0,NAN,12.8868
10/3/2025 6:00,0,0,NAN,12.8795
10/3/2025 6:30,0,0,NAN,12.87051
10/3/2025 7:00,0,0,NAN,12.86533
10/3/2025 7:30,0,0.000261111,NAN,12.85553
10/3/2025 8:00,0.000322222,0.001994445,0.8772278,12.86592
10/3/2025 8:30,0.002666667,0.01322222,0.7560562,12.89434
10/3/2025 9:00,0.004894444,0.02346111,0.7401553,12.96373
10/3/2025 9:30,0.0069,0.03183333,0.7316802,13.08323
10/3/2025 10:00,0.008977777,0.03911667,0.7170471,13.15732
10/3/2025 10:30,0.01099444,0.04530555,0.7028435,13.20102
10/3/2025 11:00,0.01278333,0.05039444,0.6915175,13.23874
10/3/2025 11:30,0.01436111,0.05474444,0.6819512,13.27965
10/3/2025 12:00,0.01582222,0.05817222,0.6709986,13.3168
10/3/2025 12:30,0.0173,0.06079444,0.6571697,13.42973
10/3/2025 13:00,0.01807222,0.06306666,0.6539804,13.44039
10/3/2025 13:30,0.01884444,0.06412222,0.6455994,13.63964
10/3/2025 14:00,0.01857222,0.06442222,0.6500699,13.92763
10/3/2025 14:30,0.01785555,0.06406666,0.6587126,13.90479
10/3/2025 15:00,0.01671667,0.06170555,0.6651153,13.89183
10/3/2025 15:30,0.01533333,0.0583,0.6713843,13.8703
10/3/2025 16:00,0.01320555,0.0525,0.682277,13.87315
10/3/2025 16:30,0.01094444,0.04607222,0.6955931,13.87149
10/3/2025 17:00,0.008733333,0.04015555,0.7150931,13.87473
10/3/2025 17:30,0.00605,0.03071111,0.7354809,13.88719
10/3/2025 18:00,0.003794444,0.02122222,0.751191,13.8998
10/3/2025 18:30,0.001455556,0.009338889,0.779949,13.63234
10/3/2025 19:00,0,0.000377778,NAN,13.20262
10/3/2025 19:30,0,0,NAN,13.1287
10/3/2025 20:00,0,0,NAN,13.09539
10/3/2025 20:30,0,0,NAN,13.07138
10/3/2025 21:00,0,0,NAN,13.05114
10/3/2025 21:30,0,0,NAN,13.03849
10/3/2025 22:00,0,0,NAN,13.02598
10/3/2025 22:30,0,0,NAN,13.0136
10/3/2025 23:00,0,0,NAN,12.99882
10/3/2025 23:30,0,0,NAN,12.98079
10/4/2025 0:00,0,0,NAN,12.9722
10/4/2025 0:30,0,0,NAN,12.96298
10/4/2025 1:00,0,0,NAN,12.95136
10/4/2025 1:30,0,0,NAN,12.94302
10/4/2025 2:00,0,0,NAN,12.93361
10/4/2025 2:30,0,0,NAN,12.92537
10/4/2025 3:00,0,0,NAN,12.91572
10/4/2025 3:30,0,0,NAN,12.90812
10/4/2025 4:00,0,0,NAN,12.9065
10/4/2025 4:30,0,0,NAN,12.8991
10/4/2025 5:00,0,0,NAN,12.89138
10/4/2025 5:30,0,0,NAN,12.89123
10/4/2025 6:00,0,0,NAN,12.89036
10/4/2025 6:30,0,0,NAN,12.89398
10/4/2025 7:00,0,0,NAN,12.89403
10/4/2025 7:30,0,7.22E-05,NAN,12.88929
10/4/2025 8:00,0,0.00165,1,12.89474
10/4/2025 8:30,0.000227778,0.002183333,0.9032506,12.9072
10/4/2025 9:00,0.001105556,0.005844444,0.745955,12.92528
10/4/2025 9:30,0.006099999,0.03520555,0.7718317,13.04208
10/4/2025 10:00,0.003788889,0.01905555,0.7383541,13.41284
10/4/2025 10:30,0.008405555,0.04407222,0.7513666,13.57412
10/4/2025 11:00,0.01018333,0.05164444,0.7466389,13.64215
10/4/2025 11:30,0.01245,0.06026111,0.737581,13.58027
10/4/2025 12:00,0.01151111,0.05403333,0.7284907,13.58522
10/4/2025 12:30,0.005744444,0.0274,0.724571,13.64689
10/4/2025 13:00,0.0099,0.046,0.7209951,13.99723
10/4/2025 13:30,0.006938889,0.03248889,0.7209541,13.85795
10/4/2025 14:00,0.005327778,0.02647778,0.7280754,13.84888
10/4/2025 14:30,0.01184444,0.05709444,0.7299353,14.18514
10/4/2025 15:00,0.007944444,0.03828889,0.728495,14.16873
10/4/2025 15:30,0.002288889,0.01160556,0.744254,13.67838
10/4/2025 16:00,0.002072222,0.01052222,0.7363946,13.58648
10/4/2025 16:30,0.003638889,0.01821111,0.7296755,14.23209
10/4/2025 17:00,0.0026,0.01285,0.7272144,13.7746
10/4/2025 17:30,0.002338889,0.01234444,0.7409217,13.7816
10/4/2025 18:00,0.001333333,0.006894444,0.7361518,13.51338
10/4/2025 18:30,0.001183333,0.007655555,0.7328087,13.43664
10/4/2025 19:00,0.000511111,0.003927778,NAN,13.3908
10/4/2025 19:30,0,0,NAN,13.15208
10/4/2025 20:00,0,0,NAN,13.08564
10/4/2025 20:30,0,0,NAN,13.05739
10/4/2025 21:00,0,0,NAN,13.03349
10/4/2025 21:30,0,0,NAN,13.01834
10/4/2025 22:00,0,0,NAN,13.00222
10/4/2025 22:30,0,0,NAN,12.98707
10/4/2025 23:00,0,0,NAN,12.96883
10/4/2025 23:30,0,0,NAN,12.96099
10/5/2025 0:00,0,0,NAN,12.94789
10/5/2025 0:30,0,0,NAN,12.93455
10/5/2025 1:00,0,0,NAN,12.92257
10/5/2025 1:30,0,0,NAN,12.90871
10/5/2025 2:00,0,0,NAN,12.89563
10/5/2025 2:30,0,0,NAN,12.88478
10/5/2025 3:00,0,0,NAN,12.8716
10/5/2025 3:30,0,0,NAN,12.86618
10/5/2025 4:00,0,0,NAN,12.85595
10/5/2025 4:30,0,0,NAN,12.84537
10/5/2025 5:00,0,0,NAN,12.84148
10/5/2025 5:30,0,0,NAN,12.83887
10/5/2025 6:00,0,0,NAN,12.8355
10/5/2025 6:30,0,0,NAN,12.82916
10/5/2025 7:00,0,0,NAN,12.82661
10/5/2025 7:30,0,0.000183333,NAN,12.81591
10/5/2025 8:00,0.000388889,0.003044444,0.8946298,12.82132
10/5/2025 8:30,0.002027778,0.01342222,0.7965428,12.87259
10/5/2025 9:00,0.003588889,0.02381111,0.7999859,12.94237
10/5/2025 9:30,0.0053,0.03348889,0.7933191,13.06459
10/5/2025 10:00,0.006988889,0.04215556,0.7851416,13.16092
10/5/2025 10:30,0.008477777,0.04830555,0.7737753,13.23677
10/5/2025 11:00,0.009488889,0.05181666,0.7649468,13.35394
10/5/2025 11:30,0.01129444,0.05883333,0.7540621,13.52008
10/5/2025 12:00,0.01272222,0.06405,0.7462991,13.6443
10/5/2025 12:30,0.01364444,0.06652778,0.7388305,13.81974
10/5/2025 13:00,0.01218889,0.05790555,0.7343109,13.90168
10/5/2025 13:30,0.01243889,0.05983333,0.7346925,14.25747
10/5/2025 14:00,0.01279444,0.06224444,0.7342891,14.22512
10/5/2025 14:30,0.01169444,0.05830555,0.736922,14.20866
10/5/2025 15:00,0.009988889,0.05076111,0.7391037,14.1782
10/5/2025 15:30,0.01001667,0.05382777,0.7509915,14.16333
10/5/2025 16:00,0.008516666,0.04772222,0.760959,14.15515
10/5/2025 16:30,0.005294445,0.03072222,0.7679046,14.15003
10/5/2025 17:00,0.004144445,0.02352222,0.7581564,14.16175
10/5/2025 17:30,0.005005555,0.03293333,0.784528,14.15506
10/5/2025 18:00,0.001011111,0.006955556,0.7987403,13.68955
10/5/2025 18:30,0.000994445,0.006777777,0.7658159,13.55889
10/5/2025 19:00,8.89E-05,0.002383333,0.9692584,13.29146
10/5/2025 19:30,0,6.11E-05,NAN,13.13602
10/5/2025 20:00,0,0,NAN,13.08598
10/5/2025 20:30,0,0,NAN,13.05805
10/5/2025 21:00,0,0,NAN,13.03419
10/5/2025 21:30,0,0,NAN,13.01611
10/5/2025 22:00,0,0,NAN,12.99812
10/5/2025 22:30,0,0,NAN,12.97826
10/5/2025 23:00,0,0,NAN,12.95527
10/5/2025 23:30,0,0,NAN,12.94274
10/6/2025 0:00,0,0,NAN,12.92686
10/6/2025 0:30,0,0,NAN,12.91186
10/6/2025 1:00,0,0,NAN,12.90075
10/6/2025 1:30,0,0,NAN,12.88781
10/6/2025 2:00,0,0,NAN,12.87614
10/6/2025 2:30,0,0,NAN,12.86422
10/6/2025 3:00,0,0,NAN,12.8595
10/6/2025 3:30,0,0,NAN,12.85094
10/6/2025 4:00,0,0,NAN,12.84293
10/6/2025 4:30,0,0,NAN,12.83876
10/6/2025 5:00,0,0,NAN,12.83452
10/6/2025 5:30,0,0,NAN,12.82979
10/6/2025 6:00,0,0,NAN,12.82454
10/6/2025 6:30,0,0,NAN,12.81867
10/6/2025 7:00,0,0,NAN,12.81716
10/6/2025 7:30,0,0.000211111,NAN,12.80765
10/6/2025 8:00,0.0003,0.002961111,0.8894314,12.81074
10/6/2025 8:30,0.000766667,0.007005555,0.9184354,12.84926
10/6/2025 9:00,0.003433333,0.02428889,0.8088712,12.92652
10/6/2025 9:30,0.004944444,0.03439444,0.8090793,13.06773
10/6/2025 10:00,0.006455555,0.04293889,0.8018808,13.19782
10/6/2025 10:30,0.007999999,0.05074444,0.7934917,13.29631
10/6/2025 11:00,0.009449999,0.05693333,0.7838938,13.40434
10/6/2025 11:30,0.01071111,0.06197222,0.7756643,13.4796
10/6/2025 12:00,0.01200556,0.06556667,0.7636592,13.54451
10/6/2025 12:30,0.01309444,0.06951667,0.7570816,13.72084
10/6/2025 13:00,0.01378889,0.07076667,0.7493035,13.78324
10/6/2025 13:30,0.014,0.07137222,0.7469341,14.1686
10/6/2025 14:00,0.01388333,0.07113889,0.7470904,14.21903
10/6/2025 14:30,0.013,0.06918333,0.7543636,14.19831
10/6/2025 15:00,0.01190555,0.0663,0.7630228,14.18865
10/6/2025 15:30,0.01059444,0.06198889,0.7722836,14.17194
10/6/2025 16:00,0.009299999,0.05683333,0.7796692,14.16293
10/6/2025 16:30,0.007716666,0.05057777,0.7910094,14.15465
10/6/2025 17:00,0.006094445,0.04278333,0.8012285,14.15017
10/6/2025 17:30,0.004461111,0.03367778,0.8099206,14.14469
10/6/2025 18:00,0.002716667,0.02273889,0.8213406,14.14956
10/6/2025 18:30,0.001105556,0.009866666,0.8161913,14.16756
10/6/2025 19:00,0,0.000861111,NAN,13.26769
10/6/2025 19:30,0,0,NAN,13.12761
10/6/2025 20:00,0,0,NAN,13.07724
10/6/2025 20:30,0,0,NAN,13.05084
10/6/2025 21:00,0,0,NAN,13.03233
10/6/2025 21:30,0,0,NAN,13.01716
10/6/2025 22:00,0,0,NAN,12.9992
10/6/2025 22:30,0,0,NAN,12.98464
10/6/2025 23:00,0,0,NAN,12.96655
10/6/2025 23:30,0,0,NAN,12.95155
10/7/2025 0:00,0,0,NAN,12.93433
10/7/2025 0:30,0,0,NAN,12.91937
10/7/2025 1:00,0,0,NAN,12.90174
10/7/2025 1:30,0,0,NAN,12.88745
10/7/2025 2:00,0,0,NAN,12.87368
10/7/2025 2:30,0,0,NAN,12.86005
10/7/2025 3:00,0,0,NAN,12.85131
10/7/2025 3:30,0,0,NAN,12.84183
10/7/2025 4:00,0,0,NAN,12.83416
10/7/2025 4:30,0,0,NAN,12.82749
10/7/2025 5:00,0,0,NAN,12.82033
10/7/2025 5:30,0,0,NAN,12.81476
10/7/2025 6:00,0,0,NAN,12.81107
10/7/2025 6:30,0,0,NAN,12.80678
10/7/2025 7:00,0,0,NAN,12.80451
10/7/2025 7:30,0,0.000233333,NAN,12.79581
10/7/2025 8:00,0.000294444,0.0029,0.9205018,12.80604
10/7/2025 8:30,0.001622222,0.01340555,0.8243062,12.86373
10/7/2025 9:00,0.003188889,0.02458333,0.8200303,12.93386
10/7/2025 9:30,0.004561111,0.03491667,0.8221861,13.06739
10/7/2025 10:00,0.005994444,0.04407222,0.816698,13.18013
10/7/2025 10:30,0.007416667,0.05216111,0.8095046,13.27514
10/7/2025 11:00,0.008644444,0.05903889,0.8045845,13.37292
10/7/2025 11:30,0.009922221,0.06416111,0.7946554,13.45386
10/7/2025 12:00,0.01103889,0.0682,0.7859133,13.50158
10/7/2025 12:30,0.01198333,0.07113889,0.777778,13.65767
10/7/2025 13:00,0.01257222,0.07317777,0.7737335,13.61637
10/7/2025 13:30,0.013,0.07384444,0.7683398,14.03266
10/7/2025 14:00,0.0128,0.07353888,0.7700912,14.22008
10/7/2025 14:30,0.012,0.07125,0.7760024,14.1986
10/7/2025 15:00,0.01103333,0.06802778,0.7828207,14.18862
10/7/2025 15:30,0.009727777,0.06373889,0.7934992,14.16535
10/7/2025 16:00,0.008588889,0.05854444,0.7994124,14.15104
10/7/2025 16:30,0.007227778,0.05201111,0.8073035,14.12868
10/7/2025 17:00,0.005611111,0.04416111,0.8202714,14.11425
10/7/2025 17:30,0.004205555,0.03508333,0.8259253,14.11743
10/7/2025 18:00,0.002522222,0.02359444,0.8368635,14.11813
10/7/2025 18:30,0.000955556,0.009588889,0.84073,14.13766
10/7/2025 19:00,0,0.000716667,NAN,13.23939
10/7/2025 19:30,0,0,NAN,13.11673
10/7/2025 20:00,0,0,NAN,13.07715
10/7/2025 20:30,0,0,NAN,13.04672
10/7/2025 21:00,0,0,NAN,13.02262
10/7/2025 21:30,0,0,NAN,13.00419
10/7/2025 22:00,0,0,NAN,12.98617
10/7/2025 22:30,0,0,NAN,12.97039
10/7/2025 23:00,0,0,NAN,12.95279
10/7/2025 23:30,0,0,NAN,12.94392
10/8/2025 0:00,0,0,NAN,12.92654
10/8/2025 0:30,0,0,NAN,12.9103
10/8/2025 1:00,0,0,NAN,12.89878
10/8/2025 1:30,0,0,NAN,12.88649
10/8/2025 2:00,0,0,NAN,12.8741
10/8/2025 2:30,0,0,NAN,12.8617
10/8/2025 3:00,0,0,NAN,12.85713
10/8/2025 3:30,0,0,NAN,12.8473
10/8/2025 4:00,0,0,NAN,12.83656
10/8/2025 4:30,0,0,NAN,12.82927
10/8/2025 5:00,0,0,NAN,12.8188
10/8/2025 5:30,0,0,NAN,12.81026
10/8/2025 6:00,0,0,NAN,12.80298
10/8/2025 6:30,0,0,NAN,12.79788
10/8/2025 7:00,0,0,NAN,12.79435
10/8/2025 7:30,0,0.0002,NAN,12.78401
10/8/2025 8:00,0.000277778,0.002777778,0.9254767,12.7894
10/8/2025 8:30,0.001566667,0.01311667,0.8290823,12.84508
10/8/2025 9:00,0.003,0.02435,0.829947,12.92631
10/8/2025 9:30,0.004377778,0.03494444,0.8298427,13.04775
10/8/2025 10:00,0.005672222,0.04475556,0.8287449,13.14321
10/8/2025 10:30,0.006972222,0.05325,0.8238519,13.21782
10/8/2025 11:00,0.008211111,0.06003333,0.8166513,13.30264
10/8/2025 11:30,0.009333332,0.06555555,0.8097168,13.38271
10/8/2025 12:00,0.01017222,0.06975,0.8052077,13.42449
10/8/2025 12:30,0.01106667,0.07273333,0.7972557,13.61596
10/8/2025 13:00,0.01199444,0.07456111,0.7863899,13.5653
10/8/2025 13:30,0.012,0.075,0.7868493,13.95101
10/8/2025 14:00,0.012,0.07438888,0.7846838,14.16842
10/8/2025 14:30,0.01127778,0.07204444,0.7897333,14.13693
10/8/2025 15:00,0.01038889,0.06863888,0.7952914,14.10879
10/8/2025 15:30,0.009311111,0.06474444,0.803408,14.08834
10/8/2025 16:00,0.008083333,0.05950555,0.8120034,14.06645
10/8/2025 16:30,0.0067,0.05312222,0.8226233,14.0454
10/8/2025 17:00,0.005361111,0.04536111,0.8305575,14.04031
10/8/2025 17:30,0.003844444,0.03622222,0.8431264,14.02397
10/8/2025 18:00,0.002405555,0.02416111,0.8450986,14.02428
10/8/2025 18:30,0.000805556,0.009166666,0.8642945,13.59664
10/8/2025 19:00,0,0.000616667,NAN,13.2007
10/8/2025 19:30,0,0,NAN,13.11959
10/8/2025 20:00,0,0,NAN,13.08316
10/8/2025 20:30,0,0,NAN,13.05533
10/8/2025 21:00,0,0,NAN,13.03151
10/8/2025 21:30,0,0,NAN,13.00917
10/8/2025 22:00,0,0,NAN,12.98662
10/8/2025 22:30,0,0,NAN,12.97614
10/8/2025 23:00,0,0,NAN,12.95996
10/8/2025 23:30,0,0,NAN,12.94274
10/9/2025 0:00,0,0,NAN,12.92694
10/9/2025 0:30,0,0,NAN,12.91517
10/9/2025 1:00,0,0,NAN,12.90352
10/9/2025 1:30,0,0,NAN,12.89216
10/9/2025 2:00,0,0,NAN,12.87924
10/9/2025 2:30,0,0,NAN,12.87475
10/9/2025 3:00,0,0,NAN,12.86602
10/9/2025 3:30,0,0,NAN,12.85674
10/9/2025 4:00,0,0,NAN,12.85385
10/9/2025 4:30,0,0,NAN,12.85055
10/9/2025 5:00,0,0,NAN,12.84682
10/9/2025 5:30,0,0,NAN,12.84171
10/9/2025 6:00,0,0,NAN,12.84092
10/9/2025 6:30,0,0,NAN,12.83573
10/9/2025 7:00,0,0,NAN,12.82932
10/9/2025 7:30,0,0.000155556,NAN,12.82197
10/9/2025 8:00,0.000183333,0.002877778,0.9551473,12.82345
10/9/2025 8:30,0.001361111,0.0121,0.8421876,12.88035
10/9/2025 9:00,0.002655555,0.02483333,0.8548648,12.94973
10/9/2025 9:30,0.004072222,0.03564445,0.8475348,13.0789
10/9/2025 10:00,0.0053,0.0455,0.8454881,13.18879
10/9/2025 10:30,0.006583333,0.05529444,0.8420812,13.30395
10/9/2025 11:00,0.004472222,0.03278333,0.8191907,13.63371
10/9/2025 11:30,0.003772222,0.02581667,0.8032603,13.81875
10/9/2025 12:00,0.00545,0.03937222,0.8097484,13.79644
10/9/2025 12:30,0.002372222,0.01665,0.8047313,13.65934
10/9/2025 13:00,0.00195,0.01537222,0.8270218,13.57553
10/9/2025 13:30,0.008283333,0.06131111,0.8203306,13.88009
10/9/2025 14:00,0.008716667,0.06313889,0.817914,14.14713
10/9/2025 14:30,0.0095,0.06805556,0.8144788,14.10391
10/9/2025 15:00,0.005944444,0.0435,0.8183203,14.07808
10/9/2025 15:30,0.008227778,0.06357222,0.8239365,14.0476
10/9/2025 16:00,0.008422222,0.06591666,0.8264042,14.01359
10/9/2025 16:30,0.006811111,0.05771111,0.837907,13.98133
10/9/2025 17:00,0.004783333,0.04417777,0.8512895,13.98572
10/9/2025 17:30,0.003522222,0.03468333,0.8569994,13.98496
10/9/2025 18:00,0.0015,0.01556111,0.8595021,13.84378
10/9/2025 18:30,2.22E-05,0.002527778,0.9951322,13.25844
10/9/2025 19:00,0,0.000244444,NAN,13.13569
10/9/2025 19:30,0,0,NAN,13.10124
10/9/2025 20:00,0,0,NAN,13.07565
10/9/2025 20:30,0,0,NAN,13.05872
10/9/2025 21:00,0,0,NAN,13.04246
10/9/2025 21:30,0,0,NAN,13.02663
10/9/2025 22:00,0,0,NAN,13.00893
10/9/2025 22:30,0,0,NAN,12.99967
10/9/2025 23:00,0,0,NAN,12.98991
10/9/2025 23:30,0,0,NAN,12.97567
10/10/2025 0:00,0,0,NAN,12.96804
10/10/2025 0:30,0,0,NAN,12.95765
10/10/2025 1:00,0,0,NAN,12.94552
10/10/2025 1:30,0,0,NAN,12.93054
10/10/2025 2:00,0,0,NAN,12.92602
10/10/2025 2:30,0,0,NAN,12.91606
10/10/2025 3:00,0,0,NAN,12.90528
10/10/2025 3:30,0,0,NAN,12.90203
10/10/2025 4:00,0,0,NAN,12.89696
10/10/2025 4:30,0,0,NAN,12.8929
10/10/2025 5:00,0,0,NAN,12.89227
10/10/2025 5:30,0,0,NAN,12.89521
10/10/2025 6:00,0,0,NAN,12.89111
10/10/2025 6:30,0,0,NAN,12.88728
10/10/2025 7:00,0,0,NAN,12.8875
10/10/2025 7:30,0,0,NAN,12.8806
10/10/2025 8:00,0,0.001516667,NAN,12.88103
10/10/2025 8:30,0,0.001777778,1,12.882
10/10/2025 9:00,0,0.003033333,1,12.88983
10/10/2025 9:30,0.000155556,0.003733333,0.9645064,12.89815
10/10/2025 10:00,0.001272222,0.01064444,0.831121,12.94028
10/10/2025 10:30,0.002266667,0.01995,0.8454344,13.10177
10/10/2025 11:00,0.002838889,0.02523333,0.8499423,13.50756
10/10/2025 11:30,0.002527778,0.02246667,0.8489878,13.7408
10/10/2025 12:00,0.003527778,0.03023889,0.8439546,13.81809
10/10/2025 12:30,0.002172222,0.01883333,0.842432,13.72146
10/10/2025 13:00,0.002805555,0.02362778,0.8410103,13.74245
10/10/2025 13:30,0.002866667,0.02407222,0.8401451,13.82698
10/10/2025 14:00,0.004016667,0.03408333,0.8430229,13.86362
10/10/2025 14:30,0.003983333,0.03332778,0.83982,14.14814
10/10/2025 15:00,0.005072222,0.04462222,0.8468574,14.13879
10/10/2025 15:30,0.005633333,0.04967222,0.848891,14.10429
10/10/2025 16:00,0.003183333,0.02756111,0.8451322,14.10073
10/10/2025 16:30,0.002611111,0.02177778,0.8379958,13.94591
10/10/2025 17:00,0.001655556,0.01487222,0.8488142,13.69214
10/10/2025 17:30,0.001,0.01127222,0.8735337,13.59008
10/10/2025 18:00,0.000988889,0.00795,0.8196468,13.38564
10/10/2025 18:30,0.000133333,0.003022222,0.9677483,13.18652
10/10/2025 19:00,0,0.000283333,NAN,13.1086
10/10/2025 19:30,0,0,NAN,13.08006
10/10/2025 20:00,0,0,NAN,13.06023
10/10/2025 20:30,0,0,NAN,13.04421
10/10/2025 21:00,0,0,NAN,13.03346
10/10/2025 21:30,0,0,NAN,13.01837
10/10/2025 22:00,0,0,NAN,13.00446
10/10/2025 22:30,0,0,NAN,12.98748
10/10/2025 23:00,0,0,NAN,12.97544
10/10/2025 23:30,0,0,NAN,12.9634
10/11/2025 0:00,0,0,NAN,12.95178
10/11/2025 0:30,0,0,NAN,12.93865
10/11/2025 1:00,0,0,NAN,12.93517
10/11/2025 1:30,0,0,NAN,12.92576
10/11/2025 2:00,0,0,NAN,12.91465
10/11/2025 2:30,0,0,NAN,12.91085
10/11/2025 3:00,0,0,NAN,12.90512
10/11/2025 3:30,0,0,NAN,12.89899
10/11/2025 4:00,0,0,NAN,12.89328
10/11/2025 4:30,0,0,NAN,12.88792
10/11/2025 5:00,0,0,NAN,12.88944
10/11/2025 5:30,0,0,NAN,12.88458
10/11/2025 6:00,0,0,NAN,12.88216
10/11/2025 6:30,0,0,NAN,12.88073
10/11/2025 7:00,0,0,NAN,12.88266
10/11/2025 7:30,0,0,NAN,12.87897
10/11/2025 8:00,0,0.000138889,NAN,12.86866
10/11/2025 8:30,0,0.001738889,NAN,12.8737
10/11/2025 9:00,0,0.003194444,1,12.89842
10/11/2025 9:30,2.22E-05,0.003888889,0.9942687,12.9005
10/11/2025 10:00,0.000705556,0.00625,0.8566633,12.93829
10/11/2025 10:30,0.001455556,0.01368889,0.852074,12.97136
10/11/2025 11:00,0.002555556,0.02608889,0.8685676,13.22304
10/11/2025 11:30,0.006455555,0.06547222,0.8695948,13.6853
10/11/2025 12:00,0.006938889,0.06957222,0.8684155,13.97739
10/11/2025 12:30,0.004383333,0.04127778,0.858145,14.00761
10/11/2025 13:00,0.005133333,0.05153888,0.8680019,14.13702
10/11/2025 13:30,0.006833333,0.06854444,0.8660254,14.12662
10/11/2025 14:00,0.008027777,0.07914444,0.8632436,14.03346
10/11/2025 14:30,0.007255556,0.07350556,0.8682947,13.97159
10/11/2025 15:00,0.006988889,0.07421111,0.8721466,14.07362
10/11/2025 15:30,0.0065,0.06934444,0.8724424,14.06005
10/11/2025 16:00,0.005216666,0.05752778,0.8775926,14.05256
10/11/2025 16:30,0.004033334,0.04436111,0.8733888,14.05778
10/11/2025 17:00,0.004027777,0.04589444,0.8789209,13.76083
10/11/2025 17:30,0.002138889,0.02803889,0.9129785,13.50758
10/11/2025 18:00,5.56E-06,0.0034,0.9986075,13.32192
10/11/2025 18:30,0,0.000938889,NAN,13.15402
10/11/2025 19:00,0,0,NAN,13.10356
10/11/2025 19:30,0,0,NAN,13.08045
10/11/2025 20:00,0,0,NAN,13.06499
10/11/2025 20:30,0,0,NAN,13.04922
10/11/2025 21:00,0,0,NAN,13.03551
10/11/2025 21:30,0,0,NAN,13.02382
10/11/2025 22:00,0,0,NAN,13.00716
10/11/2025 22:30,0,0,NAN,12.99646
10/11/2025 23:00,0,0,NAN,12.9801
10/11/2025 23:30,0,0,NAN,12.97007
10/12/2025 0:00,0,0,NAN,12.95055
10/12/2025 0:30,0,0,NAN,12.93318
10/12/2025 1:00,0,0,NAN,12.92294
10/12/2025 1:30,0,0,NAN,12.9099
10/12/2025 2:00,0,0,NAN,12.89855
10/12/2025 2:30,0,0,NAN,12.88772
10/12/2025 3:00,0,0,NAN,12.88267
10/12/2025 3:30,0,0,NAN,12.87512
10/12/2025 4:00,0,0,NAN,12.86892
10/12/2025 4:30,0,0,NAN,12.86114
10/12/2025 5:00,0,0,NAN,12.85938
10/12/2025 5:30,0,0,NAN,12.8509
10/12/2025 6:00,0,0,NAN,12.84194
10/12/2025 6:30,0,0,NAN,12.84002
10/12/2025 7:00,0,0,NAN,12.8351
10/12/2025 7:30,0,5.56E-06,NAN,12.82396
10/12/2025 8:00,0,0.00225,NAN,12.82681
10/12/2025 8:30,0.000905556,0.01305555,0.8889174,12.8745
10/12/2025 9:00,0.001861111,0.02557222,0.8939487,12.94853
10/12/2025 9:30,0.002822222,0.03688333,0.8908089,13.04798
10/12/2025 10:00,0.003766667,0.04758333,0.8879519,13.11751
10/12/2025 10:30,0.004566667,0.05677222,0.8868729,13.18134
10/12/2025 11:00,0.005333333,0.06431667,0.8837374,13.25953
10/12/2025 11:30,0.006,0.07049444,0.8807252,13.35146
10/12/2025 12:00,0.006883333,0.07486667,0.871843,13.41527
10/12/2025 12:30,0.006922222,0.07717778,0.8746173,13.6744
10/12/2025 13:00,0.007422222,0.07832778,0.8686263,13.59453
10/12/2025 13:30,0.007966666,0.08112222,0.8628807,14.11177
10/12/2025 14:00,0.007816667,0.08071111,0.8641282,14.31059
10/12/2025 14:30,0.007011111,0.07898334,0.874099,14.30869
10/12/2025 15:00,0.006805556,0.07572778,0.8719759,14.29047
10/12/2025 15:30,0.006005555,0.07132778,0.878502,14.28511
10/12/2025 16:00,0.005388889,0.06539445,0.8802833,14.27392
10/12/2025 16:30,0.004594444,0.05785555,0.883409,14.27221
10/12/2025 17:00,0.003566667,0.04854999,0.8901409,14.25598
10/12/2025 17:30,0.002661111,0.03757222,0.8912181,14.26172
10/12/2025 18:00,0.001516667,0.02314444,0.8947493,14.26137
10/12/2025 18:30,0.000477778,0.008344444,0.9277049,13.64114
10/12/2025 19:00,0,0.000494445,NAN,13.25864
10/12/2025 19:30,0,0,NAN,13.11881
10/12/2025 20:00,0,0,NAN,13.06215
10/12/2025 20:30,0,0,NAN,13.02763
10/12/2025 21:00,0,0,NAN,12.99792
10/12/2025 21:30,0,0,NAN,12.97306
10/12/2025 22:00,0,0,NAN,12.95199
10/12/2025 22:30,0,0,NAN,12.93095
10/12/2025 23:00,0,0,NAN,12.91408
10/12/2025 23:30,0,0,NAN,12.89564
10/13/2025 0:00,0,0,NAN,12.8847
10/13/2025 0:30,0,0,NAN,12.8726
10/13/2025 1:00,0,0,NAN,12.86034
10/13/2025 1:30,0,0,NAN,12.84863
10/13/2025 2:00,0,0,NAN,12.8373
10/13/2025 2:30,0,0,NAN,12.82743
10/13/2025 3:00,0,0,NAN,12.81723
10/13/2025 3:30,0,0,NAN,12.8069
10/13/2025 4:00,0,0,NAN,12.80092
10/13/2025 4:30,0,0,NAN,12.79561
10/13/2025 5:00,0,0,NAN,12.79377
10/13/2025 5:30,0,0,NAN,12.79434
10/13/2025 6:00,0,0,NAN,12.79543
10/13/2025 6:30,0,0,NAN,12.79682
10/13/2025 7:00,0,0,NAN,12.79845
10/13/2025 7:30,0,0,NAN,12.7917
10/13/2025 8:00,0,0.001083333,NAN,12.79408
10/13/2025 8:30,0.000627778,0.007244444,0.9057388,12.81292
10/13/2025 9:00,0.000972222,0.01010556,0.8663607,12.91055
10/13/2025 9:30,0.001261111,0.01591111,0.8914074,13.00005
10/13/2025 10:00,0.001905555,0.02186111,0.8777603,13.16772
10/13/2025 10:30,0.002166667,0.02583333,0.8824733,13.51916
10/13/2025 11:00,0.004183333,0.04702222,0.8749621,13.94744
10/13/2025 11:30,0.004788889,0.05192777,0.8720141,14.42921
10/13/2025 12:00,0.004394445,0.04845,0.8744302,14.39432
10/13/2025 12:30,0.003911111,0.04098889,0.8661103,14.34863
10/13/2025 13:00,0.005538889,0.06059444,0.873382,14.34667
10/13/2025 13:30,0.007944444,0.08562222,0.8716708,14.30609
10/13/2025 14:00,0.006099999,0.06473333,0.8697382,14.2864
10/13/2025 14:30,0.007388888,0.08306666,0.876382,14.25072
10/13/2025 15:00,0.005555556,0.06230555,0.876649,14.24036
10/13/2025 15:30,0.005972222,0.06922222,0.8792835,14.22714
10/13/2025 16:00,0.003511111,0.03976667,0.8770045,14.22643
10/13/2025 16:30,0.003205555,0.03893889,0.8843982,14.22342
10/13/2025 17:00,0.002811111,0.03483889,0.8824192,14.21211
10/13/2025 17:30,0.0015,0.01979444,0.8931559,14.20729
10/13/2025 18:00,0.000666667,0.009544444,0.9375705,13.44484
10/13/2025 18:30,0,0.000972222,NAN,13.19064
10/13/2025 19:00,0,0,NAN,13.10896
10/13/2025 19:30,0,0,NAN,13.07652
10/13/2025 20:00,0,0,NAN,13.05506
10/13/2025 20:30,0,0,NAN,13.03665
10/13/2025 21:00,0,0,NAN,13.02054
10/13/2025 21:30,0,0,NAN,13.00163
10/13/2025 22:00,0,0,NAN,12.9912
10/13/2025 22:30,0,0,NAN,12.9755
10/13/2025 23:00,0,0,NAN,12.96047
10/13/2025 23:30,0,0,NAN,12.94906
10/14/2025 0:00,0,0,NAN,12.93338
10/14/2025 0:30,0,0,NAN,12.91952
10/14/2025 1:00,0,0,NAN,12.9038
10/14/2025 1:30,0,0,NAN,12.89447
10/14/2025 2:00,0,0,NAN,12.89132
10/14/2025 2:30,0,0,NAN,12.88623
10/14/2025 3:00,0,0,NAN,12.87973
10/14/2025 3:30,0,0,NAN,12.87449
10/14/2025 4:00,0,0,NAN,12.86808
10/14/2025 4:30,0,0,NAN,12.86129
10/14/2025 5:00,0,0,NAN,12.85324
10/14/2025 5:30,0,0,NAN,12.84859
10/14/2025 6:00,0,0,NAN,12.84249
10/14/2025 6:30,0,0,NAN,12.83633
10/14/2025 7:00,0,0,NAN,12.83348
10/14/2025 7:30,0,0,NAN,12.82268
10/14/2025 8:00,0,0.000338889,NAN,12.81856
10/14/2025 8:30,0.000411111,0.005694444,0.9354871,12.83659
10/14/2025 9:00,0.001155556,0.01340555,0.8712127,12.95721
10/14/2025 9:30,0.002233333,0.02437778,0.8667331,13.16443
10/14/2025 10:00,0.002611111,0.02871666,0.8678538,13.56288
10/14/2025 10:30,0.002388889,0.02603889,0.8622552,13.88698
10/14/2025 11:00,0.003244444,0.03807222,0.8773652,14.13107
10/14/2025 11:30,0.003338889,0.03935,0.8780634,14.07618
10/14/2025 12:00,0.004277778,0.05043888,0.8830061,14.26305
10/14/2025 12:30,0.0029,0.03187222,0.8726987,14.1239
10/14/2025 13:00,0.002416667,0.02692222,0.8744398,14.08572
10/14/2025 13:30,0.002183333,0.02583889,0.8820096,14.02324
10/14/2025 14:00,0.004011111,0.04649444,0.8798858,14.27756
10/14/2025 14:30,0.0057,0.06821667,0.8847027,14.23402
10/14/2025 15:00,0.00175,0.02133333,0.8874242,13.90012
10/14/2025 15:30,0.002544445,0.02751666,0.8718087,14.22329
10/14/2025 16:00,0.002511111,0.02931111,0.8799725,13.80451
10/14/2025 16:30,0.004444444,0.05625555,0.8897042,14.20731
10/14/2025 17:00,0.003461111,0.04596666,0.8935149,14.1874
10/14/2025 17:30,0.001166667,0.01836111,0.9431347,13.66817
10/14/2025 18:00,0.001466667,0.02045,0.8924074,14.20537
10/14/2025 18:30,0.000322222,0.004505556,NAN,13.3637
10/14/2025 19:00,0,0.000105556,NAN,13.15534
10/14/2025 19:30,0,0,NAN,13.0937
10/14/2025 20:00,0,0,NAN,13.06136
10/14/2025 20:30,0,0,NAN,13.03954
10/14/2025 21:00,0,0,NAN,13.01979
10/14/2025 21:30,0,0,NAN,13.00215
10/14/2025 22:00,0,0,NAN,12.99736
10/14/2025 22:30,0,0,NAN,12.98363
10/14/2025 23:00,0,0,NAN,12.96736
10/14/2025 23:30,0,0,NAN,12.95354
10/15/2025 0:00,0,0,NAN,12.93869
10/15/2025 0:30,0,0,NAN,12.92447
10/15/2025 1:00,0,0,NAN,12.91079
10/15/2025 1:30,0,0,NAN,12.90541
10/15/2025 2:00,0,0,NAN,12.89418
10/15/2025 2:30,0,0,NAN,12.88088
10/15/2025 3:00,0,0,NAN,12.87229
10/15/2025 3:30,0,0,NAN,12.86144
10/15/2025 4:00,0,0,NAN,12.8517
10/15/2025 4:30,0,0,NAN,12.84317
10/15/2025 5:00,0,0,NAN,12.84124
10/15/2025 5:30,0,0,NAN,12.83578
10/15/2025 6:00,0,0,NAN,12.83104
10/15/2025 6:30,0,0,NAN,12.83049
10/15/2025 7:00,0,0,NAN,12.8288
10/15/2025 7:30,0,0,NAN,12.82574
10/15/2025 8:00,0,0.00035,NAN,12.82491
10/15/2025 8:30,0,0.001144444,1,12.83584
10/15/2025 9:00,0.000988889,0.01078889,0.9079879,12.85998
10/15/2025 9:30,0.001955556,0.01954444,0.8584034,13.03712
10/15/2025 10:00,0.0021,0.02127222,0.8530573,13.33426
10/15/2025 10:30,0.002055556,0.02137778,0.8648569,13.56288
10/15/2025 11:00,0.002344444,0.02458333,0.8622888,13.79859
10/15/2025 11:30,0.002694444,0.02970555,0.8731326,13.85873
10/15/2025 12:00,0.003866666,0.04577222,0.8827187,14.12568
10/15/2025 12:30,0.002022222,0.02287778,0.8743613,14.04126
10/15/2025 13:00,0.002538889,0.03103333,0.8849624,14.02344
10/15/2025 13:30,0.004916667,0.06017222,0.8883814,14.054
10/15/2025 14:00,0.003777778,0.04526111,0.8838473,14.17625
10/15/2025 14:30,0.005583333,0.06934444,0.8875999,14.17456
10/15/2025 15:00,0.005483333,0.06740555,0.8852142,14.13279
10/15/2025 15:30,0.005155555,0.06411111,0.8844827,14.09844
10/15/2025 16:00,0.003583333,0.04613889,0.8889357,14.08151
10/15/2025 16:30,0.004905555,0.06447778,0.8892832,14.10744
10/15/2025 17:00,0.002711111,0.0357,0.8879998,14.09683
10/15/2025 17:30,0.000266667,0.007177778,0.9793494,13.35583
10/15/2025 18:00,0.000111111,0.005516666,0.9875834,13.27097
10/15/2025 18:30,0.00035,0.007188888,0.9499902,13.40264
10/15/2025 19:00,0,0.000172222,NAN,13.15379
10/15/2025 19:30,0,0,NAN,13.08815
10/15/2025 20:00,0,0,NAN,13.05804
10/15/2025 20:30,0,0,NAN,13.0388
10/15/2025 21:00,0,0,NAN,13.02208
10/15/2025 21:30,0,0,NAN,12.99932
10/15/2025 22:00,0,0,NAN,12.98776
10/15/2025 22:30,0,0,NAN,12.97072
10/15/2025 23:00,0,0,NAN,12.95329
10/15/2025 23:30,0,0,NAN,12.94078
10/16/2025 0:00,0,0,NAN,12.9286
10/16/2025 0:30,0,0,NAN,12.91752
10/16/2025 1:00,0,0,NAN,12.90407
10/16/2025 1:30,0,0,NAN,12.8987
10/16/2025 2:00,0,0,NAN,12.88859
10/16/2025 2:30,0,0,NAN,12.87752
10/16/2025 3:00,0,0,NAN,12.87173
10/16/2025 3:30,0,0,NAN,12.86464
10/16/2025 4:00,0,0,NAN,12.85687
10/16/2025 4:30,0,0,NAN,12.84694
10/16/2025 5:00,0,0,NAN,12.83527
10/16/2025 5:30,0,0,NAN,12.83201
10/16/2025 6:00,0,0,NAN,12.82698
10/16/2025 6:30,0,0,NAN,12.82191
10/16/2025 7:00,0,0,NAN,12.8211
10/16/2025 7:30,0,0,NAN,12.81401
10/16/2025 8:00,5.56E-06,0.003783333,NAN,12.81608
10/16/2025 8:30,0.00055,0.009788889,0.9226765,12.90706
10/16/2025 9:00,0.001505556,0.02213889,0.8978766,13.01049
10/16/2025 9:30,0.002433333,0.03446667,0.9000593,13.31318
10/16/2025 10:00,0.003522222,0.04716666,0.8949428,13.61039
10/16/2025 10:30,0.002861111,0.03551111,0.8885871,13.9446
10/16/2025 11:00,0.004716666,0.06233333,0.8942484,13.99765
10/16/2025 11:30,0.00515,0.06889445,0.8964291,13.92267
10/16/2025 12:00,0.003477778,0.04455555,0.8904988,14.16513
10/16/2025 12:30,0.0033,0.04141667,0.8867559,14.21138
10/16/2025 13:00,0.0047,0.05971666,0.8895567,14.31053
10/16/2025 13:30,0.006377778,0.0781,0.8848644,14.28921
10/16/2025 14:00,0.005438889,0.06505555,0.8816189,14.26245
10/16/2025 14:30,0.005661111,0.07405555,0.8905388,14.26305
10/16/2025 15:00,0.005616666,0.07375555,0.8922425,14.16851
10/16/2025 15:30,0.005011111,0.07156111,0.9001537,14.24157
10/16/2025 16:00,0.004683333,0.06475,0.8964227,14.24307
10/16/2025 16:30,0.003422222,0.05023333,0.9010116,14.23127
10/16/2025 17:00,0.002672222,0.03973333,0.8998364,14.23993
10/16/2025 17:30,0.002438889,0.03733333,0.8991725,14.24516
10/16/2025 18:00,0.001305556,0.02111667,0.8993872,14.24633
10/16/2025 18:30,0.000244444,0.006083333,0.9599561,13.72758
10/16/2025 19:00,0,0.000283333,NAN,13.21703
10/16/2025 19:30,0,0,NAN,13.10511
10/16/2025 20:00,0,0,NAN,13.05943
10/16/2025 20:30,0,0,NAN,13.03217
10/16/2025 21:00,0,0,NAN,13.00588
10/16/2025 21:30,0,0,NAN,12.99098
10/16/2025 22:00,0,0,NAN,12.96981
10/16/2025 22:30,0,0,NAN,12.94816
10/16/2025 23:00,0,0,NAN,12.93041
10/16/2025 23:30,0,0,NAN,12.91238
10/17/2025 0:00,0,0,NAN,12.89758
10/17/2025 0:30,0,0,NAN,12.88285
10/17/2025 1:00,0,0,NAN,12.87529
10/17/2025 1:30,0,0,NAN,12.86402
10/17/2025 2:00,0,0,NAN,12.85234
10/17/2025 2:30,0,0,NAN,12.84197
10/17/2025 3:00,0,0,NAN,12.83154
10/17/2025 3:30,0,0,NAN,12.82125
10/17/2025 4:00,0,0,NAN,12.81093
10/17/2025 4:30,0,0,NAN,12.80469
10/17/2025 5:00,0,0,NAN,12.79684
10/17/2025 5:30,0,0,NAN,12.78951
10/17/2025 6:00,0,0,NAN,12.78268
10/17/2025 6:30,0,0,NAN,12.77724
10/17/2025 7:00,0,0,NAN,12.77516
10/17/2025 7:30,0,0,NAN,12.76689
10/17/2025 8:00,0,0.001566667,NAN,12.76781
10/17/2025 8:30,0.000916667,0.009016667,0.8426341,12.81049
10/17/2025 9:00,0.001794445,0.02048333,0.8766022,12.90167
10/17/2025 9:30,0.0022,0.03119444,0.9012479,13.00763
10/17/2025 10:00,0.003,0.04196667,0.8999299,13.09217
10/17/2025 10:30,0.003861111,0.05182222,0.8966243,13.17512
10/17/2025 11:00,0.004261111,0.06032222,0.901911,13.27365
10/17/2025 11:30,0.005,0.06683889,0.8962265,13.38073
10/17/2025 12:00,0.005016666,0.07186111,0.9027266,13.45684
10/17/2025 12:30,0.005644444,0.0752,0.8956598,13.69116
10/17/2025 13:00,0.006,0.07737777,0.8919414,13.74142
10/17/2025 13:30,0.006,0.07892778,0.8935862,14.27206
10/17/2025 14:00,0.005799999,0.0779,0.8950056,14.33039
10/17/2025 14:30,0.005127778,0.06875,0.8934704,14.29106
10/17/2025 15:00,0.005177778,0.07489999,0.9015182,14.27892
10/17/2025 15:30,0.004972222,0.0689,0.8968695,14.26386
10/17/2025 16:00,0.004044444,0.06254444,0.9066296,14.24672
10/17/2025 16:30,0.003838889,0.05506111,0.8989511,14.24783
10/17/2025 17:00,0.002683333,0.03985,0.8994237,14.2083
10/17/2025 17:30,0.002555556,0.03923889,0.8991886,14.23535
10/17/2025 18:00,0.001222222,0.0199,0.896499,14.23546
10/17/2025 18:30,7.78E-05,0.004444444,0.9864683,13.54434
10/17/2025 19:00,0,0.000466667,NAN,13.22386
10/17/2025 19:30,0,0,NAN,13.10488
10/17/2025 20:00,0,0,NAN,13.06305
10/17/2025 20:30,0,0,NAN,13.03265
10/17/2025 21:00,0,0,NAN,13.00729
10/17/2025 21:30,0,0,NAN,12.98454
10/17/2025 22:00,0,0,NAN,12.96605
10/17/2025 22:30,0,0,NAN,12.94974
10/17/2025 23:00,0,0,NAN,12.93553
10/17/2025 23:30,0,0,NAN,12.92365
10/18/2025 0:00,0,0,NAN,12.91783
10/18/2025 0:30,0,0,NAN,12.9021
10/18/2025 1:00,0,0,NAN,12.88462
10/18/2025 1:30,0,0,NAN,12.87044
10/18/2025 2:00,0,0,NAN,12.85646
10/18/2025 2:30,0,0,NAN,12.8434
10/18/2025 3:00,0,0,NAN,12.83324
10/18/2025 3:30,0,0,NAN,12.82825
10/18/2025 4:00,0,0,NAN,12.82168
10/18/2025 4:30,0,0,NAN,12.8171
10/18/2025 5:00,0,0,NAN,12.81489
10/18/2025 5:30,0,0,NAN,12.80996
10/18/2025 6:00,0,0,NAN,12.8043
10/18/2025 6:30,0,0,NAN,12.79788
10/18/2025 7:00,0,0,NAN,12.79382
10/18/2025 7:30,0,0,NAN,12.78175
10/18/2025 8:00,0,0.001488889,NAN,12.77849
10/18/2025 8:30,0.000833333,0.00925,0.8670622,12.81684
10/18/2025 9:00,0.00155,0.02094444,0.8957261,12.91827
10/18/2025 9:30,0.002133333,0.03225555,0.9064648,13.02747
10/18/2025 10:00,0.003,0.04328333,0.9025241,13.10233
10/18/2025 10:30,0.003861111,0.05364444,0.8995978,13.17061
10/18/2025 11:00,0.004161111,0.06206111,0.9061765,13.27404
10/18/2025 11:30,0.004983333,0.06851666,0.8983558,13.38159
10/18/2025 12:00,0.005,0.07311666,0.9039699,13.45107
10/18/2025 12:30,0.005599999,0.07651111,0.8974931,13.65627
10/18/2025 13:00,0.006,0.07866666,0.893078,13.704
10/18/2025 13:30,0.006,0.079,0.8932307,14.19629
10/18/2025 14:00,0.006,0.07825,0.8919551,14.24665
10/18/2025 14:30,0.005505555,0.07642222,0.8979511,14.22063
10/18/2025 15:00,0.005005555,0.07335556,0.9025953,14.20441
10/18/2025 15:30,0.004927778,0.06872778,0.8973844,14.18933
10/18/2025 16:00,0.004016667,0.06276111,0.9071241,14.17884
10/18/2025 16:30,0.003672222,0.05514999,0.9030597,14.16637
10/18/2025 17:00,0.002994444,0.04569444,0.9022458,14.16294
10/18/2025 17:30,0.002061111,0.03407222,0.906298,14.16955
10/18/2025 18:00,0.001116667,0.01847778,0.8986668,14.17744
10/18/2025 18:30,2.22E-05,0.004644444,0.9961164,13.48006
10/18/2025 19:00,0,0.000177778,NAN,13.19391
10/18/2025 19:30,0,0,NAN,13.10601
10/18/2025 20:00,0,0,NAN,13.0636
10/18/2025 20:30,0,0,NAN,13.03624
10/18/2025 21:00,0,0,NAN,13.01139
10/18/2025 21:30,0,0,NAN,12.99421
10/18/2025 22:00,0,0,NAN,12.97572
10/18/2025 22:30,0,0,NAN,12.95715
10/18/2025 23:00,0,0,NAN,12.94321
10/18/2025 23:30,0,0,NAN,12.93315
10/19/2025 0:00,0,0,NAN,12.91931
10/19/2025 0:30,0,0,NAN,12.9055
10/19/2025 1:00,0,0,NAN,12.88787
10/19/2025 1:30,0,0,NAN,12.87184
10/19/2025 2:00,0,0,NAN,12.85722
10/19/2025 2:30,0,0,NAN,12.84656
10/19/2025 3:00,0,0,NAN,12.83689
10/19/2025 3:30,0,0,NAN,12.82934
10/19/2025 4:00,0,0,NAN,12.81828
10/19/2025 4:30,0,0,NAN,12.80918
10/19/2025 5:00,0,0,NAN,12.80088
10/19/2025 5:30,0,0,NAN,12.79364
10/19/2025 6:00,0,0,NAN,12.78613
10/19/2025 6:30,0,0,NAN,12.7809
10/19/2025 7:00,0,0,NAN,12.7773
10/19/2025 7:30,0,0,NAN,12.76857
10/19/2025 8:00,0,0.001188889,NAN,12.76765
10/19/2025 8:30,0.001066667,0.009205556,0.8289235,12.80864
10/19/2025 9:00,0.002,0.02022778,0.8593159,12.89711
10/19/2025 9:30,0.002122222,0.03032778,0.9023787,12.99573
10/19/2025 10:00,0.002994444,0.04055,0.8973593,13.0708
10/19/2025 10:30,0.003361111,0.04998333,0.9067834,13.15406
10/19/2025 11:00,0.004,0.05813888,0.9043649,13.25342
10/19/2025 11:30,0.004622222,0.06537222,0.9021184,13.35217
10/19/2025 12:00,0.005,0.07094444,0.9019823,13.42613
10/19/2025 12:30,0.005138888,0.07482222,0.9041868,13.62775
10/19/2025 13:00,0.005888889,0.07689444,0.8933583,13.69679
10/19/2025 13:30,0.006,0.07793888,0.8924583,14.18148
10/19/2025 14:00,0.005944444,0.07672222,0.8912855,14.23029
10/19/2025 14:30,0.005072222,0.07457222,0.9036576,14.19524
10/19/2025 15:00,0.005,0.07153889,0.9005607,14.16882
10/19/2025 15:30,0.004877778,0.06763888,0.8969775,14.13711
10/19/2025 16:00,0.004016667,0.06154444,0.9055089,14.11405
10/19/2025 16:30,0.003483333,0.05369445,0.9056995,14.10309
10/19/2025 17:00,0.002927778,0.04418889,0.9017661,14.09354
10/19/2025 17:30,0.001994445,0.03229444,0.9046849,14.10323
10/19/2025 18:00,0.001,0.01687778,0.9039859,14.1138
10/19/2025 18:30,0,0.003716666,1,13.43441
10/19/2025 19:00,0,7.78E-05,NAN,13.18212
10/19/2025 19:30,0,0,NAN,13.10806
10/19/2025 20:00,0,0,NAN,13.07353
10/19/2025 20:30,0,0,NAN,13.04741
10/19/2025 21:00,0,0,NAN,13.02332
10/19/2025 21:30,0,0,NAN,13.00248
10/19/2025 22:00,0,0,NAN,12.98312
10/19/2025 22:30,0,0,NAN,12.96995
10/19/2025 23:00,0,0,NAN,12.95722
10/19/2025 23:30,0,0,NAN,12.94232
10/20/2025 0:00,0,0,NAN,12.92775
10/20/2025 0:30,0,0,NAN,12.91664
10/20/2025 1:00,0,0,NAN,12.9104
10/20/2025 1:30,0,0,NAN,12.90296
10/20/2025 2:00,0,0,NAN,12.89786
10/20/2025 2:30,0,0,NAN,12.90165
10/20/2025 3:00,0,0,NAN,12.89948
10/20/2025 3:30,0,0,NAN,12.89719
10/20/2025 4:00,0,0,NAN,12.89133
10/20/2025 4:30,0,0,NAN,12.88828
10/20/2025 5:00,0,0,NAN,12.8804
10/20/2025 5:30,0,0,NAN,12.87353
10/20/2025 6:00,0,0,NAN,12.8671
10/20/2025 6:30,0,0,NAN,12.86437
10/20/2025 7:00,0,0,NAN,12.85809
10/20/2025 7:30,0,0,NAN,12.84757
10/20/2025 8:00,0,0.0013,NAN,12.84419
10/20/2025 8:30,0.000683333,0.01282778,0.9231536,12.87679
10/20/2025 9:00,0.001916667,0.02708889,0.8916517,12.9908
10/20/2025 9:30,0.002188889,0.03150555,0.8989426,13.18721
10/20/2025 10:00,0.003027778,0.04255556,0.8972436,13.42029
10/20/2025 10:30,0.003477778,0.05026666,0.9008584,13.7088
10/20/2025 11:00,0.004377778,0.06521111,0.9037663,13.68581
10/20/2025 11:30,0.004972222,0.06911667,0.8973188,13.63487
10/20/2025 12:00,0.005533333,0.07711111,0.8976381,13.64283
10/20/2025 12:30,0.006,0.08142222,0.8946553,13.75006
10/20/2025 13:00,0.006,0.0829,0.8962402,13.80148
10/20/2025 13:30,0.006,0.08314443,0.8963298,14.25049
10/20/2025 14:00,0.006,0.08132778,0.8939249,14.24134
10/20/2025 14:30,0.00575,0.07848889,0.8944328,14.22903
10/20/2025 15:00,0.005061111,0.07507778,0.9019113,14.21197
10/20/2025 15:30,0.005,0.07057222,0.8964277,14.20525
10/20/2025 16:00,0.0042,0.06443889,0.9035971,14.19873
10/20/2025 16:30,0.003683333,0.05656666,0.9025356,14.20282
10/20/2025 17:00,0.003,0.04696111,0.9015452,14.2012
10/20/2025 17:30,0.00205,0.03511111,0.9058095,14.20179
10/20/2025 18:00,0.00105,0.01807222,0.8953797,14.21683
10/20/2025 18:30,1.11E-05,0.004366667,0.99781,13.44538
10/20/2025 19:00,0,0.0001,NAN,13.18193
10/20/2025 19:30,0,0,NAN,13.08321
10/20/2025 20:00,0,0,NAN,13.03749
10/20/2025 20:30,0,0,NAN,13.00698
10/20/2025 21:00,0,0,NAN,12.98371
10/20/2025 21:30,0,0,NAN,12.97218
10/20/2025 22:00,0,0,NAN,12.95901
10/20/2025 22:30,0,0,NAN,12.94201
10/20/2025 23:00,0,0,NAN,12.928
10/20/2025 23:30,0,0,NAN,12.91256
10/21/2025 0:00,0,0,NAN,12.89673
10/21/2025 0:30,0,0,NAN,12.88206
10/21/2025 1:00,0,0,NAN,12.86755
10/21/2025 1:30,0,0,NAN,12.85822
10/21/2025 2:00,0,0,NAN,12.84428
10/21/2025 2:30,0,0,NAN,12.83144
10/21/2025 3:00,0,0,NAN,12.81641
10/21/2025 3:30,0,0,NAN,12.80158
10/21/2025 4:00,0,0,NAN,12.79202
10/21/2025 4:30,0,0,NAN,12.78203
10/21/2025 5:00,0,0,NAN,12.76679
10/21/2025 5:30,0,0,NAN,12.75792
10/21/2025 6:00,0,0,NAN,12.7534
10/21/2025 6:30,0,0,NAN,12.74675
10/21/2025 7:00,0,0,NAN,12.7389
10/21/2025 7:30,0,0,NAN,12.72725
10/21/2025 8:00,0,0.001027778,NAN,12.72532
10/21/2025 8:30,0.001055556,0.009538889,0.8391049,12.76227
10/21/2025 9:00,0.002144445,0.02052778,0.8485439,12.85004
10/21/2025 9:30,0.003,0.03121667,0.8631939,12.94615
10/21/2025 10:00,0.003561111,0.04056666,0.8770034,13.0256
10/21/2025 10:30,0.004,0.04914444,0.8851577,13.12095
10/21/2025 11:00,0.004638889,0.05689444,0.8855855,13.22967
10/21/2025 11:30,0.005,0.06382778,0.8895629,13.3511
10/21/2025 12:00,0.005,0.06982222,0.898524,13.45164
10/21/2025 12:30,0.005522222,0.07425556,0.894835,13.7042
10/21/2025 13:00,0.006,0.07660555,0.889167,13.86088
10/21/2025 13:30,0.006,0.07697777,0.889401,14.34329
10/21/2025 14:00,0.006,0.07571667,0.8873076,14.30916
10/21/2025 14:30,0.005338889,0.07290555,0.8951813,14.28378
10/21/2025 15:00,0.005,0.06952222,0.8963617,14.26659
10/21/2025 15:30,0.004688889,0.06531667,0.8961328,14.24529
10/21/2025 16:00,0.004,0.05991667,0.9020806,14.23425
10/21/2025 16:30,0.003288889,0.05266111,0.9074159,14.22643
10/21/2025 17:00,0.00285,0.04386667,0.9019846,14.22894
10/21/2025 17:30,0.001988889,0.03278889,0.9039131,14.23385
10/21/2025 18:00,0.000916667,0.01699444,0.9100093,14.24083
10/21/2025 18:30,0,0.003611111,NAN,13.46948
10/21/2025 19:00,0,2.78E-05,NAN,13.19367
10/21/2025 19:30,0,0,NAN,13.0942
10/21/2025 20:00,0,0,NAN,13.04673
10/21/2025 20:30,0,0,NAN,13.01392
10/21/2025 21:00,0,0,NAN,12.98559
10/21/2025 21:30,0,0,NAN,12.96604
10/21/2025 22:00,0,0,NAN,12.95338
10/21/2025 22:30,0,0,NAN,12.9347
10/21/2025 23:00,0,0,NAN,12.91722
10/21/2025 23:30,0,0,NAN,12.89866
10/22/2025 0:00,0,0,NAN,12.88028
10/22/2025 0:30,0,0,NAN,12.86882
10/22/2025 1:00,0,0,NAN,12.85492
10/22/2025 1:30,0,0,NAN,12.84694
10/22/2025 2:00,0,0,NAN,12.83334
10/22/2025 2:30,0,0,NAN,12.81932
10/22/2025 3:00,0,0,NAN,12.80557
10/22/2025 3:30,0,0,NAN,12.79325
10/22/2025 4:00,0,0,NAN,12.78247
10/22/2025 4:30,0,0,NAN,12.77459
10/22/2025 5:00,0,0,NAN,12.76764
10/22/2025 5:30,0,0,NAN,12.75767
10/22/2025 6:00,0,0,NAN,12.74934
10/22/2025 6:30,0,0,NAN,12.74221
10/22/2025 7:00,0,0,NAN,12.73748
10/22/2025 7:30,0,0,NAN,12.73105
10/22/2025 8:00,0,0.001072222,NAN,12.7299
10/22/2025 8:30,0.001294445,0.008911111,0.7934728,12.77179
10/22/2025 9:00,0.0026,0.02002778,0.8176978,12.87437
10/22/2025 9:30,0.003,0.03055,0.8613827,12.96372
10/22/2025 10:00,0.003033333,0.03971666,0.8919678,13.0303
10/22/2025 10:30,0.003961111,0.04838333,0.88506,13.13007
10/22/2025 11:00,0.004122222,0.05592222,0.8963217,13.24354
10/22/2025 11:30,0.004977778,0.06281666,0.8888561,13.36195
10/22/2025 12:00,0.004883333,0.06661111,0.8964533,13.49987
10/22/2025 12:30,0.005305556,0.07126111,0.8946667,13.83539
10/22/2025 13:00,0.005583333,0.07582777,0.8957196,14.11304
10/22/2025 13:30,0.004888889,0.06405,0.8909816,14.30894
10/22/2025 14:00,0.004605555,0.05795,0.8858165,14.28908
10/22/2025 14:30,0.004494444,0.06013333,0.892778,14.26326
10/22/2025 15:00,0.004661111,0.06340556,0.8978502,14.21231
10/22/2025 15:30,0.002966667,0.04200555,0.9008499,14.17041
10/22/2025 16:00,0.004233333,0.06103333,0.8983845,14.20415
10/22/2025 16:30,0.002544445,0.03838889,0.9083546,13.9389
10/22/2025 17:00,0.002005556,0.03192222,0.9250573,13.664
10/22/2025 17:30,0.00095,0.01621667,0.9249736,13.64567
10/22/2025 18:00,0.000422222,0.008827778,0.9680186,13.45811
10/22/2025 18:30,0,0.001333333,NAN,13.30278
10/22/2025 19:00,0,0,NAN,13.13688
10/22/2025 19:30,0,0,NAN,13.07118
10/22/2025 20:00,0,0,NAN,13.03815
10/22/2025 20:30,0,0,NAN,13.01555
10/22/2025 21:00,0,0,NAN,12.99888
10/22/2025 21:30,0,0,NAN,12.98129
10/22/2025 22:00,0,0,NAN,12.97314
10/22/2025 22:30,0,0,NAN,12.95845
10/22/2025 23:00,0,0,NAN,12.94055
10/22/2025 23:30,0,0,NAN,12.92304
10/23/2025 0:00,0,0,NAN,12.9025
10/23/2025 0:30,0,0,NAN,12.88384
10/23/2025 1:00,0,0,NAN,12.86672
10/23/2025 1:30,0,0,NAN,12.86042
10/23/2025 2:00,0,0,NAN,12.8495
10/23/2025 2:30,0,0,NAN,12.84085
10/23/2025 3:00,0,0,NAN,12.8372
10/23/2025 3:30,0,0,NAN,12.83344
10/23/2025 4:00,0,0,NAN,12.83035
10/23/2025 4:30,0,0,NAN,12.82835
10/23/2025 5:00,0,0,NAN,12.83029
10/23/2025 5:30,0,0,NAN,12.83035
10/23/2025 6:00,0,0,NAN,12.82891
10/23/2025 6:30,0,0,NAN,12.82917
10/23/2025 7:00,0,0,NAN,12.82655
10/23/2025 7:30,0,0,NAN,12.82412
10/23/2025 8:00,0,0.000666667,NAN,12.81956
10/23/2025 8:30,0,0.003844444,1,12.83056
10/23/2025 9:00,0.001405556,0.02032778,0.8960248,12.89282
10/23/2025 9:30,0.001494444,0.01960555,0.8836242,13.34609
10/23/2025 10:00,0.001177778,0.01621667,0.8948265,13.42341
10/23/2025 10:30,0.001205556,0.01897222,0.9093202,13.50708
10/23/2025 11:00,0.001133333,0.01746111,0.9070579,13.5755
10/23/2025 11:30,0.001005556,0.01758333,0.9167003,13.58363
10/23/2025 12:00,0.001861111,0.02511667,0.8959395,13.62
10/23/2025 12:30,0.003288889,0.03937222,0.8816227,13.90479
10/23/2025 13:00,0.003522222,0.04332222,0.8859958,14.25933
10/23/2025 13:30,0.003622222,0.04605556,0.8888893,14.27469
10/23/2025 14:00,0.003872222,0.04775555,0.8852003,14.26045
10/23/2025 14:30,0.00245,0.03021666,0.8817575,14.06964
10/23/2025 15:00,0.002388889,0.03041667,0.8872291,14.05913
10/23/2025 15:30,0.004944444,0.06378888,0.8902314,14.22629
10/23/2025 16:00,0.003722222,0.05028888,0.8944777,14.21888
10/23/2025 16:30,0.002038889,0.02750555,0.8974985,14.20284
10/23/2025 17:00,0.00195,0.02567222,0.8761309,13.95838
10/23/2025 17:30,0.000488889,0.007716666,0.9155331,13.52011
10/23/2025 18:00,5.56E-06,0.004588889,0.9987451,13.3112
10/23/2025 18:30,0,0.001388889,1,13.14582
10/23/2025 19:00,0,1.11E-05,NAN,13.08272
10/23/2025 19:30,0,0,NAN,13.05068
10/23/2025 20:00,0,0,NAN,13.02799
10/23/2025 20:30,0,0,NAN,13.00773
10/23/2025 21:00,0,0,NAN,12.99567
10/23/2025 21:30,0,0,NAN,12.97946
10/23/2025 22:00,0,0,NAN,12.96116
10/23/2025 22:30,0,0,NAN,12.94015
10/23/2025 23:00,0,0,NAN,12.92241
10/23/2025 23:30,0,0,NAN,12.90451
10/24/2025 0:00,0,0,NAN,12.8904
10/24/2025 0:30,0,0,NAN,12.8792
10/24/2025 1:00,0,0,NAN,12.87735
10/24/2025 1:30,0,0,NAN,12.87277
10/24/2025 2:00,0,0,NAN,12.86572
10/24/2025 2:30,0,0,NAN,12.85762
10/24/2025 3:00,0,0,NAN,12.84704
10/24/2025 3:30,0,0,NAN,12.83945
10/24/2025 4:00,0,0,NAN,12.83051
10/24/2025 4:30,0,0,NAN,12.82589
10/24/2025 5:00,0,0,NAN,12.81642
10/24/2025 5:30,0,0,NAN,12.80722
10/24/2025 6:00,0,0,NAN,12.80071
10/24/2025 6:30,0,0,NAN,12.79399
10/24/2025 7:00,0,0,NAN,12.78726
10/24/2025 7:30,0,0,NAN,12.77958
10/24/2025 8:00,0,0.000722222,NAN,12.77283
10/24/2025 8:30,0.000538889,0.007555555,0.9189208,12.79749
10/24/2025 9:00,0.001161111,0.01942222,0.9139953,12.88216
10/24/2025 9:30,0.002011111,0.03057778,0.9068609,12.9668
10/24/2025 10:00,0.002872222,0.04186666,0.9046518,13.04661
10/24/2025 10:30,0.003611111,0.05226111,0.9043872,13.13494
10/24/2025 11:00,0.004055555,0.0607,0.9068955,13.21996
10/24/2025 11:30,0.004961111,0.06787778,0.898428,13.32069
10/24/2025 12:00,0.0051,0.07340555,0.9030073,13.40988
10/24/2025 12:30,0.005688888,0.07586111,0.8954988,13.62855
10/24/2025 13:00,0.006,0.07703888,0.8913773,13.82859
10/24/2025 13:30,0.006,0.07757222,0.8917385,14.26467
10/24/2025 14:00,0.006,0.07663888,0.8902254,14.23519
10/24/2025 14:30,0.005288889,0.07438333,0.8995684,14.21327
10/24/2025 15:00,0.005,0.07086111,0.8996994,14.17854
10/24/2025 15:30,0.004944444,0.06613889,0.8934352,14.1635
10/24/2025 16:00,0.004038889,0.06008888,0.9028416,14.1482
10/24/2025 16:30,0.003494445,0.05227222,0.9027048,14.14359
10/24/2025 17:00,0.002883333,0.04276111,0.8995222,14.14109
10/24/2025 17:30,0.001972222,0.03103333,0.9005048,14.14338
10/24/2025 18:00,0.000805556,0.01435556,0.9117158,14.15421
10/24/2025 18:30,0,0.002077778,NAN,13.32019
10/24/2025 19:00,0,0,NAN,13.14649
10/24/2025 19:30,0,0,NAN,13.08418
10/24/2025 20:00,0,0,NAN,13.05473
10/24/2025 20:30,0,0,NAN,13.02622
10/24/2025 21:00,0,0,NAN,13.00413
10/24/2025 21:30,0,0,NAN,12.98406
10/24/2025 22:00,0,0,NAN,12.9641
10/24/2025 22:30,0,0,NAN,12.94511
10/24/2025 23:00,0,0,NAN,12.93138
10/24/2025 23:30,0,0,NAN,12.91536
10/25/2025 0:00,0,0,NAN,12.90098
10/25/2025 0:30,0,0,NAN,12.89208
10/25/2025 1:00,0,0,NAN,12.87842
10/25/2025 1:30,0,0,NAN,12.86403
10/25/2025 2:00,0,0,NAN,12.85141
10/25/2025 2:30,0,0,NAN,12.83889
10/25/2025 3:00,0,0,NAN,12.82688
10/25/2025 3:30,0,0,NAN,12.81505
10/25/2025 4:00,0,0,NAN,12.80824
10/25/2025 4:30,0,0,NAN,12.79858
10/25/2025 5:00,0,0,NAN,12.79085
10/25/2025 5:30,0,0,NAN,12.78443
10/25/2025 6:00,0,0,NAN,12.77658
10/25/2025 6:30,0,0,NAN,12.76939
10/25/2025 7:00,0,0,NAN,12.76415
10/25/2025 7:30,0,5.56E-06,NAN,12.75581
10/25/2025 8:00,0,0.001833333,NAN,12.75684
10/25/2025 8:30,0.001316667,0.009855555,0.8040351,12.8035
10/25/2025 9:00,0.001555556,0.01385,0.8408791,12.9409
10/25/2025 9:30,0.001688889,0.01933889,0.8797652,13.06432
10/25/2025 10:00,0.003072222,0.03931111,0.889892,13.24318
10/25/2025 10:30,0.003622222,0.04471111,0.8846492,13.73853
10/25/2025 11:00,0.003,0.03463889,0.8751923,14.2825
10/25/2025 11:30,0.003216667,0.04132222,0.8881356,14.29448
10/25/2025 12:00,0.005033333,0.07037777,0.8987838,14.33131
10/25/2025 12:30,0.005161111,0.06782222,0.8919907,14.31943
10/25/2025 13:00,0.005172222,0.06958333,0.8951057,14.29553
10/25/2025 13:30,0.005172222,0.06831111,0.8925745,14.27938
10/25/2025 14:00,0.004583333,0.05918888,0.8907537,14.24848
10/25/2025 14:30,0.005372222,0.07236111,0.8943787,14.21436
10/25/2025 15:00,0.004433333,0.05793889,0.8901861,14.18841
10/25/2025 15:30,0.003455556,0.04612222,0.8913804,14.16879
10/25/2025 16:00,0.00245,0.03463333,0.8968019,14.17931
10/25/2025 16:30,0.001833333,0.02610555,0.8981692,14.19291
10/25/2025 17:00,0.000994445,0.01235,0.8784496,13.57805
10/25/2025 17:30,0.000222222,0.006733333,0.9596469,13.3561
10/25/2025 18:00,0,0.004777778,1,13.29739
10/25/2025 18:30,0,0.001527778,NAN,13.19396
10/25/2025 19:00,0,0,NAN,13.10322
10/25/2025 19:30,0,0,NAN,13.05896
10/25/2025 20:00,0,0,NAN,13.03934
10/25/2025 20:30,0,0,NAN,13.01737
10/25/2025 21:00,0,0,NAN,12.99868
10/25/2025 21:30,0,0,NAN,12.98369
10/25/2025 22:00,0,0,NAN,12.96843
10/25/2025 22:30,0,0,NAN,12.95471
10/25/2025 23:00,0,0,NAN,12.94039
10/25/2025 23:30,0,0,NAN,12.92385
10/26/2025 0:00,0,0,NAN,12.91715
10/26/2025 0:30,0,0,NAN,12.90643
10/26/2025 1:00,0,0,NAN,12.89442
10/26/2025 1:30,0,0,NAN,12.88762
10/26/2025 2:00,0,0,NAN,12.87858
10/26/2025 2:30,0,0,NAN,12.87026
10/26/2025 3:00,0,0,NAN,12.85995
10/26/2025 3:30,0,0,NAN,12.85397
10/26/2025 4:00,0,0,NAN,12.84863
10/26/2025 4:30,0,0,NAN,12.83704
10/26/2025 5:00,0,0,NAN,12.82556
10/26/2025 5:30,0,0,NAN,12.81437
10/26/2025 6:00,0,0,NAN,12.80545
10/26/2025 6:30,0,0,NAN,12.7973
10/26/2025 7:00,0,0,NAN,12.79325
10/26/2025 7:30,0,0,NAN,12.79064
10/26/2025 8:00,0,0.000105556,NAN,12.78428
10/26/2025 8:30,0,0.002488889,NAN,12.78947
10/26/2025 9:00,0.000711111,0.01115556,0.9495564,12.82809
10/26/2025 9:30,0.001716667,0.02353889,0.8938615,12.93537
10/26/2025 10:00,0.001,0.01275,0.8840958,13.1764
10/26/2025 10:30,0.001033333,0.01186667,0.8671606,13.17615
10/26/2025 11:00,0.001922222,0.02527222,0.8896239,13.29755
10/26/2025 11:30,0.001355556,0.01699444,0.8810096,13.5735
10/26/2025 12:00,0.00265,0.0331,0.886201,13.73848
10/26/2025 12:30,0.002961111,0.03729444,0.8872012,14.06764
10/26/2025 13:00,0.001533333,0.02124444,0.8976654,13.93901
10/26/2025 13:30,0.001961111,0.02343889,0.8791701,13.94699
10/26/2025 14:00,0.0022,0.02913333,0.8912401,14.00866
10/26/2025 14:30,0.00405,0.05117222,0.8880284,14.30132
10/26/2025 15:00,0.002994444,0.03819444,0.8916072,14.27379
10/26/2025 15:30,0.004955556,0.06375,0.8895603,14.20524
10/26/2025 16:00,0.004977778,0.06508888,0.8905991,14.16224
10/26/2025 16:30,0.003177778,0.0427,0.8940452,14.14686
10/26/2025 17:00,0.001344444,0.01838889,0.8934836,13.82284
10/26/2025 17:30,0.000438889,0.007605555,0.9278964,13.63692
10/26/2025 18:00,5.56E-06,0.004605555,0.998755,13.40206
10/26/2025 18:30,0,0.000872222,NAN,13.23635
10/26/2025 19:00,0,0,NAN,13.11965
10/26/2025 19:30,0,0,NAN,13.06819
10/26/2025 20:00,0,0,NAN,13.04276
10/26/2025 20:30,0,0,NAN,13.02739
10/26/2025 21:00,0,0,NAN,13.00969
10/26/2025 21:30,0,0,NAN,12.99123
10/26/2025 22:00,0,0,NAN,12.97754
10/26/2025 22:30,0,0,NAN,12.95925
10/26/2025 23:00,0,0,NAN,12.93869
10/26/2025 23:30,0,0,NAN,12.91604
10/27/2025 0:00,0,0,NAN,12.9036
10/27/2025 0:30,0,0,NAN,12.88887
10/27/2025 1:00,0,0,NAN,12.87696
10/27/2025 1:30,0,0,NAN,12.87324
10/27/2025 2:00,0,0,NAN,12.86839
10/27/2025 2:30,0,0,NAN,12.86144
10/27/2025 3:00,0,0,NAN,12.85212
10/27/2025 3:30,0,0,NAN,12.84505
10/27/2025 4:00,0,0,NAN,12.83976
10/27/2025 4:30,0,0,NAN,12.8296
10/27/2025 5:00,0,0,NAN,12.818
10/27/2025 5:30,0,0,NAN,12.80985
10/27/2025 6:00,0,0,NAN,12.80254
10/27/2025 6:30,0,0,NAN,12.79527
10/27/2025 7:00,0,0,NAN,12.78938
10/27/2025 7:30,0,0,NAN,12.78805
10/27/2025 8:00,0,0.000288889,NAN,12.77839
10/27/2025 8:30,5.56E-06,0.003733333,0.998712,12.78728
10/27/2025 9:00,0.000616667,0.009938888,0.9213791,12.85718
10/27/2025 9:30,0.000655556,0.01030555,0.9374925,12.94956
10/27/2025 10:00,0.00295,0.03877222,0.8905001,13.05046
10/27/2025 10:30,0.003227778,0.04477222,0.9000702,13.5265
10/27/2025 11:00,0.004266667,0.05817222,0.898844,13.51496
10/27/2025 11:30,0.005,0.06543333,0.89446,13.50855
10/27/2025 12:00,0.005788888,0.07002223,0.885942,13.55716
10/27/2025 12:30,0.006038888,0.07253888,0.8845075,13.73398
10/27/2025 13:00,0.006488889,0.07436112,0.8790253,13.89625
10/27/2025 13:30,0.006505555,0.07426666,0.8781772,14.22337
10/27/2025 14:00,0.006516667,0.07348888,0.8757772,14.23867
10/27/2025 14:30,0.006288889,0.07212777,0.8771236,14.24369
10/27/2025 15:00,0.006055555,0.06877222,0.8755915,14.24176
10/27/2025 15:30,0.0059,0.06415,0.8690462,14.2586
10/27/2025 16:00,0.005055555,0.05743333,0.8729108,14.28017
10/27/2025 16:30,0.004322222,0.04965555,0.8720476,14.28267
10/27/2025 17:00,0.003566667,0.04012222,0.8661532,14.3084
10/27/2025 17:30,0.002488889,0.02784444,0.8587486,14.32583
10/27/2025 18:00,0.000927778,0.01180556,0.8715421,14.35007
10/27/2025 18:30,0,0.001538889,NAN,13.35879
10/27/2025 19:00,0,0,NAN,13.14886
10/27/2025 19:30,0,0,NAN,13.07367
10/27/2025 20:00,0,0,NAN,13.03705
10/27/2025 20:30,0,0,NAN,13.01217
10/27/2025 21:00,0,0,NAN,12.98707
10/27/2025 21:30,0,0,NAN,12.96531
10/27/2025 22:00,0,0,NAN,12.94365
10/27/2025 22:30,0,0,NAN,12.92134
10/27/2025 23:00,0,0,NAN,12.89507
10/27/2025 23:30,0,0,NAN,12.87888
10/28/2025 0:00,0,0,NAN,12.85903
10/28/2025 0:30,0,0,NAN,12.8399
10/28/2025 1:00,0,0,NAN,12.82404
10/28/2025 1:30,0,0,NAN,12.81089
10/28/2025 2:00,0,0,NAN,12.7977
10/28/2025 2:30,0,0,NAN,12.78934
10/28/2025 3:00,0,0,NAN,12.78215
10/28/2025 3:30,0,0,NAN,12.76905
10/28/2025 4:00,0,0,NAN,12.75602
10/28/2025 4:30,0,0,NAN,12.74331
10/28/2025 5:00,0,0,NAN,12.73259
10/28/2025 5:30,0,0,NAN,12.72486
10/28/2025 6:00,0,0,NAN,12.71913
10/28/2025 6:30,0,0,NAN,12.711
10/28/2025 7:00,0,0,NAN,12.70435
10/28/2025 7:30,0,0,NAN,12.69778
10/28/2025 8:00,0,0.000522222,NAN,12.69159
10/28/2025 8:30,0.000611111,0.007127778,0.8930895,12.71203
10/28/2025 9:00,0.001866667,0.01841111,0.8520415,12.80856
10/28/2025 9:30,0.003,0.02834444,0.8480641,12.90011
10/28/2025 10:00,0.003544444,0.03756667,0.8670678,12.98544
10/28/2025 10:30,0.004111111,0.0456,0.8727549,13.07457
10/28/2025 11:00,0.004994444,0.05219444,0.8656816,13.19414
10/28/2025 11:30,0.005422222,0.05808888,0.8691795,13.31675
10/28/2025 12:00,0.006,0.06272222,0.8659005,13.45993
10/28/2025 12:30,0.006,0.06626111,0.8724736,13.7523
10/28/2025 13:00,0.006,0.06878889,0.8767248,13.82649
10/28/2025 13:30,0.006,0.07,0.8784475,14.45541
10/28/2025 14:00,0.006,0.0694,0.8771639,14.4429
10/28/2025 14:30,0.006,0.06700555,0.8726808,14.42477
10/28/2025 15:00,0.005966667,0.06402222,0.8671703,14.41781
10/28/2025 15:30,0.005122222,0.0601,0.8770499,14.40475
10/28/2025 16:00,0.004655555,0.05435555,0.8756047,14.38908
10/28/2025 16:30,0.003972223,0.04757222,0.8764494,14.38519
10/28/2025 17:00,0.003038889,0.03904444,0.8815106,14.39343
10/28/2025 17:30,0.002116667,0.02739444,0.8770233,14.3899
10/28/2025 18:00,0.000711111,0.01048333,0.9015113,13.91277
10/28/2025 18:30,0,0.001194444,NAN,13.46543
10/28/2025 19:00,0,0,NAN,13.18314
10/28/2025 19:30,0,0,NAN,13.07194
10/28/2025 20:00,0,0,NAN,13.01745
10/28/2025 20:30,0,0,NAN,12.98158
10/28/2025 21:00,0,0,NAN,12.95387
10/28/2025 21:30,0,0,NAN,12.92889
10/28/2025 22:00,0,0,NAN,12.9049
10/28/2025 22:30,0,0,NAN,12.88926
10/28/2025 23:00,0,0,NAN,12.86694
10/28/2025 23:30,0,0,NAN,12.84647
10/29/2025 0:00,0,0,NAN,12.83021
10/29/2025 0:30,0,0,NAN,12.8157
10/29/2025 1:00,0,0,NAN,12.80224
10/29/2025 1:30,0,0,NAN,12.78999
10/29/2025 2:00,0,0,NAN,12.77759
10/29/2025 2:30,0,0,NAN,12.76699
10/29/2025 3:00,0,0,NAN,12.75987
10/29/2025 3:30,0,0,NAN,12.75115
10/29/2025 4:00,0,0,NAN,12.74038
10/29/2025 4:30,0,0,NAN,12.72712
10/29/2025 5:00,0,0,NAN,12.7211
10/29/2025 5:30,0,0,NAN,12.71351
10/29/2025 6:00,0,0,NAN,12.7066
10/29/2025 6:30,0,0,NAN,12.70053
10/29/2025 7:00,0,0,NAN,12.69664
10/29/2025 7:30,0,0,NAN,12.69238
10/29/2025 8:00,0,0.000455556,NAN,12.68695
10/29/2025 8:30,0.000622222,0.006355555,0.8813989,12.70121
10/29/2025 9:00,0.002055556,0.0171,0.8297327,12.78591
10/29/2025 9:30,0.003016667,0.02720555,0.8443811,12.87483
10/29/2025 10:00,0.00385,0.03718333,0.8569992,12.95681
10/29/2025 10:30,0.004,0.04547222,0.8774992,13.06305
10/29/2025 11:00,0.004694444,0.05274444,0.8767361,13.18626
10/29/2025 11:30,0.005,0.05895555,0.8819897,13.31181
10/29/2025 12:00,0.005683333,0.0642,0.8772468,13.45126
10/29/2025 12:30,0.006,0.06781667,0.8769314,13.73059
10/29/2025 13:00,0.006033333,0.06974445,0.8792564,13.82118
10/29/2025 13:30,0.006483333,0.07065,0.8720444,14.45787
10/29/2025 14:00,0.006316666,0.06977221,0.8733079,14.43122
10/29/2025 14:30,0.006,0.0677,0.8752943,14.40065
10/29/2025 15:00,0.006,0.06384444,0.8675244,14.36864
10/29/2025 15:30,0.005211111,0.05888333,0.8739108,14.34448
10/29/2025 16:00,0.004755555,0.05287778,0.8706794,14.329
10/29/2025 16:30,0.003994444,0.04540555,0.8712046,14.32498
10/29/2025 17:00,0.003077778,0.03691667,0.8746697,14.31663
10/29/2025 17:30,0.002122222,0.02540556,0.8679499,14.32676
10/29/2025 18:00,0.000644445,0.009761111,0.905044,14.33433
10/29/2025 18:30,0,0.001111111,NAN,13.41528
10/29/2025 19:00,0,0,NAN,13.17704
10/29/2025 19:30,0,0,NAN,13.07683
10/29/2025 20:00,0,0,NAN,13.03046
10/29/2025 20:30,0,0,NAN,12.99811
10/29/2025 21:00,0,0,NAN,12.97666
10/29/2025 21:30,0,0,NAN,12.95416
10/29/2025 22:00,0,0,NAN,12.93232
10/29/2025 22:30,0,0,NAN,12.91091
10/29/2025 23:00,0,0,NAN,12.89238
10/29/2025 23:30,0,0,NAN,12.87467
10/30/2025 0:00,0,0,NAN,12.8591
10/30/2025 0:30,0,0,NAN,12.84089
10/30/2025 1:00,0,0,NAN,12.82421
10/30/2025 1:30,0,0,NAN,12.812
10/30/2025 2:00,0,0,NAN,12.79911
10/30/2025 2:30,0,0,NAN,12.78656
10/30/2025 3:00,0,0,NAN,12.7752
10/30/2025 3:30,0,0,NAN,12.76797
10/30/2025 4:00,0,0,NAN,12.7612
10/30/2025 4:30,0,0,NAN,12.75511
10/30/2025 5:00,0,0,NAN,12.74682
10/30/2025 5:30,0,0,NAN,12.73793
10/30/2025 6:00,0,0,NAN,12.73013
10/30/2025 6:30,0,0,NAN,12.72256
10/30/2025 7:00,0,0,NAN,12.71872
10/30/2025 7:30,0,0,NAN,12.71542
10/30/2025 8:00,0,0.000461111,NAN,12.71008
10/30/2025 8:30,0.000611111,0.005977778,0.8754247,12.72317
10/30/2025 9:00,0.002211111,0.01675555,0.8108225,12.80789
10/30/2025 9:30,0.003194444,0.02695,0.8321325,12.89751
10/30/2025 10:00,0.004,0.03666111,0.8466245,12.9879
10/30/2025 10:30,0.004011111,0.04457222,0.8728476,13.1114
10/30/2025 11:00,0.00485,0.05181666,0.8687012,13.23485
10/30/2025 11:30,0.005166667,0.05836111,0.8756607,13.34997
10/30/2025 12:00,0.006,0.06362222,0.8679404,13.4858
10/30/2025 12:30,0.006222222,0.06766111,0.8710229,13.75143
10/30/2025 13:00,0.006994444,0.06989444,0.8602026,13.9361
10/30/2025 13:30,0.007,0.07097222,0.8617768,14.39503
10/30/2025 14:00,0.007,0.07013333,0.8597634,14.35531
10/30/2025 14:30,0.006538888,0.06812222,0.8642066,14.31903
,,,,
,,,,
,,,,
,,,,
,,,,
,,,,
,,,,
,,,,
,,,,
,,,,
,,,,
,,,,
,,,,
,,,,
,,,,
,,,,
,,,,
,,,,
,,,,
,,,,
,,,,
,,,,
,,,,
,,,,
,,,,
,,,,
,,,,
,,,,
,,,,
,,,,
,,,,
,,,,
,,,,
,,,,
,,,,
,,,,
,,,,
,,,,
,,,,
,,,,
,,,,
,,,,
,,,,
,,,,
,,,,
,,,,
,,,,
,,,,
,,,,
,,,,
,,,,
,,,,
,,,,
,,,,
,,,,
,,,,
,,,,
,,,,
,,,,
,,,,
,,,,
,,,,
,,,,
,,,,
,,,,
,,,,
,,,,
,,,,
,,,,
,,,,
,,,,
,,,,
,,,,
,,,,
,,,,
,,,,
,,,,
,,,,
,,,,
,,,,
,,,,
,,,,
,,,,
,,,,
,,,,
,,,,
,,,,
,,,,
,,,,
,,,,
,,,,
,,,,
,,,,
,,,,
,,,,
,,,,
,,,,
,,,,
,,,,
,,,,
,,,,
,,,,
,,,,
,,,,
,,,,
,,,,
,,,,
,,,,
,,,,
,,,,
,,,,
,,,,
,,,,
,,,,
,,,,
,,,,
,,,,
,,,,
,,,,
,,,,
,,,,
,,,,
,,,,
,,,,
,,,,
,,,,
,,,,
,,,,
,,,,
,,,,
,,,,
,,,,
,,,,
,,,,
,,,,
,,,,
,,,,
,,,,
,,,,
,,,,
,,,,
,,,,
,,,,
,,,,
,,,,
,,,,
,,,,
,,,,
,,,,
,,,,
,,,,
,,,,
,,,,
,,,,
,,,,
,,,,
,,,,
,,,,
,,,,
,,,,
,,,,
,,,,
,,,,
,,,,
,,,,
,,,,
,,,,
,,,,
,,,,
,,,,
,,,,
,,,,
,,,,
,,,,
,,,,
,,,,
,,,,
,,,,
,,,,
,,,,
,,,,
,,,,
,,,,
,,,,
,,,,
,,,,
,,,,
,,,,
,,,,
,,,,
,,,,
,,,,
,,,,
,,,,
,,,,
,,,,
,,,,
,,,,
,,,,
,,,,
,,,,
,,,,
,,,,
,,,,
,,,,
,,,,
,,,,
,,,,
,,,,
,,,,
,,,,
,,,,
,,,,
,,,,
,,,,
,,,,
,,,,
,,,,
,,,,
,,,,
,,,,
,,,,
,,,,
,,,,
,,,,
,,,,
,,,,
,,,,
,,,,
,,,,
,,,,
,,,,
,,,,
,,,,
,,,,
,,,,
,,,,
,,,,
,,,,
,,,,
,,,,
,,,,
,,,,
,,,,
,,,,
,,,,
,,,,
,,,,
,,,,
,,,,
,,,,
,,,,
,,,,
,,,,
,,,,
,,,,
